iter,k,h
0,1.0,1.0
0,1.09,1.09
0,1.18,1.18
0,1.27,1.27
0,1.36,1.36
0,1.45,1.45
0,1.54,1.54
0,1.63,1.63
0,1.72,1.72
0,1.81,1.81
0,1.9,1.9
0,1.99,1.99
0,2.08,2.08
0,2.17,2.17
0,2.26,2.26
0,2.35,2.35
0,2.44,2.44
0,2.53,2.53
0,2.62,2.62
0,2.71,2.71
0,2.8,2.8
0,2.89,2.89
0,2.98,2.98
0,3.07,3.07
0,3.16,3.16
0,3.25,3.25
0,3.34,3.34
0,3.43,3.43
0,3.52,3.52
0,3.61,3.61
0,3.7,3.7
0,3.79,3.79
0,3.88,3.88
0,3.97,3.97
0,4.06,4.06
0,4.15,4.15
0,4.24,4.24
0,4.33,4.33
0,4.42,4.42
0,4.51,4.51
0,4.6,4.6
0,4.69,4.69
0,4.78,4.78
0,4.87,4.87
0,4.96,4.96
0,5.05,5.05
0,5.14,5.14
0,5.23,5.23
0,5.32,5.32
0,5.41,5.41
0,5.5,5.5
0,5.59,5.59
0,5.68,5.68
0,5.77,5.77
0,5.86,5.86
0,5.95,5.95
0,6.04,6.04
0,6.13,6.13
0,6.22,6.22
0,6.31,6.31
0,6.4,6.4
0,6.49,6.49
0,6.58,6.58
0,6.67,6.67
0,6.76,6.76
0,6.85,6.85
0,6.94,6.94
0,7.03,7.03
0,7.12,7.12
0,7.21,7.21
0,7.3,7.3
0,7.39,7.39
0,7.48,7.48
0,7.57,7.57
0,7.66,7.66
0,7.75,7.75
0,7.84,7.84
0,7.93,7.93
0,8.02,8.02
0,8.11,8.11
0,8.2,8.2
0,8.29,8.29
0,8.38,8.38
0,8.47,8.47
0,8.56,8.56
0,8.65,8.65
0,8.74,8.74
0,8.83,8.83
0,8.92,8.92
0,9.01,9.01
0,9.1,9.1
0,9.19,9.19
0,9.28,9.28
0,9.37,9.37
0,9.46,9.46
0,9.55,9.55
0,9.64,9.64
0,9.73,9.73
0,9.82,9.82
0,9.91,9.91
0,10.0,10.0
1,1.0,0.8494278243237978
1,1.09,0.906213701361988
1,1.18,0.9623405254429802
1,1.27,1.017887488800355
1,1.36,1.0729194614145838
1,1.45,1.127490339680699
1,1.54,1.181645455990502
1,1.63,1.2354233514203223
1,1.72,1.2888571053151072
1,1.81,1.341975349638015
1,1.9,1.3948030545943364
1,1.99,1.4473621453659982
1,2.08,1.4996719921683497
1,2.17,1.5517498039391724
1,2.26,1.6036109477740252
1,2.35,1.6552692104776996
1,2.44,1.7067370145102954
1,2.53,1.75802559764958
1,2.62,1.8091451635254225
1,2.71,1.8601050085759372
1,2.8,1.9109136297702425
1,2.89,1.961578816529491
1,2.98,2.01210772957879
1,3.07,2.062506968922586
1,3.16,2.1127826327153625
1,3.25,2.1629403684690782
1,3.34,2.212985417777347
1,3.43,2.2629226555280404
1,3.52,2.3127566244089217
1,3.61,2.36249156537608
1,3.7,2.412131444645443
1,3.79,2.4616799776782723
1,3.88,2.5111406505582123
1,3.97,2.560516739096936
1,4.06,2.609811325955301
1,4.15,2.6590273160251914
1,4.24,2.708167450282287
1,4.33,2.757234318290741
1,4.42,2.8062303695159976
1,4.51,2.855157923581119
1,4.6,2.9040191795842287
1,4.69,2.9528162245795526
1,4.78,3.0015510413116417
1,4.87,3.050225515281233
1,4.96,3.098841441211719
1,5.05,3.1474005289769225
1,5.14,3.1959044090438073
1,5.23,3.2443546374775334
1,5.32,3.2927527005509303
1,5.41,3.3411000189957805
1,5.5,3.3893979519291784
1,5.59,3.4376478004846995
1,5.68,3.4858508111749185
1,5.77,3.534008179009068
1,5.86,3.582121050387203
1,5.95,3.6301905257900264
1,6.04,3.678217662281685
1,6.13,3.7262034758411056
1,6.22,3.7741489435359368
1,6.31,3.8220550055518534
1,6.4,3.8699225670887456
1,6.49,3.917752500134257
1,6.58,3.9655456451242173
1,6.67,4.013302812498581
1,6.76,4.06102478416079
1,6.85,4.10871231484775
1,6.94,4.156366133416978
1,7.03,4.203986944056948
1,7.12,4.251575427426132
1,7.21,4.299132241725767
1,7.3,4.346658023711017
1,7.39,4.394153389644719
1,7.48,4.441618936197703
1,7.57,4.489055241299214
1,7.66,4.536462864940801
1,7.75,4.58384234993673
1,7.84,4.631194222643721
1,7.93,4.678518993642665
1,8.02,4.725817158384694
1,8.11,4.773089197803875
1,8.2,4.820335578898601
1,8.29,4.867556755283575
1,8.38,4.9147531677142124
1,8.47,4.961925244585099
1,8.56,5.009073402404046
1,8.65,5.056198046243201
1,8.74,5.10329957016853
1,8.83,5.150378357648918
1,8.92,5.197434781946086
1,9.01,5.244469206486354
1,9.1,5.291481985215319
1,9.19,5.338473462936359
1,9.28,5.385443975633869
1,9.37,5.432393850782042
1,9.46,5.479323407640012
1,9.55,5.526232957534014
1,9.64,5.573122804127336
1,9.73,5.619993243678633
1,9.82,5.6668445652892245
1,9.91,5.713677051139968
1,10.0,5.760490976718205
2,1.0,0.7655282842847891
2,1.09,0.8103187067021272
2,1.18,0.8543668663795819
2,1.27,0.8977222761722605
2,1.36,0.9404856851654699
2,1.45,0.9827333487439572
2,1.54,1.0245144832712803
2,1.63,1.0658442803092152
2,1.72,1.106769740186655
2,1.81,1.147343455590491
2,1.9,1.187591950721603
2,1.99,1.2275063129395496
2,2.08,1.2671355368293635
2,2.17,1.3065064739497136
2,2.26,1.3456264810175926
2,2.35,1.3844926365046297
2,2.44,1.4231478982696801
2,2.53,1.4616037106332413
2,2.62,1.4998442539367411
2,2.71,1.5379024084068493
2,2.8,1.5757930035273024
2,2.89,1.6135090890254085
2,2.98,1.651059892005023
2,3.07,1.6884675816689312
2,3.16,1.725731042179202
2,3.25,1.762844273832476
2,3.34,1.7998335804579713
2,3.43,1.8367015012723968
2,3.52,1.8734326184712902
2,3.61,1.9100551740535194
2,3.7,1.946572924352291
2,3.79,1.982967690077089
2,3.88,2.019265537380879
2,3.97,2.0554703807043624
2,4.06,2.0915665093216385
2,4.15,2.127574396875
2,4.24,2.163499077132991
2,4.33,2.1993263601476327
2,4.42,2.235073380653441
2,4.51,2.2707454251954315
2,4.6,2.3063291152731096
2,4.69,2.341839902376552
2,4.78,2.377282703548618
2,4.87,2.412644420386605
2,4.96,2.4479400404746503
2,5.05,2.4831736668431668
2,5.14,2.5183320836773486
2,5.23,2.553430712202279
2,5.32,2.588472527332144
2,5.41,2.623443899647572
2,5.5,2.658361342093392
2,5.59,2.693225654885256
2,5.68,2.728025062226524
2,5.77,2.7627751610304228
2,5.86,2.7974746214913297
2,5.95,2.832115274484928
2,6.04,2.8667102308813233
2,6.13,2.9012565026091974
2,6.22,2.9357496306891906
2,6.31,2.970200262158982
2,6.4,3.004603730383172
2,6.49,3.03895932510719
2,6.58,3.073275273442572
2,6.67,3.1075452310203113
2,6.76,3.1417722272816095
2,6.85,3.1759621283226958
2,6.94,3.210106928485762
2,7.03,3.2442133531811423
2,7.12,3.278284976478751
2,7.21,3.3123121593019715
2,7.3,3.3463052542964142
2,7.39,3.3802644053853
2,7.48,3.4141820168410475
2,7.57,3.4480683414381548
2,7.66,3.481920583856659
2,7.75,3.515735639176977
2,7.84,3.5495211561047024
2,7.93,3.583272359132641
2,8.02,3.616990451371327
2,8.11,3.6506805993999705
2,8.2,3.6843361289795373
2,8.29,3.717962370679758
2,8.38,3.751562126317842
2,8.47,3.785126902792377
2,8.56,3.818665981363803
2,8.65,3.8521780418348777
2,8.74,3.885658459223188
2,8.83,3.9191146844167637
2,8.92,3.9525431018436765
2,9.01,3.9859434816415047
2,9.1,4.019320826452945
2,9.19,4.052669573297149
2,9.28,4.085993675109488
2,9.37,4.119295811186191
2,9.46,4.152568564003414
2,9.55,4.185819867853986
2,9.64,4.21904837532748
2,9.73,4.252250365311234
2,9.82,4.285432099666706
2,9.91,4.318589980431937
2,10.0,4.3517245329264655
3,1.0,0.7100690996481359
3,1.09,0.7487998763644901
3,1.18,0.7867208196859228
3,1.27,0.8239684952731062
3,1.36,0.8606167173870526
3,1.45,0.8967216571858717
3,1.54,0.9323304504970612
3,1.63,0.9674786932723087
3,1.72,1.0021975201034667
3,1.81,1.0365490571483302
3,1.9,1.0705541050714724
3,1.99,1.1042350488656028
3,2.08,1.1376115432208562
3,2.17,1.1706933702686892
3,2.26,1.2035199648794361
3,2.35,1.2361029461743176
3,2.44,1.268454376073324
3,2.53,1.300576247037903
3,2.62,1.3324924537728264
3,2.71,1.3642157628129765
3,2.8,1.3957550679336486
3,2.89,1.42711547112167
3,2.98,1.4583006139973123
3,3.07,1.489330483126088
3,3.16,1.5202110519580994
3,3.25,1.5509446322352856
3,3.34,1.581528233801121
3,3.43,1.6119842996470501
3,3.52,1.6423157103734831
3,3.61,1.6725222219360607
3,3.7,1.7026001527350239
3,3.79,1.7325713735204247
3,3.88,1.76243658614893
3,3.97,1.792192314268981
3,4.06,1.8218378015343508
3,4.15,1.8513921807254332
3,4.24,1.880855451529529
3,4.33,1.9102206697307826
3,4.42,1.9394911286786827
3,4.51,1.9686822465225375
3,4.6,1.9977944060117503
3,4.69,2.0268174516345643
3,4.78,2.0557589146354496
3,4.87,2.0846303980605607
3,4.96,2.1134328679009506
3,5.05,2.1421523400340474
3,5.14,2.1708022420748025
3,5.23,2.199389774095197
3,5.32,2.2279166027044814
3,5.41,2.2563644949070714
3,5.5,2.2847537392427193
3,5.59,2.31308693288029
3,5.68,2.3413627479266363
3,5.77,2.3695697033025445
3,5.86,2.397724109026326
3,5.95,2.4258278509889615
3,6.04,2.4538756860524855
3,6.13,2.4818654897036176
3,6.22,2.5098068564062093
3,6.31,2.5377022925622987
3,6.4,2.5655427182091555
3,6.49,2.593334879641096
3,6.58,2.621081785636451
3,6.67,2.6487831795674004
3,6.76,2.676437445652518
3,6.85,2.7040488384769894
3,6.94,2.7316176363094007
3,7.03,2.7591407030054182
3,7.12,2.7866241158066387
3,7.21,2.814069083794381
3,7.3,2.841471704761161
3,7.39,2.8688328167118953
3,7.48,2.8961588237974922
3,7.57,2.9234497795776906
3,7.66,2.950697099755803
3,7.75,2.9779100539338055
3,7.84,3.0050905666091103
3,7.93,3.032236140597282
3,8.02,3.0593416246520744
3,8.11,3.0864169819314844
3,8.2,3.1134626148796496
3,8.29,3.140470318201458
3,8.38,3.167445990440677
3,8.47,3.194393136597906
3,8.56,3.2213109322272433
3,8.65,3.248192443755227
3,8.74,3.2750464578384584
3,8.83,3.301873777539824
3,8.92,3.328669786319366
3,9.01,3.3554358767197945
3,9.1,3.3821754848409578
3,9.19,3.408888031468102
3,9.28,3.435571839201916
3,9.37,3.462229975036478
3,9.46,3.488862258390315
3,9.55,3.5154657230707134
3,9.64,3.5420453557415987
3,9.73,3.5686015648830596
3,9.82,3.5951299485513903
3,9.91,3.6216339339955046
3,10.0,3.6481158802982487
4,1.0,0.6707554195111219
4,1.09,0.7058563412393448
4,1.18,0.7401797118336891
4,1.27,0.773814757613627
4,1.36,0.8068342962159041
4,1.45,0.8392854794774564
4,1.54,0.871207475048633
4,1.63,0.9026820282154105
4,1.72,0.9337453810408286
4,1.81,0.9644289198136449
4,1.9,0.994760496371906
4,1.99,1.0247643945800435
4,2.08,1.0544348449982712
4,2.17,1.0838217062781426
4,2.26,1.1129471243300908
4,2.35,1.1418260062286194
4,2.44,1.1704710071759878
4,2.53,1.1988878995647665
4,2.62,1.2270765430868462
4,2.71,1.2550711044626721
4,2.8,1.2828810240028816
4,2.89,1.3105144902957697
4,2.98,1.337978586679077
4,3.07,1.3652586407444887
4,3.16,1.3923865895141598
4,3.25,1.4193706168734017
4,3.34,1.446215899318141
4,3.43,1.4729268013154537
4,3.52,1.499485771477565
4,3.61,1.5259235329197358
4,3.7,1.55224525554423
4,3.79,1.5784541568172574
4,3.88,1.6045503773960816
4,3.97,1.6305206900869442
4,4.06,1.6563923548840493
4,4.15,1.6821681905206924
4,4.24,1.7078501222009805
4,4.33,1.7334310049102148
4,4.42,1.7589112550271526
4,4.51,1.7843078600011277
4,4.6,1.809623878652072
4,4.69,1.8348607906194414
4,4.78,1.8600030563506376
4,4.87,1.8850663451218799
4,4.96,1.9100571529930424
4,5.05,1.934979047837596
4,5.14,1.9598276221027793
4,5.23,1.984597566142154
4,5.32,2.009300484227528
4,5.41,2.0339398214031648
4,5.5,2.0585188295708066
4,5.59,2.083028287709764
4,5.68,2.1074746676605494
4,5.77,2.1318616978519733
4,5.86,2.1561929303107688
4,5.95,2.180464182652394
4,6.04,2.204681195613942
4,6.13,2.228842797328056
4,6.22,2.2529495802675497
4,6.31,2.27700396150965
4,6.4,2.301006017440984
4,6.49,2.324961671599969
4,6.58,2.34886975095513
4,6.67,2.372726035800872
4,6.76,2.3965316936697416
4,6.85,2.4202956689391635
4,6.94,2.444017565977219
4,7.03,2.4676967953536546
4,7.12,2.491323103844846
4,7.21,2.5149102086108326
4,7.3,2.538459491701395
4,7.39,2.5619714665916873
4,7.48,2.58543556776864
4,7.57,2.6088607102848504
4,7.66,2.632249921414944
4,7.75,2.655603995452257
4,7.84,2.6789178700671914
4,7.93,2.7021935133938153
4,8.02,2.7254355075350065
4,8.11,2.748644715169144
4,8.2,2.771817379428657
4,8.29,2.7949527625234873
4,8.38,2.8180569114054927
4,8.47,2.841130846531558
4,8.56,2.8641720318369024
4,8.65,2.8871779716077106
4,8.74,2.9101536045757017
4,8.83,2.933100016124241
4,8.92,2.9560166972125193
4,9.01,2.978902288083124
4,9.1,3.001758432393706
4,9.19,3.02458592684653
4,9.28,3.047385228353048
4,9.37,3.0701553752995094
4,9.46,3.092899879345026
4,9.55,3.11561811758964
4,9.64,3.1383065950370566
4,9.73,3.160967764460359
4,9.82,3.183605921787967
4,9.91,3.206220189352216
4,10.0,3.2288064412219986
5,1.0,0.6418987411889685
5,1.09,0.6745987474683709
5,1.18,0.7065120202486724
5,1.27,0.7377230937833661
5,1.36,0.7683168584029174
5,1.45,0.7983614296790633
5,1.54,0.8279082272026121
5,1.63,0.8570010668194908
5,1.72,0.8856777374208906
5,1.81,0.9139550327816907
5,1.9,0.9418544452853455
5,1.99,0.9694258632604731
5,2.08,0.9966946383042362
5,2.17,1.0236810004324097
5,2.26,1.050402232463018
5,2.35,1.076873437450964
5,2.44,1.1030921346216689
5,2.53,1.1290710799741226
5,2.62,1.1548416467606695
5,2.71,1.1804159187994172
5,2.8,1.2058034910210966
5,2.89,1.2310130651636009
5,2.98,1.2560444278722316
5,3.07,1.280891022110726
5,3.16,1.3055833420565708
5,3.25,1.330129602146021
5,3.34,1.3545359776298767
5,3.43,1.3788077897298605
5,3.52,1.402938786005329
5,3.61,1.4269285194993813
5,3.7,1.4507980531602687
5,3.79,1.474553990528041
5,3.88,1.49820035223457
5,3.97,1.5217380100654259
5,4.06,1.545159110502552
5,4.15,1.56847257851914
5,4.24,1.5916881922477126
5,4.33,1.6148126288561309
5,4.42,1.6378485251446961
5,4.51,1.6607867217749142
5,4.6,1.6836352281416636
5,4.69,1.7063974827118231
5,4.78,1.7290781206158987
5,4.87,1.7516831567445783
5,4.96,1.7742066287986198
5,5.05,1.7966555159118307
5,5.14,1.819028838858319
5,5.23,1.841329170428095
5,5.32,1.8635618472723499
5,5.41,1.8857231089249686
5,5.5,1.9078193926063722
5,5.59,1.9298534799990412
5,5.68,1.9518247342758366
5,5.77,1.9737331328780698
5,5.86,1.9955767262973068
5,5.95,2.0173624533145764
5,6.04,2.0390949314736773
5,6.13,2.0607735328959085
5,6.22,2.082396618114174
5,6.31,2.1039591689155475
5,6.4,2.1254703232060494
5,6.49,2.1469333118615106
5,6.58,2.168348523995921
5,6.67,2.1897150382361272
5,6.76,2.2110276456110878
5,6.85,2.2322948492967827
5,6.94,2.253517303233837
5,7.03,2.274695869242876
5,7.12,2.2958295047821093
5,7.21,2.316914644422717
5,7.3,2.337960407164554
5,7.39,2.3589671842676228
5,7.48,2.3799348174944575
5,7.57,2.400857304543887
5,7.66,2.4217365623043623
5,7.75,2.4425798731834103
5,7.84,2.463388343417928
5,7.93,2.4841621979476023
5,8.02,2.504895098119106
5,8.11,2.525588149971661
5,8.2,2.546246735039317
5,8.29,2.5668733896873923
5,8.38,2.5874671793948174
5,8.47,2.6080255265339978
5,8.56,2.628549178960324
5,8.65,2.649039991245888
5,8.74,2.669500319972479
5,8.83,2.689927472176857
5,8.92,2.7103240851639674
5,9.01,2.7306907725744476
5,9.1,2.7510274927092504
5,9.19,2.771334392158697
5,9.28,2.7916090447946664
5,9.37,2.811857343230007
5,9.46,2.832078554537986
5,9.55,2.8522720993486317
5,9.64,2.8724342189969323
5,9.73,2.892569029104329
5,9.82,2.9126795008725495
5,9.91,2.93276548642059
5,10.0,2.9528261879703663
6,1.0,0.6200849786147531
6,1.09,0.6510878578186379
6,1.18,0.6813131950143396
6,1.27,0.7108352011150532
6,1.36,0.7397463255359454
6,1.45,0.7681078708880198
6,1.54,0.7959646674674344
6,1.63,0.8233563673367126
6,1.72,0.8503268954188772
6,1.81,0.8769154575863105
6,1.9,0.9031517470814664
6,1.99,0.9290611546233463
6,2.08,0.9546614898792156
6,2.17,0.9799605521646513
6,2.26,1.0049853229993881
6,2.35,1.0297512325565878
6,2.44,1.0542787337846289
6,2.53,1.0785849586749487
6,2.62,1.1026820977910756
6,2.71,1.126580856420929
6,2.8,1.1502765456710782
6,2.89,1.173785981001907
6,2.98,1.1971149909488015
6,3.07,1.2202773107483376
6,3.16,1.2432848428050935
6,3.25,1.2661446693825413
6,3.34,1.2888597490137113
6,3.43,1.3114270627525848
6,3.52,1.33385905613911
6,3.61,1.3561583987556831
6,3.7,1.378332889973699
6,3.79,1.4003913862217034
6,3.88,1.422338532003637
6,3.97,1.4441655506471482
6,4.06,1.4658882147853776
6,4.15,1.4875056226654506
6,4.24,1.5090208329436037
6,4.33,1.5304390158681798
6,4.42,1.5517641660369657
6,4.51,1.5729919393049498
6,4.6,1.5941356585096849
6,4.69,1.6151935761222909
6,4.78,1.6361674307423555
6,4.87,1.6570610117354323
6,4.96,1.6778722895584006
6,5.05,1.6986025678787349
6,5.14,1.7192623013332908
6,5.23,1.7398510522925426
6,5.32,1.7603698177597669
6,5.41,1.7808218241979659
6,5.5,1.8011986565731093
6,5.59,1.8215094634927602
6,5.68,1.8417588420454036
6,5.77,1.8619473292233701
6,5.86,1.8820752806029761
6,5.95,1.9021424418641264
6,6.04,1.922148795888105
6,6.13,1.942100325469793
6,6.22,1.961997627440836
6,6.31,1.9818410267158648
6,6.4,2.0016301976703805
6,6.49,2.021360932582826
6,6.58,2.0410444029118566
6,6.67,2.060680939191102
6,6.76,2.0802706414625507
6,6.85,2.099813308179866
6,6.94,2.119300229060266
6,7.03,2.1387412443519467
6,7.12,2.1581399646487562
6,7.21,2.1774972681094935
6,7.3,2.1968136009577126
6,7.39,2.216084881625959
6,7.48,2.2353091665964575
6,7.57,2.2544940933713633
6,7.66,2.2736408953911154
6,7.75,2.292750154893988
6,7.84,2.3118198297633463
6,7.93,2.330848137356682
6,8.02,2.349838136145568
6,8.11,2.3687923741945176
6,8.2,2.3877131919285968
6,8.29,2.406599182982468
6,8.38,2.4254479702166507
6,8.47,2.444261551114539
6,8.56,2.463040440345584
6,8.65,2.4817861732874507
6,8.74,2.500500260318812
6,8.83,2.5191806191571304
6,8.92,2.5378318387444367
6,9.01,2.5564523248137663
6,9.1,2.5750411555185724
6,9.19,2.5935974362356746
6,9.28,2.6121211650601377
6,9.37,2.6306180185570804
6,9.46,2.649088020426526
6,9.55,2.6675308557896313
6,9.64,2.6859442700642298
6,9.73,2.7043260160521405
6,9.82,2.7226813679131845
6,9.91,2.7410112382425074
6,10.0,2.759315975188413
7,1.0,0.6032594305269837
7,1.09,0.6330087034069767
7,1.18,0.6619860758675171
7,1.27,0.6902769123738849
7,1.36,0.7179524053357992
7,1.45,0.7450764774807246
7,1.54,0.7716852024351691
7,1.63,0.7978424241840492
7,1.72,0.823586325787488
7,1.81,0.8489475858437973
7,1.9,0.8739497193897238
7,1.99,0.8986184648897637
7,2.08,0.9229781847740035
7,2.17,0.9470494193726153
7,2.26,0.9708525626684632
7,2.35,0.9944022384332905
7,2.44,1.0177023976513333
7,2.53,1.040781146642967
7,2.62,1.0636439056917262
7,2.71,1.086302564900333
7,2.8,1.1087678361058009
7,2.89,1.1310489622922364
7,2.98,1.1531568480418601
7,3.07,1.1750943746937808
7,3.16,1.1968688027450651
7,3.25,1.2184933870879027
7,3.34,1.2399707435187683
7,3.43,1.2613071650491003
7,3.52,1.282509410967689
7,3.61,1.303581773681786
7,3.7,1.3245234374766803
7,3.79,1.3453422991273825
7,3.88,1.3660492490100906
7,3.97,1.3866436322066809
7,4.06,1.407129798088269
7,4.15,1.4275141223964807
7,4.24,1.4477980779368431
7,4.33,1.4679729281123186
7,4.42,1.4880546418157876
7,4.51,1.5080466905877157
7,4.6,1.5279497527729633
7,4.69,1.547766308608584
7,4.78,1.5675024531084125
7,4.87,1.5871507817381743
7,4.96,1.6067180066768676
7,5.05,1.6262099422150214
7,5.14,1.6456273677438085
7,5.23,1.6649710718937016
7,5.32,1.6842429417871105
7,5.41,1.7034428180170686
7,5.5,1.72257409638192
7,5.59,1.7416413075001473
7,5.68,1.7606463201989073
7,5.77,1.779589169334233
7,5.86,1.7984679194636222
7,5.95,1.8172810320643875
7,6.04,1.8360360811106227
7,6.13,1.8547360894403735
7,6.22,1.873381829868936
7,6.31,1.8919739413217997
7,6.4,1.9105128937071707
7,6.49,1.9289910577705842
7,6.58,1.9474198559830673
7,6.67,1.9658003749645798
7,6.76,1.9841332624741028
7,6.85,2.002419042115062
7,6.94,2.020655958241183
7,7.03,2.0388381185231226
7,7.12,2.0569775081984867
7,7.21,2.0750750742335478
7,7.3,2.0931312897987686
7,7.39,2.1111465567082006
7,7.48,2.129116595372178
7,7.57,2.1470389327293984
7,7.66,2.1649208800990887
7,7.75,2.1827647260661642
7,7.84,2.2005717876295643
7,7.93,2.218341961596106
7,8.02,2.23607116324696
7,8.11,2.253762974910881
7,8.2,2.271416910764544
7,8.29,2.2890344742476976
7,8.38,2.3066184254819135
7,8.47,2.324165854413834
7,8.56,2.3416790351425694
7,8.65,2.359159347782513
7,8.74,2.3766063408288876
7,8.83,2.394020156854519
7,8.92,2.4114009206025293
7,9.01,2.4287472360170037
7,9.1,2.4460647064357297
7,9.19,2.4633531492308274
7,9.28,2.4806120726533005
7,9.37,2.4978408978135658
7,9.46,2.515036135780987
7,9.55,2.5322020854400464
7,9.64,2.549340328015224
7,9.73,2.566451592493863
7,9.82,2.5835363267008664
7,9.91,2.6005910113474187
7,10.0,2.6176187294720044
8,1.0,0.5900909702793119
8,1.09,0.6188862100278292
8,1.18,0.6469088200826504
8,1.27,0.6742457039458654
8,1.36,0.7009769437813048
8,1.45,0.7271628888104597
8,1.54,0.7528531752887996
8,1.63,0.7780888128506879
8,1.72,0.8029012357017175
8,1.81,0.8273196039763836
8,1.9,0.8513845960280678
8,1.99,0.875122503084912
8,2.08,0.8985551098090756
8,2.17,0.9216982452657538
8,2.26,0.9445714991010117
8,2.35,0.9671937466763577
8,2.44,0.9895771322784787
8,2.53,1.0117351551168159
8,2.62,1.0336715757492938
8,2.71,1.055399180809613
8,2.8,1.0769366922285002
8,2.89,1.0982911975515315
8,2.98,1.1194703943866968
8,3.07,1.140483569557549
8,3.16,1.1613394476937244
8,3.25,1.18204320337687
8,3.34,1.202593686334557
8,3.43,1.2229995892682521
8,3.52,1.243272033675896
8,3.61,1.2634137603279842
8,3.7,1.2834295588138258
8,3.79,1.3033259587193402
8,3.88,1.3231092183936792
8,3.97,1.342777395804193
8,4.06,1.3623302682172198
8,4.15,1.3817812860601848
8,4.24,1.4011330494444
8,4.33,1.4203848888584503
8,4.42,1.439538962326296
8,4.51,1.458602920475882
8,4.6,1.4775748839253653
8,4.69,1.4964559223259828
8,4.78,1.5152540419073912
8,4.87,1.5339728700440267
8,4.96,1.5526127262477496
8,5.05,1.5711733957464102
8,5.14,1.5896587533976827
8,5.23,1.6080643290227936
8,5.32,1.6263992322633765
8,5.41,1.6446654472879396
8,5.5,1.6628644960052836
8,5.59,1.680997609340482
8,5.68,1.699065687934907
8,5.77,1.7170661265444644
8,5.86,1.7350035166585198
8,5.95,1.752882981161876
8,6.04,1.77070532117852
8,6.13,1.7884707516996046
8,6.22,1.8061790945986116
8,6.31,1.823826951620742
8,6.4,1.8414173959387556
8,6.49,1.8589572889301376
8,6.58,1.876447574299845
8,6.67,1.8938890326529825
8,6.76,1.9112823842603048
8,6.85,1.9286261104825684
8,6.94,1.9459128302398998
8,7.03,1.9631545264751513
8,7.12,1.9803524797478
8,7.21,1.9975074284732957
8,7.3,2.0146200066733027
8,7.39,2.0316886405478125
8,7.48,2.0487103173193395
8,7.57,2.065686971074996
8,7.66,2.082622983055639
8,7.75,2.099521116853178
8,7.84,2.116382031519549
8,7.93,2.133203623212755
8,8.02,2.1499857810774405
8,8.11,2.1667299396159376
8,8.2,2.183435252897476
8,8.29,2.2001029116070616
8,8.38,2.2167358515953404
8,8.47,2.2333319535892375
8,8.56,2.2498937088364483
8,8.65,2.2664232568001856
8,8.74,2.2829195499257726
8,8.83,2.299382424353096
8,8.92,2.315813459146317
8,9.01,2.3322076720741807
8,9.1,2.348570379766259
8,9.19,2.364903551964236
8,9.28,2.381206957180656
8,9.37,2.3974802466528162
8,9.46,2.4137236058667635
8,9.55,2.4299349451099084
8,9.64,2.4461181734664637
8,9.73,2.462273498475869
8,9.82,2.4784011358171334
8,9.91,2.4945011884488753
8,10.0,2.5105703163637685
9,1.0,0.5796382707868403
9,1.09,0.6076885779349699
9,1.18,0.6349758029382941
9,1.27,0.6615862602904622
9,1.36,0.6875894463623947
9,1.45,0.7130425403496353
9,1.54,0.7379974014365294
9,1.63,0.7625022463710892
9,1.72,0.7865948023300904
9,1.81,0.8103070029829265
9,1.9,0.8336629850767187
9,1.99,0.8566771344588252
9,2.08,0.8793878354927462
9,2.17,0.9018135837995116
9,2.26,0.9239719975033235
9,2.35,0.9458758935111604
9,2.44,0.9675384637450721
9,2.53,0.9889751754134954
9,2.62,1.0102006353985475
9,2.71,1.0312247115389142
9,2.8,1.0520535240876483
9,2.89,1.0726901670092084
9,2.98,1.093154953871739
9,3.07,1.1134549005500214
9,3.16,1.1335941859710001
9,3.25,1.1535787901027503
9,3.34,1.1734167852841286
9,3.43,1.1931158729238873
9,3.52,1.2126799178318541
9,3.61,1.2321026613820028
9,3.7,1.251402336795687
9,3.79,1.2705843056622077
9,3.88,1.2896507557872459
9,3.97,1.3086033316281513
9,4.06,1.3274460366492797
9,4.15,1.346186403058502
9,4.24,1.3648217443116264
9,4.33,1.3833539624530597
9,4.42,1.4017907062231731
9,4.51,1.4201366274728051
9,4.6,1.4383938513087835
9,4.69,1.4565633450281201
9,4.78,1.4746472578768341
9,4.87,1.4926464253597378
9,4.96,1.5105633570247003
9,5.05,1.5284042320377877
9,5.14,1.546169988564728
9,5.23,1.5638626323228668
9,5.32,1.581483464750068
9,5.41,1.5990319082015847
9,5.5,1.616507927529132
9,5.59,1.6339161887159723
9,5.68,1.651261024376096
9,5.77,1.668543730171327
9,5.86,1.6857654650807476
9,5.95,1.7029268789358256
9,6.04,1.7200268732418882
9,6.13,1.7370617711348324
9,6.22,1.7540424040605194
9,6.31,1.7709697243905855
9,6.4,1.7878444459989864
9,6.49,1.804667111728969
9,6.58,1.8214379857269667
9,6.67,1.8381508262797361
9,6.76,1.8548099844371786
9,6.85,1.871421982349496
9,6.94,1.887988146141938
9,7.03,1.9045092645891393
9,7.12,1.9209860705111839
9,7.21,1.937417238957919
9,7.3,1.9537998114609194
9,7.39,1.970134758379745
9,7.48,1.986426779320127
9,7.57,2.0026786511078667
9,7.66,2.0188911855872567
9,7.75,2.035064360798415
9,7.84,2.0511943721372314
9,7.93,2.0672857505594395
9,8.02,2.0833375040143993
9,8.11,2.0993499806993823
9,8.2,2.1153246134781254
9,8.29,2.131263533670098
9,8.38,2.147163316422183
9,8.47,2.163029765890387
9,8.56,2.1788622486895686
9,8.65,2.194660669738993
9,8.74,2.210425431507994
9,8.83,2.226157342825633
9,8.92,2.2418509214756672
9,9.01,2.2575119679113715
9,9.1,2.273142222581101
9,9.19,2.2887416564855516
9,9.28,2.304310238333994
9,9.37,2.3198492037320615
9,9.46,2.33535545718266
9,9.55,2.350832880217771
9,9.64,2.366281728106427
9,9.73,2.381702589591578
9,9.82,2.3970953778858406
9,9.91,2.412457888561643
9,10.0,2.4277891120026776
10,1.0,0.5712722703241928
10,1.09,0.5987328424933848
10,1.18,0.6254303561328356
10,1.27,0.6514538942895878
10,1.36,0.6768763106461021
10,1.45,0.7017572371482447
10,1.54,0.7261456884688342
10,1.63,0.7500806343721625
10,1.72,0.7735986864454734
10,1.81,0.7967382636831877
10,1.9,0.8195269855084305
10,1.99,0.8419895020867759
10,2.08,0.8641427016561559
10,2.17,0.8859978373523109
10,2.26,0.9075857686328432
10,2.35,0.9289237027447211
10,2.44,0.9500256663310885
10,2.53,0.9709030074750542
10,2.62,0.9915648400917408
10,2.71,1.0120228162769902
10,2.8,1.0322910418333808
10,2.89,1.052378065421141
10,2.98,1.0722872995832824
10,3.07,1.0920200900855161
10,3.16,1.111594666875733
10,3.25,1.131018582103103
10,3.34,1.150297584123869
10,3.43,1.1694337138558195
10,3.52,1.1884318193366818
10,3.61,1.2073021375917485
10,3.7,1.2260497803114527
10,3.79,1.2446685958069912
10,3.88,1.2631697625962333
10,3.97,1.2815589227099629
10,4.06,1.2998413658162948
10,4.15,1.318019508001648
10,4.24,1.336094657985512
10,4.33,1.3540698427517628
10,4.42,1.3719487441691485
10,4.51,1.389728881241296
10,4.6,1.4074209359100665
10,4.69,1.4250266734541177
10,4.78,1.442548180173611
10,4.87,1.4599873075744865
10,4.96,1.4773457513321786
10,5.05,1.494625776667952
10,5.14,1.5118243202273227
10,5.23,1.5289492495062047
10,5.32,1.5460035237486052
10,5.41,1.562988675264704
10,5.5,1.5799056514669103
10,5.59,1.5967550301956948
10,5.68,1.6135376052083443
10,5.77,1.6302497081958087
10,5.86,1.6469004914317344
10,5.95,1.6634922278590334
10,6.04,1.6800260917093095
10,6.13,1.6965030947330495
10,6.22,1.712923908331372
10,6.31,1.7292880375339574
10,6.4,1.7455868880653314
10,6.49,1.7618346271335346
10,6.58,1.778032267278327
10,6.67,1.7941806384582026
10,6.76,1.8102804859920834
10,6.85,1.8263324729996162
10,6.94,1.842334304489184
10,7.03,1.8582813640182319
10,7.12,1.8741805202262003
10,7.21,1.8900349875733315
10,7.3,1.905846682387527
10,7.39,1.9216164816099919
10,7.48,1.9373450813590494
10,7.57,1.9530278897034272
10,7.66,1.9686692873258351
10,7.75,1.984268688607961
10,7.84,1.9998263485920915
10,7.93,2.015343723134705
10,8.02,2.0308230747401756
10,8.11,2.0462633485113666
10,8.2,2.061665468569553
10,8.29,2.07703222575598
10,8.38,2.092362420581947
10,8.47,2.107656623785649
10,8.56,2.1229164872825734
10,8.65,2.138140701823081
10,8.74,2.1533264410295976
10,8.83,2.1684789975845824
10,8.92,2.1835995081530455
10,9.01,2.1986875539466215
10,9.1,2.2137431363817024
10,9.19,2.2287689823884986
10,9.28,2.243760416371149
10,9.37,2.2587218233080213
10,9.46,2.273653774150326
10,9.55,2.288556742731373
10,9.64,2.3034301726429938
10,9.73,2.3182721470874723
10,9.82,2.3330824613296532
10,9.91,2.347864860435975
10,10.0,2.362620443634317
11,1.0,0.5645015448423669
11,1.09,0.591490765071038
11,1.18,0.6177230135021342
11,1.27,0.643282702321859
11,1.36,0.66823999960134
11,1.45,0.6926566276538524
11,1.54,0.7165838911540818
11,1.63,0.7400643623499776
11,1.72,0.7631333488137856
11,1.81,0.7858191295000059
11,1.9,0.8081491913026364
11,1.99,0.8301539345643032
11,2.08,0.8518558871628598
11,2.17,0.8732743949710035
11,2.26,0.8944176648097033
11,2.35,0.9153033991832548
11,2.44,0.9359517816894788
11,2.53,0.9563778088865388
11,2.62,0.9765934196273152
11,2.71,0.9966074716079204
11,2.8,1.0164267617242215
11,2.89,1.0360604505210536
11,2.98,1.0555213824975378
11,3.07,1.0748176721532445
11,3.16,1.0939496502106987
11,3.25,1.1129233450007503
11,3.34,1.1317501435506727
11,3.43,1.1504381314303975
11,3.52,1.1689934857927222
11,3.61,1.1874182837603948
11,3.7,1.2057152192690892
11,3.79,1.2238916888614386
11,3.88,1.2419526886610806
11,3.97,1.2598930517480054
11,4.06,1.277726267308293
11,4.15,1.2954548454562926
11,4.24,1.3130818087859202
11,4.33,1.3306104366674778
11,4.42,1.348042831901002
11,4.51,1.3653803947797525
11,4.6,1.3826287034400035
11,4.69,1.3997831241403684
11,4.78,1.4168540327198853
11,4.87,1.4338434735856231
11,4.96,1.4507533686518568
11,5.05,1.4675857111418313
11,5.14,1.4843417743544511
11,5.23,1.5010214126329096
11,5.32,1.5176244195201911
11,5.41,1.5341560884464114
11,5.5,1.5506207070098783
11,5.59,1.5670195413082366
11,5.68,1.583353669271197
11,5.77,1.5996241032773262
11,5.86,1.6158316176794232
11,5.95,1.631970901718288
11,6.04,1.6480482112382833
11,6.13,1.6640690748343896
11,6.22,1.6800346801766413
11,6.31,1.6959460795916956
11,6.4,1.711804212597161
11,6.49,1.727609827718893
11,6.58,1.7433596066357757
11,6.67,1.7590485153636695
11,6.76,1.7746883939107525
11,6.85,1.7902809707134437
11,6.94,1.8058270854615046
11,7.03,1.8213275143240883
11,7.12,1.8367829890527756
11,7.21,1.8521900319189935
11,7.3,1.8675499475811155
11,7.39,1.8828626127443806
11,7.48,1.89813055516846
11,7.57,1.9133563800284143
11,7.66,1.9285417361037556
11,7.75,1.943687709774031
11,7.84,1.9587899431868627
11,7.93,1.9738543922113168
11,8.02,1.9888792062543614
11,8.11,2.0038655034242843
11,8.2,2.0188145636869885
11,8.29,2.0337264236374155
11,8.38,2.0485990048134775
11,8.47,2.063432907918901
11,8.56,2.078232497118662
11,8.65,2.092997699042318
11,8.74,2.1077287765281163
11,8.83,2.1224266221588346
11,8.92,2.1370927045621078
11,9.01,2.1517218014004214
11,9.1,2.1663189463217845
11,9.19,2.1808852832377257
11,9.28,2.195420771021368
11,9.37,2.209924683012683
11,9.46,2.224396381941321
11,9.55,2.238836366708195
11,9.64,2.2532460001470835
11,9.73,2.267627176018855
11,9.82,2.2819800165091597
11,9.91,2.2963053439474885
11,10.0,2.310603745124568
12,1.0,0.5589933547935662
12,1.09,0.585598228981836
12,1.18,0.6114492811909847
12,1.27,0.636632644048147
12,1.36,0.6612183455729057
12,1.45,0.6852634862168466
12,1.54,0.7088170343636002
12,1.63,0.731923697542468
12,1.72,0.7546217013863415
12,1.81,0.7769430349078648
12,1.9,0.7989130388201287
12,1.99,0.8205534489676273
12,2.08,0.841887806099901
12,2.17,0.8629384504789998
12,2.26,0.8837238693326384
12,2.35,0.9042568442275382
12,2.44,0.9245439017068855
12,2.53,0.944606274389752
12,2.62,0.9644556344978443
12,2.71,0.9841047262354446
12,2.8,1.003564167865552
12,2.89,1.0228409111469654
12,2.98,1.0419410799077455
12,3.07,1.060872919554354
12,3.16,1.079646058918693
12,3.25,1.0982672701963243
12,3.34,1.1167344760136877
12,3.43,1.1350620064628243
12,3.52,1.153254113533233
12,3.61,1.171316844867302
12,3.7,1.1892556870296265
12,3.79,1.2070730285086488
12,3.88,1.2247711944097992
12,3.97,1.2423584516157973
12,4.06,1.2598340449398777
12,4.15,1.2771996063683715
12,4.24,1.2944645065409177
12,4.33,1.311631430493881
12,4.42,1.328702661844131
12,4.51,1.3456814259947818
12,4.6,1.3625701339299976
12,4.69,1.3793686739772015
12,4.78,1.3960805089154753
12,4.87,1.4127059476804018
12,4.96,1.4292524031378409
12,5.05,1.445721879036739
12,5.14,1.4621160749209519
12,5.23,1.4784361893025313
12,5.32,1.4946830086676437
12,5.41,1.5108573927399167
12,5.5,1.5269570782128028
12,5.59,1.542989751992091
12,5.68,1.5589584925239235
12,5.77,1.5748645382307547
12,5.86,1.590709060071606
12,5.95,1.6064931431951694
12,6.04,1.622217380726347
12,6.13,1.637875949906752
12,6.22,1.6534726859944993
12,6.31,1.6690151406897873
12,6.4,1.684504633240535
12,6.49,1.699942193735978
12,6.58,1.7153287865027251
12,6.67,1.7306653088840582
12,6.76,1.7459505103614572
12,6.85,1.7611803662186873
12,6.94,1.7763569186945727
12,7.03,1.7914856040469749
12,7.12,1.8065692570739997
12,7.21,1.8216089001112148
12,7.3,1.8366052866604643
12,7.39,1.8515570474537961
12,7.48,1.8664635751736112
12,7.57,1.8813267171698722
12,7.66,1.8961471814717943
12,7.75,1.9109254464869974
12,7.84,1.9256622221067368
12,7.93,1.9403589969108723
12,8.02,1.9550145229166838
12,8.11,1.9696306725252286
12,8.2,1.9842105850410612
12,8.29,1.9987528063392506
12,8.38,2.0132583756565254
12,8.47,2.0277291823675294
12,8.56,2.0421646339987154
12,8.65,2.056561436712491
12,8.74,2.070923910670025
12,8.83,2.0852530852191804
12,8.92,2.099548399892943
12,9.01,2.1138096914191955
12,9.1,2.128037823432362
12,9.19,2.1422342335543143
12,9.28,2.1563963648731095
12,9.37,2.170528144579579
12,9.46,2.1846301462456763
12,9.55,2.198703136421009
12,9.64,2.212746763417715
12,9.73,2.2267591905468516
12,9.82,2.2407405755914107
12,9.91,2.2546931236385976
12,10.0,2.2686183859566165
13,1.0,0.5544814222728001
13,1.09,0.5807752841591318
13,1.18,0.6063154431121768
13,1.27,0.6311886727782229
13,1.36,0.6554665403411305
13,1.45,0.679208129899533
13,1.54,0.7024619162377614
13,1.63,0.7252686135839799
13,1.72,0.7476649392597358
13,1.81,0.7696841008431502
13,1.9,0.7913549889174164
13,1.99,0.8127015993035602
13,2.08,0.833742876158476
13,2.17,0.8544966533204941
13,2.26,0.874983990050297
13,2.35,0.8952206108681048
13,2.44,0.9152210397088392
13,2.53,0.9349881613968096
13,2.62,0.9545442325360338
13,2.71,0.973898672284601
13,2.8,0.9930613364040877
13,2.89,1.0120422836311536
13,2.98,1.0308503649965322
13,3.07,1.049491170957606
13,3.16,1.0679703198210035
13,3.25,1.086298051695247
13,3.34,1.1044799337214508
13,3.43,1.1225133329493315
13,3.52,1.1404119557988086
13,3.61,1.158181297765608
13,3.7,1.175825035204591
13,3.79,1.1933488463461053
13,3.88,1.2107566963331167
13,3.97,1.228050624159095
13,4.06,1.2452340449161585
13,4.15,1.2623132479208383
13,4.24,1.2792827915975564
13,4.33,1.2961545716484637
13,4.42,1.3129317182025808
13,4.51,1.3296169385576544
13,4.6,1.3462119803010433
13,4.69,1.3627187887718446
13,4.78,1.3791399374016218
13,4.87,1.395476765452562
13,4.96,1.4117274445344152
13,5.05,1.4279005875396427
13,5.14,1.4439988859960844
13,5.23,1.4600239004337099
13,5.32,1.475976971823425
13,5.41,1.4918593308693824
13,5.5,1.5076719031616732
13,5.59,1.5234129403984837
13,5.68,1.5390829496975473
13,5.77,1.5546905923346157
13,5.86,1.5702371779164754
13,5.95,1.5857239286410845
13,6.04,1.6011520075016672
13,6.13,1.616522457943553
13,6.22,1.631835913048073
13,6.31,1.647084163041525
13,6.4,1.6622733187313807
13,6.49,1.6774099143203465
13,6.58,1.6924955850039376
13,6.67,1.7075313517539215
13,6.76,1.7225181484090148
13,6.85,1.7374568666777737
13,6.94,1.7523456007365685
13,7.03,1.767183517292286
13,7.12,1.78197197160345
13,7.21,1.7967119833241745
13,7.3,1.8114059741283672
13,7.39,1.8260564413284486
13,7.48,1.840664967743404
13,7.57,1.8552303027322068
13,7.66,1.8697520956168003
13,7.75,1.8842330747000013
13,7.84,1.8986731890830195
13,7.93,1.9130731954753741
13,8.02,1.927434040164937
13,8.11,1.9417563093378372
13,8.2,1.9560381461164131
13,8.29,1.970279694385454
13,8.38,1.9844848908825519
13,8.47,1.9986535078499563
13,8.56,2.0127861076835534
13,8.65,2.026884039212859
13,8.74,2.0409488052593696
13,8.83,2.054976855314841
13,8.92,2.0689700968153684
13,9.01,2.0829315743412873
13,9.1,2.09686138016044
13,9.19,2.1107586559943177
13,9.28,2.1246231101383244
13,9.37,2.1384569408742666
13,9.46,2.152257191043399
13,9.55,2.1660267761628984
13,9.64,2.179766393242819
13,9.73,2.1934764964043074
13,9.82,2.2071577883911013
13,9.91,2.2208106782635118
13,10.0,2.234433156273458
14,1.0,0.5507638518555218
14,1.09,0.5768014317290157
14,1.18,0.6020888780525652
14,1.27,0.6267105587275367
14,1.36,0.6507367215687702
14,1.45,0.6742268172963993
14,1.54,0.6972310950562884
14,1.63,0.7197917198445398
14,1.72,0.7419437625509242
14,1.81,0.7637177191721907
14,1.9,0.7851423726917199
14,1.99,0.8062431081949185
14,2.08,0.8270417250148536
14,2.17,0.8475553260044185
14,2.26,0.8677991840203642
14,2.35,0.8877934532638346
14,2.44,0.9075515948895003
14,2.53,0.927085691622459
14,2.62,0.946398010530736
14,2.71,0.965510955460711
14,2.8,0.9844331064969559
14,2.89,1.0031725382298915
14,2.98,1.0217387824349886
14,3.07,1.0401400463283639
14,3.16,1.0583810644000196
14,3.25,1.076466877518899
14,3.34,1.0944073168263195
14,3.43,1.1122083240920102
14,3.52,1.1298665832525014
14,3.61,1.1473941851353324
14,3.7,1.1647979077958244
14,3.79,1.1820812347545784
14,3.88,1.1992478865467653
14,3.97,1.2163024827870612
14,4.06,1.2332478708625534
14,4.15,1.250084756308657
14,4.24,1.2668209039187432
14,4.33,1.2834518703200914
14,4.42,1.2999874437421208
14,4.51,1.3164310385376172
14,4.6,1.3327849508330747
14,4.69,1.3490516320880028
14,4.78,1.36523328027334
14,4.87,1.3813312418909673
14,4.96,1.3973460092460495
14,5.05,1.4132785625904654
14,5.14,1.429133550133859
14,5.23,1.4449156098327847
14,5.32,1.4606263020400736
14,5.41,1.4762670919316536
14,5.5,1.4918393130612793
14,5.59,1.5073438268057484
14,5.68,1.5227804961410725
14,5.77,1.5381441887195604
14,5.86,1.553445501513065
14,5.95,1.5686871949100631
14,6.04,1.583870494328867
14,6.13,1.5989965728062452
14,6.22,1.6140665429699463
14,6.31,1.6290814215206784
14,6.4,1.6440405382008294
14,6.49,1.6589350867126884
14,6.58,1.673774807612414
14,6.67,1.6885634282473196
14,6.76,1.7033028930750311
14,6.85,1.7179942889618622
14,6.94,1.7326385181897255
14,7.03,1.747236434650709
14,7.12,1.7617839162093678
14,7.21,1.7762844792202694
14,7.3,1.790738701119213
14,7.39,1.8051473599020738
14,7.48,1.8195113581998053
14,7.57,1.8338317315499943
14,7.66,1.8481099883591154
14,7.75,1.862344148424052
14,7.84,1.8765376830405318
14,7.93,1.8906916913750493
14,8.02,1.9048061847877444
14,8.11,1.9188821341240334
14,8.2,1.9329206788041762
14,8.29,1.946922067606535
14,8.38,1.9608836998628874
14,8.47,1.9748079618880288
14,8.56,1.9886970611652406
14,8.65,2.0025504889226085
14,8.74,2.0163681070080206
14,8.83,2.0301508004824527
14,8.92,2.043900556086328
14,9.01,2.0576141161848662
14,9.1,2.071294001191589
14,9.19,2.0849424115412205
14,9.28,2.098560248875956
14,9.37,2.1121470342943796
14,9.46,2.1257019817333784
14,9.55,2.1392262079533504
14,9.64,2.15271816358757
14,9.73,2.1661810220623408
14,9.82,2.179615057179314
14,9.91,2.1930202056459938
14,10.0,2.2063970856742343
15,1.0,0.5476917181938065
15,1.09,0.5735165147007278
15,1.18,0.5985932306288406
15,1.27,0.6230070575504221
15,1.36,0.6468272864547739
15,1.45,0.6701116472206345
15,1.54,0.69291004138242
15,1.63,0.7152652405842298
15,1.72,0.7372137602525091
15,1.81,0.7587861646629123
15,1.9,0.7800088270253696
15,1.99,0.8009073984830997
15,2.08,0.8215044447404706
15,2.17,0.8418188399708073
15,2.26,0.8618654414155718
15,2.35,0.8816580130920101
15,2.44,0.9012158629401428
15,2.53,0.9205510985251644
15,2.62,0.9396723715101216
15,2.71,0.9585849397065495
15,2.8,0.9773080810315135
15,2.89,0.9958494419877176
15,2.98,1.0142163217468434
15,3.07,1.032417586998841
15,3.16,1.0504611960963195
15,3.25,1.068351590232877
15,3.34,1.086092848078143
15,3.43,1.1036940554013932
15,3.52,1.121161639979227
15,3.61,1.1384914146346252
15,3.7,1.1556956543673305
15,3.79,1.172780335643569
15,3.88,1.1897492294877174
15,3.97,1.2066050247540536
15,4.06,1.223351968186377
15,4.15,1.2399935290948367
15,4.24,1.2565304521479876
15,4.33,1.2729693800206916
15,4.42,1.2893061411747697
15,4.51,1.3055501307529138
15,4.6,1.321704954137081
15,4.69,1.3377730118311524
15,4.78,1.3537563193211115
15,4.87,1.3696564633542878
15,4.96,1.385474805606898
15,5.05,1.401213004693088
15,5.14,1.4168703368819904
15,5.23,1.4324514703902513
15,5.32,1.4479615122338643
15,5.41,1.463402041126444
15,5.5,1.4787745430403563
15,5.59,1.4940803251846426
15,5.68,1.509320386970348
15,5.77,1.524495121033534
15,5.86,1.5395972835398808
15,5.95,1.5546363534049623
15,6.04,1.5696170226720156
15,6.13,1.5845405929842429
15,6.22,1.5994082207498164
15,6.31,1.6142210160339423
15,6.4,1.6289800384380426
15,6.49,1.6436862837131878
15,6.58,1.6583336459734932
15,6.67,1.67292298878379
15,6.76,1.6874599163603128
15,6.85,1.701947402195931
15,6.94,1.7163872333944816
15,7.03,1.7307806369347414
15,7.12,1.745128524917107
15,7.21,1.7594287902841745
15,7.3,1.7736827716052286
15,7.39,1.787890971361418
15,7.48,1.8020550057338787
15,7.57,1.8161760052960758
15,7.66,1.8302546004695017
15,7.75,1.8442914820885574
15,7.84,1.8582859604877355
15,7.93,1.872236559113945
15,8.02,1.8861482515809866
15,8.11,1.90002040470059
15,8.2,1.9138541760696057
15,8.29,1.9276510075864612
15,8.38,1.9414115669468108
15,8.47,1.9551354430834114
15,8.56,1.9688199664388923
15,8.65,1.9824701561534974
15,8.74,1.996086356765685
15,8.83,2.009667859383427
15,8.92,2.0232147355274703
15,9.01,2.0367283461843533
15,9.1,2.0502095547856714
15,9.19,2.0636546348223654
15,9.28,2.077067692399767
15,9.37,2.090449323756358
15,9.46,2.103800531820744
15,9.55,2.117121239250022
15,9.64,2.130410589296062
15,9.73,2.1436693352944567
15,9.82,2.1568963291851575
15,9.91,2.1700956260369466
15,10.0,2.18326715567253
16,1.0,0.5451421060796988
16,1.09,0.5707916625140632
16,1.18,0.5956937980898414
16,1.27,0.6199339355325576
16,1.36,0.6435821593508746
16,1.45,0.6666962256709533
16,1.54,0.6893246229651692
16,1.63,0.7115100560430674
16,1.72,0.7332894040854381
16,1.81,0.7546940885576539
16,1.9,0.7757505221401867
16,1.99,0.7964818149766903
16,2.08,0.8169110653202439
16,2.17,0.8370586952743498
16,2.26,0.8569409250042737
16,2.35,0.8765710128658912
16,2.44,0.8959622092824431
16,2.53,0.9151316689994833
16,2.62,0.9340902632975253
16,2.71,0.952842568490299
16,2.8,0.9713993714661979
16,2.89,0.9897758647907345
16,2.98,1.0079791646167389
16,3.07,1.0260157120352846
16,3.16,1.043893499913513
16,3.25,1.0616202389693508
16,3.34,1.079200226571616
16,3.43,1.0966366725375314
16,3.52,1.1139386035430963
16,3.61,1.1311108446125793
16,3.7,1.148150502514012
16,3.79,1.1650700257336448
16,3.88,1.1818738065634034
16,3.97,1.198565759595381
16,4.06,1.2151486107719547
16,4.15,1.2316260859628647
16,4.24,1.248001408420578
16,4.33,1.2642750727771268
16,4.42,1.2804532198979177
16,4.51,1.2965317054103878
16,4.6,1.3125213061468022
16,4.69,1.3284243131312012
16,4.78,1.3442427611301624
16,4.87,1.3599785030382985
16,4.96,1.3756333591967254
16,5.05,1.3912088513409335
16,5.14,1.406705724692595
16,5.23,1.422122740994508
16,5.32,1.4374660603635494
16,5.41,1.4527400629870073
16,5.5,1.467946304587456
16,5.59,1.4830862337134325
16,5.68,1.498161156275908
16,5.77,1.5131721728024687
16,5.86,1.5281198173977395
16,5.95,1.5429955596142846
16,6.04,1.5578082042712835
16,6.13,1.5725634861619742
16,6.22,1.5872628513737241
16,6.31,1.6019074451956743
16,6.4,1.6164983546056786
16,6.49,1.6310366263791343
16,6.58,1.6455232669655855
16,6.67,1.6599539693921181
16,6.76,1.6743300053063597
16,6.85,1.6886528649398327
16,6.94,1.7029253410550904
16,7.03,1.7171499063995381
16,7.12,1.73132823554024
16,7.21,1.7454615606763935
16,7.3,1.7595487860431724
16,7.39,1.7735897119031063
16,7.48,1.7875866235182678
16,7.57,1.8015403545259292
16,7.66,1.8154515929972965
16,7.75,1.8293211391251263
16,7.84,1.8431500399155782
16,7.93,1.8569388957957067
16,8.02,1.8706837854443095
16,8.11,1.884390195473606
16,8.2,1.8980580251733175
16,8.29,1.9116868545818089
16,8.38,1.9252778559479518
16,8.47,1.9388329849717638
16,8.56,1.9523521708180933
16,8.65,1.9658324003487824
16,8.74,1.97927795136746
16,8.83,1.9926901174304008
16,8.92,2.0060689923075903
16,9.01,2.0194139160860956
16,9.1,2.032724928257928
16,9.19,2.04600458924063
16,9.28,2.059250169833434
16,9.37,2.0724633157551664
16,9.46,2.0856453907227976
16,9.55,2.098797122305425
16,9.64,2.111919208139876
16,9.73,2.1250114879432878
16,9.82,2.1380725026339094
16,9.91,2.1511019102611986
16,10.0,2.164102018134367
17,1.0,0.5430187256684561
17,1.09,0.5685225719869389
17,1.18,0.5932798478138336
17,1.27,0.6173758046414776
17,1.36,0.6408806734723106
17,1.45,0.6638526696963919
17,1.54,0.6863402732293115
17,1.63,0.7083847141630985
17,1.72,0.7300229524558903
17,1.81,0.7512872060964387
17,1.9,0.7722046615383904
17,1.99,0.7927984102509354
17,2.08,0.8130892016386284
17,2.17,0.8330976029690104
17,2.26,0.8528418560784233
17,2.35,0.872335688045932
17,2.44,0.8915909533163153
17,2.53,0.9106216627724774
17,2.62,0.9294424583778405
17,2.71,0.9480632893200827
17,2.8,0.966483708379459
17,2.89,0.984721865862182
17,2.98,1.0027879615732596
17,3.07,1.0206887349015914
17,3.16,1.0384299016420722
17,3.25,1.0560188266497152
17,3.34,1.0734625604773709
17,3.43,1.0907651599156267
17,3.52,1.107929712425834
17,3.61,1.124965267645179
17,3.7,1.141872438456502
17,3.79,1.1586550132614821
17,3.88,1.1753217853090514
17,3.97,1.191876707936855
17,4.06,1.2083234296895171
17,4.15,1.2246645028007563
17,4.24,1.2409031915543336
17,4.33,1.257042734433027
17,4.42,1.2730832579316722
17,4.51,1.289029543731361
17,4.6,1.3048814189677078
17,4.69,1.3206467880830766
17,4.78,1.3363277954272637
17,4.87,1.3519265028612852
17,4.96,1.367444815362766
17,5.05,1.3828843496461012
17,5.14,1.398246194085753
17,5.23,1.4135306783708455
17,5.32,1.428736098520941
17,5.41,1.4438711994584654
17,5.5,1.4589386735089853
17,5.59,1.4739400273182128
17,5.68,1.488876674964736
17,5.77,1.503749922530826
17,5.86,1.5185609116876244
17,5.95,1.5333103160965162
17,6.04,1.5479875250960469
17,6.13,1.5626030967342455
17,6.22,1.5771622034685886
17,6.31,1.5916664778028713
17,6.4,1.6061170730394467
17,6.49,1.6205150512735154
17,6.58,1.634861432976368
17,6.67,1.6491572035230846
17,6.76,1.663397685295401
17,6.85,1.6775862131554622
17,6.94,1.6917238801705392
17,7.03,1.7058118084096199
17,7.12,1.7198515156760026
17,7.21,1.7338447406352762
17,7.3,1.7477930487326767
17,7.39,1.7616954763609292
17,7.48,1.775552317863348
17,7.57,1.7893662499486125
17,7.66,1.8031374195948204
17,7.75,1.81686688223758
17,7.84,1.8305557512925643
17,7.93,1.8442047060247615
17,8.02,1.8578143093886577
17,8.11,1.8713804563182153
17,8.2,1.884908940110824
17,8.29,1.8984003057898498
17,8.38,1.9118533064545025
17,8.47,1.9252687228926844
17,8.56,1.9386487280082016
17,8.65,1.951993467488129
17,8.74,1.965299406921909
17,8.83,1.9785697223169398
17,8.92,1.9918068959824797
17,9.01,2.005011258082063
17,9.1,2.0181820670036803
17,9.19,2.0313192467409764
17,9.28,2.044424992903701
17,9.37,2.057497878710603
17,9.46,2.070538660081087
17,9.55,2.083548914912974
17,9.64,2.0965287659347
17,9.73,2.1094791768784797
17,9.82,2.1224005923251577
17,9.91,2.1352920419517365
17,10.0,2.1481525936799706
18,1.0,0.5412461526993176
18,1.09,0.5666281613846963
18,1.18,0.5912649597029785
18,1.27,0.6152407535497894
18,1.36,0.6386257535997218
18,1.45,0.6614786269950236
18,1.54,0.6838482906286661
18,1.63,0.7057759488137407
18,1.72,0.7272972221810171
18,1.81,0.7484442018715315
18,1.9,0.7692450531069457
18,1.99,0.7897233144396594
18,2.08,0.8098992340675831
18,2.17,0.8297919955934816
18,2.26,0.849420127724792
18,2.35,0.8687998652917676
18,2.44,0.8879426723640358
18,2.53,0.906858533783309
18,2.62,0.9255635802760862
18,2.71,0.9440694052886273
18,2.8,0.9623814193826556
18,2.89,0.9805049850717577
18,2.98,0.9984558146959283
18,3.07,1.0162420248777329
18,3.16,1.033869953050565
18,3.25,1.051344960192916
18,3.34,1.0686739227602495
18,3.43,1.0858627560779397
18,3.52,1.1029150858368388
18,3.61,1.1198360129717724
18,3.7,1.1366327320223863
18,3.79,1.1533015894012029
18,3.88,1.169854180426752
18,3.97,1.1862948538571305
18,4.06,1.2026271723313902
18,4.15,1.2188546234183188
18,4.24,1.2349796478299173
18,4.33,1.251004798151894
18,4.42,1.2669335013860143
18,4.51,1.2827672164216521
18,4.6,1.298506239242424
18,4.69,1.314156534560595
18,4.78,1.3297226790424723
18,4.87,1.3452067911166772
18,4.96,1.3606108111008461
18,5.05,1.3759364299637595
18,5.14,1.3911850135852697
18,5.23,1.406357443644789
18,5.32,1.42145215650782
18,5.41,1.436471096416558
18,5.5,1.4514224549765125
18,5.59,1.4663077860510827
18,5.68,1.481128548851563
18,5.77,1.4958861254479892
18,5.86,1.5105818095049819
18,5.95,1.5252167655501838
18,6.04,1.5397915455631241
18,6.13,1.5542930904856034
18,6.22,1.5687357606497367
18,6.31,1.583122833107834
18,6.4,1.5974560633856265
18,6.49,1.611736639626235
18,6.58,1.625965606761414
18,6.67,1.6401439575740955
18,6.76,1.6542714213455996
18,6.85,1.668345865090253
18,6.94,1.6823691982150955
18,7.03,1.6963433442476905
18,7.12,1.7102695389018268
18,7.21,1.7241487081230698
18,7.3,1.7379818361729265
18,7.39,1.7517700486368093
18,7.48,1.765511524960118
18,7.57,1.7792085846684935
18,7.66,1.7928630829105543
18,7.75,1.8064753697157359
18,7.84,1.8200466738606957
18,7.93,1.833578095287858
18,8.02,1.847070060606765
18,8.11,1.8605227576036496
18,8.2,1.8739335590724022
18,8.29,1.887307301298994
18,8.38,1.9006445053022947
18,8.47,1.9139438853803374
18,8.56,1.9272061512278194
18,8.65,1.9404337444798854
18,8.74,1.9536271041779227
18,8.83,1.9667819600005667
18,8.92,1.9799017526363552
18,9.01,1.9929887697769464
18,9.1,2.0060434616644156
18,9.19,2.0190649801841944
18,9.28,2.0320528459353513
18,9.37,2.0450088216752893
18,9.46,2.0579321697486357
18,9.55,2.070823871497871
18,9.64,2.0836853807117155
18,9.73,2.0965167578909147
18,9.82,2.1093188331204034
18,9.91,2.1220921695691324
18,10.0,2.134836321660173
19,1.0,0.5397622314747718
19,1.09,0.5650391630240259
19,1.18,0.5895756886362568
19,1.27,0.6134544266248838
19,1.36,0.6367396647843563
19,1.45,0.6594928444846523
19,1.54,0.6817634623621179
19,1.63,0.7035929729638335
19,1.72,0.7250166918344239
19,1.81,0.7460659109027035
19,1.9,0.7667688047891537
19,1.99,0.7871501152385358
19,2.08,0.8072302810466707
19,2.17,0.8270268328966425
19,2.26,0.846557893768211
19,2.35,0.8658405344473021
19,2.44,0.8848879935803559
19,2.53,0.9037105723804862
19,2.62,0.9223192080586232
19,2.71,0.9407283038066532
19,2.8,0.9589478429661041
19,2.89,0.9769769279830044
19,2.98,0.9948319941576566
19,3.07,1.012521961676853
19,3.16,1.0300540136730512
19,3.25,1.047433963274101
19,3.34,1.0646675808641917
19,3.43,1.0817612869667312
19,3.52,1.0987195899975228
19,3.61,1.1155449501878572
19,3.7,1.1322458364526393
19,3.79,1.148823142752878
19,3.88,1.165279710901548
19,3.97,1.1816247925635355
19,4.06,1.1978615912833035
19,4.15,1.2139932045197916
19,4.24,1.230022936744483
19,4.33,1.2459536672490121
19,4.42,1.2617874154967907
19,4.51,1.277526096486228
19,4.6,1.2931727269039361
19,4.69,1.308726623537681
19,4.78,1.3241965218240996
19,4.87,1.3395845560698623
19,4.96,1.3548926913022832
19,5.05,1.370122701322292
19,5.14,1.3852761270149472
19,5.23,1.4003539772674376
19,5.32,1.4153563706731513
19,5.41,1.4302805491688488
19,5.5,1.4451345273041505
19,5.59,1.4599225184336069
19,5.68,1.474646003850376
19,5.77,1.4893063977723278
19,5.86,1.5039050475013276
19,5.95,1.5184432268752148
19,6.04,1.5329220990581627
19,6.13,1.5473396751224744
19,6.22,1.5616866786750432
19,6.31,1.5759763599867085
19,6.4,1.5902114759603783
19,6.49,1.6043936647313914
19,6.58,1.6185241586761394
19,6.67,1.632604000557469
19,6.76,1.6466341601071515
19,6.85,1.660612484621066
19,6.94,1.674539825436611
19,7.03,1.6884177974443024
19,7.12,1.70224751281495
19,7.21,1.716030326841793
19,7.3,1.7297674197095048
19,7.39,1.7434597239661773
19,7.48,1.7571080380011783
19,7.57,1.7707085998175824
19,7.66,1.7842664875015724
19,7.75,1.7977815878175971
19,7.84,1.811254966032954
19,7.93,1.824687957263644
19,8.02,1.838081501182792
19,8.11,1.8514360925721212
19,8.2,1.8647508528249175
19,8.29,1.8780255877444105
19,8.38,1.891263701286898
19,8.47,1.9044655212435975
19,8.56,1.9176303460401443
19,8.65,1.9307588007397354
19,8.74,1.943853084090658
19,8.83,1.9569136618838605
19,8.92,1.9699353374319597
19,9.01,1.9829232865114053
19,9.1,1.9958789616542536
19,9.19,2.008803006680053
19,9.28,2.0216945107774866
19,9.37,2.0345526170658434
19,9.46,2.0473792294407436
19,9.55,2.0601729429552122
19,9.64,2.0729360694728483
19,9.73,2.085669354191494
19,9.82,2.098372657692353
19,9.91,2.111046552416562
19,10.0,2.1236916356402813
20,1.0,0.5385145369546502
20,1.09,0.5637057679185755
20,1.18,0.5881573798093649
20,1.27,0.6119524934676196
20,1.36,0.6351585436928209
20,1.45,0.657828368622068
20,1.54,0.6800156978924453
20,1.63,0.7017627138284216
20,1.72,0.7231048456731117
20,1.81,0.7440724259792851
20,1.9,0.7646932914538416
20,1.99,0.7849925473021798
20,2.08,0.8049915156257266
20,2.17,0.8247081655795268
20,2.26,0.8441588592084767
20,2.35,0.8633601079182588
20,2.44,0.8823271759403222
20,2.53,0.9010707233044717
20,2.62,0.9195993564224463
20,2.71,0.9379277498631561
20,2.8,0.956066317052561
20,2.89,0.9740185734808321
20,2.98,0.9917934350857018
20,3.07,1.0094030958524312
20,3.16,1.0268549531972901
20,3.25,1.0441552274180743
20,3.34,1.061308856320965
20,3.43,1.0783220759238843
20,3.52,1.0952005719742697
20,3.61,1.1119476929320065
20,3.7,1.128567899972122
20,3.79,1.1450684408423495
20,3.88,1.1614446212825038
20,3.97,1.177709115396135
20,4.06,1.1938655730308674
20,4.15,1.209917326687353
20,4.24,1.2258672350468662
20,4.33,1.2417178803888027
20,4.42,1.2574719530548213
20,4.51,1.2731320125697936
20,4.6,1.2886991534925123
20,4.69,1.3041740516114575
20,4.78,1.3195631174022926
20,4.87,1.3348704250389483
20,4.96,1.3500979729745288
20,5.05,1.3652476032601133
20,5.14,1.380320918282231
20,5.23,1.395319169792623
20,5.32,1.410242999546527
20,5.41,1.4250905889500431
20,5.5,1.4398627730132227
20,5.59,1.4545689481680868
20,5.68,1.4692106418577535
20,5.77,1.4837892832185802
20,5.86,1.4983062417158353
20,5.95,1.5127628276604557
20,6.04,1.527160288389308
20,6.13,1.5414997749814825
20,6.22,1.5557745227391735
20,6.31,1.5699845408600508
20,6.4,1.584138016242372
20,6.49,1.5982379208954978
20,6.58,1.6122858092778136
20,6.67,1.6262828993605134
20,6.76,1.6402302440669965
20,6.85,1.6541287944732344
20,6.94,1.6679740761570168
20,7.03,1.6817705376144108
20,7.12,1.6955189868057778
20,7.21,1.7092205386247943
20,7.3,1.722876225764282
20,7.39,1.7364870046023886
20,7.48,1.7500538871485243
20,7.57,1.7635763353070106
20,7.66,1.777053078505333
20,7.75,1.7904885165893276
20,7.84,1.8038810868907826
20,7.93,1.8172324205098032
20,8.02,1.830544074642259
20,8.11,1.8438164096567125
20,8.2,1.8570502316900188
20,8.29,1.870243087686358
20,8.38,1.8833980755987403
20,8.47,1.8965168991580208
20,8.56,1.909599427937607
20,8.65,1.9226456238746117
20,8.74,1.9356563046558999
20,8.83,1.9486331952187952
20,8.92,1.961575265548496
20,9.01,1.9744806237853225
20,9.1,1.9873528323702794
20,9.19,2.0001931527782957
20,9.28,2.0130022728094867
20,9.37,2.025779227857733
20,9.46,2.0385227096118252
20,9.55,2.051235516689594
20,9.64,2.06391489763219
20,9.73,2.076565299298002
20,9.82,2.0891863927729393
20,9.91,2.101777863040445
20,10.0,2.11434015167582
21,1.0,0.5374668859281438
21,1.09,0.5625862891744942
21,1.18,0.5869664300816282
21,1.27,0.610690849969178
21,1.36,0.6338278330995497
21,1.45,0.656430899948932
21,1.54,0.6785483411164507
21,1.63,0.7002255892466529
21,1.72,0.7214985958584436
21,1.81,0.742397962651115
21,1.9,0.7629505780808914
21,1.99,0.7831810896119772
21,2.08,0.8031116907871503
21,2.17,0.8227608102963232
21,2.26,0.8421439823569902
21,2.35,0.861277286817412
21,2.44,0.8801761308493787
21,2.53,0.8988521690280494
21,2.62,0.9173148321493281
21,2.71,0.9355755131240917
21,2.8,0.9536463413417684
21,2.89,0.9715342035414073
21,2.98,0.9892417467838731
21,3.07,1.006783910778816
21,3.16,1.0241679977606986
21,3.25,1.0414007508837373
21,3.34,1.0584876142775694
21,3.43,1.0754338074240402
21,3.52,1.0922453197560076
21,3.61,1.1089265223594613
21,3.7,1.1254790056409882
21,3.79,1.1419118158116326
21,3.88,1.1582232261106777
21,3.97,1.174420323385831
21,4.06,1.1905094341236822
21,4.15,1.206493708119962
21,4.24,1.2223762166913845
21,4.33,1.2381599042278004
21,4.42,1.253847244037333
21,4.51,1.2694401033498455
21,4.6,1.2849404317939914
21,4.69,1.3003501426854274
21,4.78,1.315671191016893
21,4.87,1.3309105567454116
21,4.96,1.346070270268337
21,5.05,1.361152201909547
21,5.14,1.3761580275333183
21,5.23,1.3910891601558855
21,5.32,1.4059464627112825
21,5.41,1.420729801977738
21,5.5,1.435434922448527
21,5.59,1.4500722226075142
21,5.68,1.4646450428544173
21,5.77,1.4791548221037403
21,5.86,1.493602939827712
21,5.95,1.5079907209191072
21,6.04,1.5223194369457687
21,6.13,1.5365903049498877
21,6.22,1.5508015508995627
21,6.31,1.5649487677078657
21,6.4,1.5790359350191427
21,6.49,1.5930674766486221
21,6.58,1.607046253204653
21,6.67,1.62097390400503
21,6.76,1.6348516221127862
21,6.85,1.6486804503961616
21,6.94,1.662458516812913
21,7.03,1.6761871131891575
21,7.12,1.6898665201197125
21,7.21,1.7034989292885452
21,7.3,1.7170857164255002
21,7.39,1.7306277087121653
21,7.48,1.7441257963577792
21,7.57,1.757580824492069
21,7.66,1.770989690444575
21,7.75,1.7843561787295033
21,7.84,1.7976813666665226
21,7.93,1.8109649077441539
21,8.02,1.824208227306668
21,8.11,1.8374126439432121
21,8.2,1.8505778696698572
21,8.29,1.8637040857492058
21,8.38,1.8767897225128405
21,8.47,1.8898389428825642
21,8.56,1.9028523727722924
21,8.65,1.9158293808935152
21,8.74,1.9287703616187102
21,8.83,1.9416769277553085
21,8.92,1.9545501068082685
21,9.01,1.967386754708774
21,9.1,1.9801891496275315
21,9.19,1.9929590202819665
21,9.28,2.0056973588162244
21,9.37,2.018404365637789
21,9.46,2.0310794908660785
21,9.55,2.0437222890552356
21,9.64,2.056333305857754
21,9.73,2.068912825327641
21,9.82,2.0814637100009414
21,9.91,2.093985675755345
21,10.0,2.106478231128424
22,1.0,0.5365840375326524
22,1.09,0.5616451015828543
22,1.18,0.585965164260599
22,1.27,0.6096298042318657
22,1.36,0.6327076095958816
22,1.45,0.6552554507010161
22,1.54,0.6773145386695795
22,1.63,0.6989332308072435
22,1.72,0.7201480097783303
22,1.81,0.7409897541598615
22,1.9,0.7614848889148256
22,1.99,0.7816577732555445
22,2.08,0.8015306176328794
22,2.17,0.8211222760439372
22,2.26,0.8404487945295922
22,2.35,0.8595253677263998
22,2.44,0.8783669233762147
22,2.53,0.8969864488626816
22,2.62,0.9153935977827773
22,2.71,0.9335973363089919
22,2.8,0.9516111274229795
22,2.89,0.9694440245149478
22,2.98,0.9870950302900819
22,3.07,1.0045806345161055
22,3.16,1.0219080828381222
22,3.25,1.039084203059329
22,3.34,1.0561148858468807
22,3.43,1.0730045417536591
22,3.52,1.0897589398782512
22,3.61,1.106383454041042
22,3.7,1.122880616707806
22,3.79,1.1392565601334947
22,3.88,1.1555136827321177
22,3.97,1.1716538272046144
22,4.06,1.1876860195576173
22,4.15,1.203613603332602
22,4.24,1.2194396019701748
22,4.33,1.2351666700133435
22,4.42,1.2507972708405384
22,4.51,1.2663338005897502
22,4.6,1.2817785673926108
22,4.69,1.2971333493879391
22,4.78,1.312397079727019
22,4.87,1.3275791865695719
22,4.96,1.342681713492547
22,5.05,1.3577065613153754
22,5.14,1.3726554677993508
22,5.23,1.3875299308064197
22,5.32,1.402331085647593
22,5.41,1.417059389225227
22,5.5,1.4317101161665045
22,5.59,1.4462894222289047
22,5.68,1.4608041724358816
22,5.77,1.4752558783165253
22,5.86,1.489645924430319
22,5.95,1.5039756420766195
22,6.04,1.5182463119773795
22,6.13,1.5324591661025413
22,6.22,1.5466147251587972
22,6.31,1.5607074251751052
22,6.4,1.5747405192407122
22,6.49,1.5887165052848409
22,6.58,1.602638149915802
22,6.67,1.6165077674847868
22,6.76,1.6303270564137406
22,6.85,1.6440972520734594
22,6.94,1.6578187241883575
22,7.03,1.6714884600865925
22,7.12,1.6851103299578343
22,7.21,1.6986853245897975
22,7.3,1.7122140496707858
22,7.39,1.725697544845043
22,7.48,1.739137134270031
22,7.57,1.7525338087899047
22,7.66,1.7658865693751669
22,7.75,1.7791947548974474
22,7.84,1.7924623989149286
22,7.93,1.8056882692472507
22,8.02,1.81887356983972
22,8.11,1.8320198419577705
22,8.2,1.8451276850534213
22,8.29,1.8581971999268354
22,8.38,1.8712260305261625
22,8.47,1.884217480928449
22,8.56,1.8971727993442313
22,8.65,1.910092244895887
22,8.74,1.9229755402770075
22,8.83,1.9358232336619186
22,8.92,1.9486373957165504
22,9.01,1.9614174575897878
22,9.1,1.9741610469601036
22,9.19,1.9868718010850275
22,9.28,1.999550699640722
22,9.37,2.0121985349671045
22,9.46,2.0248149383507545
22,9.55,2.0373991381851133
22,9.64,2.0499524731616128
22,9.73,2.0624726579544017
22,9.82,2.074963564460171
22,9.91,2.0874258657328997
22,10.0,2.0998594888921276
23,1.0,0.5358400438125117
23,1.09,0.5608525455136856
23,1.18,0.5851222935965726
23,1.27,0.6087366776393613
23,1.36,0.6317645975059171
23,1.45,0.6542631244980204
23,1.54,0.6762756582720328
23,1.63,0.6978451581813111
23,1.72,0.719010748872988
23,1.81,0.7398035491091207
23,1.9,0.7602502840426903
23,1.99,0.7803748754054005
23,2.08,0.8001991968735094
23,2.17,0.819742624901905
23,2.26,0.8390215286821151
23,2.35,0.8580502806633635
23,2.44,0.8768435725295866
23,2.53,0.8954153454969007
23,2.62,0.9137752817819452
23,2.71,0.9319311348255608
23,2.8,0.9498970432645006
23,2.89,0.9676820270456602
23,2.98,0.9852874152927082
23,3.07,1.0027253988298008
23,3.16,1.0200050388564426
23,3.25,1.037133023461153
23,3.34,1.0541156508199196
23,3.43,1.0709578356795577
23,3.52,1.0876648396841018
23,3.61,1.1042418063073696
23,3.7,1.1206923528504098
23,3.79,1.1370202099602609
23,3.88,1.153231413773534
23,3.97,1.1693236294799445
23,4.06,1.1853080058862322
23,4.15,1.2011877268115074
23,4.24,1.2169657754481573
23,4.33,1.2326449924875482
23,4.42,1.2482280898251317
23,4.51,1.2637175651205474
23,4.6,1.2791153350706486
23,4.69,1.29442218937104
23,4.78,1.3096391487012968
23,4.87,1.324772937702258
23,4.96,1.3398272010295773
23,5.05,1.3548038680254275
23,5.14,1.369704713806649
23,5.23,1.3845313224590214
23,5.32,1.3992850107853045
23,5.41,1.4139663428327283
23,5.5,1.4285727547707023
23,5.59,1.4431030864018575
23,5.68,1.457568828632541
23,5.77,1.4719715086726475
23,5.86,1.4863125209492114
23,5.95,1.5005931997881936
23,6.04,1.5148148298051405
23,6.13,1.528978648328186
23,6.22,1.5430858330434245
23,6.31,1.557132429920472
23,6.4,1.5711187015871957
23,6.49,1.5850483000230389
23,6.58,1.5989230761321442
23,6.67,1.6127448948274836
23,6.76,1.6265155469424035
23,6.85,1.6402365919733797
23,6.94,1.6539093145830366
23,7.03,1.667530653544546
23,7.12,1.6811041980911938
23,7.21,1.6946297779906734
23,7.3,1.7081092055539664
23,7.39,1.7215438947625714
23,7.48,1.734934596688464
23,7.57,1.7482819831204621
23,7.66,1.7615868976458633
23,7.75,1.77484559436217
23,7.84,1.788063735171578
23,7.93,1.8012411485438393
23,8.02,1.8143776962002867
23,8.11,1.8274747105187241
23,8.2,1.8405335635890334
23,8.29,1.8535540157185306
23,8.38,1.8665353508599436
23,8.47,1.8794774134747798
23,8.56,1.892383752352465
23,8.65,1.9052546450231214
23,8.74,1.918089424001342
23,8.83,1.9308884774364803
23,8.92,1.9436534578863727
23,9.01,1.9563851885394314
23,9.1,1.9690804048348542
23,9.19,1.9817420046642285
23,9.28,1.9943711338328771
23,9.37,2.006968896185334
23,9.46,2.0195357302286623
23,9.55,2.032071149523343
23,9.64,2.044574449520661
23,9.73,2.057046096827148
23,9.82,2.069486522293275
23,9.91,2.0818984640197002
23,10.0,2.094281925825083
24,1.0,0.5352130705892276
24,1.09,0.5601829335766558
24,1.18,0.5844118963879124
24,1.27,0.6079839878729545
24,1.36,0.6309697477073049
24,1.45,0.6534263818320128
24,1.54,0.6753997128433891
24,1.63,0.6969278994010447
24,1.72,0.7180521037655496
24,1.81,0.738803753924069
24,1.9,0.7592097712305236
24,1.99,0.7792936365336016
24,2.08,0.7990770242307476
24,2.17,0.8185797242788344
24,2.26,0.8378182614408959
24,2.35,0.8568065471887214
24,2.44,0.8755592214579293
24,2.53,0.8940903932353917
24,2.62,0.9124101283914325
24,2.71,0.9305267109697904
24,2.8,0.9484522456754926
24,2.89,0.9661967462568519
24,2.98,0.9837633608790279
24,3.07,1.0011606845132974
24,3.16,1.0184000153373698
24,3.25,1.0354878072960387
24,3.34,1.0524301956476163
24,3.43,1.0692324472779027
24,3.52,1.085899375182148
24,3.61,1.1024361874541824
24,3.7,1.118847245913789
24,3.79,1.1351345934078083
24,3.88,1.1513065013510873
24,3.97,1.167358893541297
24,4.06,1.183302716759384
24,4.15,1.1991419247944337
24,4.24,1.2148796339726646
24,4.33,1.2305187666762951
24,4.42,1.2460619392689625
24,4.51,1.2615112903902594
24,4.6,1.2768685339185708
24,4.69,1.2921356396842167
24,4.78,1.3073134737748895
24,4.87,1.3224064501587927
24,4.96,1.3374199451013908
24,5.05,1.3523559061342767
24,5.14,1.3672161448009512
24,5.23,1.3820023149269163
24,5.32,1.3967158019345172
24,5.41,1.4113573379885873
24,5.5,1.4259262849945487
24,5.59,1.4404162473960402
24,5.68,1.4548405841458
24,5.77,1.4692018408491314
24,5.86,1.4835014158840003
24,5.95,1.497740646371542
24,6.04,1.5119208186923685
24,6.13,1.5260431723996706
24,6.22,1.5401089018033909
24,6.31,1.5541161080403234
24,6.4,1.5680627471505602
24,6.49,1.5819524653941297
24,6.58,1.5957874909960221
24,6.67,1.609569538503523
24,6.76,1.6233000208930295
24,6.85,1.6369803270660575
24,6.94,1.6506117904047186
24,7.03,1.6641930488849321
24,7.12,1.6777252148251367
24,7.21,1.6912095104347078
24,7.3,1.7046478363283357
24,7.39,1.7180410349067947
24,7.48,1.731389841709449
24,7.57,1.744695465161493
24,7.66,1.7579589252628491
24,7.75,1.7711776373959143
24,7.84,1.7843539757925406
24,7.93,1.7974903122399122
24,8.02,1.8105852437450343
24,8.11,1.8236402535107912
24,8.2,1.8366572577575202
24,8.29,1.8496363988172955
24,8.38,1.862577769895889
24,8.47,1.8754779562660715
24,8.56,1.8883425844715618
24,8.65,1.9011717329584892
24,8.74,1.9139652737142998
24,8.83,1.9267231822941557
24,8.92,1.9394462230798701
24,9.01,1.9521362621674527
24,9.1,1.9647915762370323
24,9.19,1.9774117571923657
24,9.28,1.9899993912173142
24,9.37,2.0025554425068295
24,9.46,2.015080652230134
24,9.55,2.0275746594120654
24,9.64,2.0400365708148493
24,9.73,2.0524677787680474
24,9.82,2.0648658352336904
24,9.91,2.0772352174992745
24,10.0,2.089576298482845
25,1.0,0.5346841633933047
25,1.09,0.5596178704281473
25,1.18,0.5838124323756206
25,1.27,0.607348940632348
25,1.36,0.6302991848646334
25,1.45,0.6527205521320877
25,1.54,0.6746608650877968
25,1.63,0.6961541851452363
25,1.72,0.7172434478411444
25,1.81,0.7379603351255567
25,1.9,0.75833186046859
25,1.99,0.7783812427435172
25,2.08,0.7981300947078386
25,2.17,0.8175982817883609
25,2.26,0.8368024971770648
25,2.35,0.8557569300274082
25,2.44,0.8744757298697021
25,2.53,0.8929726130310505
25,2.62,0.9112583518269343
25,2.71,0.9293415021497831
25,2.8,0.9472326513130307
25,2.89,0.9649429951779085
25,2.98,0.9824771686126341
25,3.07,0.9998403816462195
25,3.16,1.0170457903500498
25,3.25,1.034099615270363
25,3.34,1.051007982596118
25,3.43,1.0677764595257984
25,3.52,1.084409470585443
25,3.61,1.1009123135666885
25,3.7,1.1172897865281282
25,3.79,1.1335432907104794
25,3.88,1.149680897323181
25,3.97,1.1657005312135165
25,4.06,1.1816101760537525
25,4.15,1.1974153609681064
25,4.24,1.2131191598440458
25,4.33,1.2287243307851368
25,4.42,1.244233331931521
25,4.51,1.2596484999749595
25,4.6,1.2749720106162752
25,4.69,1.2902057252332255
25,4.78,1.3053504854676576
25,4.87,1.3204089629553155
25,4.96,1.33538799262505
25,5.05,1.3502895400830786
25,5.14,1.365115448815633
25,5.23,1.379867406689431
25,5.32,1.3945468458618973
25,5.41,1.4091547645793967
25,5.5,1.4236913429580436
25,5.59,1.4381484557968545
25,5.68,1.4525378448872406
25,5.77,1.4668640747940422
25,5.86,1.4811286075637484
25,5.95,1.4953327817858533
25,6.04,1.5094778850054014
25,6.13,1.5235651577539409
25,6.22,1.5375957962070985
25,6.31,1.5515692554422773
25,6.4,1.5654821511388384
25,6.49,1.5793380110641122
25,6.58,1.5931390757401018
25,6.67,1.606887169202308
25,6.76,1.6205837532864527
25,6.85,1.63423009225332
25,6.94,1.6478273280726767
25,7.03,1.661375290354207
25,7.12,1.6748724561513921
25,7.21,1.6883223547277497
25,7.3,1.701725848498104
25,7.39,1.7150838974340048
25,7.48,1.7283976627389426
25,7.57,1.7416682723711843
25,7.66,1.754896458797144
25,7.75,1.7680809101346597
25,7.84,1.7812217653111264
25,7.93,1.7943228080593197
25,8.02,1.807383070044765
25,8.11,1.8204032759847932
25,8.2,1.8333849302604412
25,8.29,1.8463289751133338
25,8.38,1.859234973674554
25,8.47,1.872100675987733
25,8.56,1.884929704410449
25,8.65,1.8977235361559563
25,8.74,1.9104824225485746
25,8.83,1.9232054403200807
25,8.92,1.935892888709857
25,9.01,1.9485474093195445
25,9.1,1.961168424640801
25,9.19,1.9737533811093828
25,9.28,1.9863058500770514
25,9.37,1.9988263810241271
25,9.46,2.0113159666976594
25,9.55,2.0237747816294567
25,9.64,2.036202255653416
25,9.73,2.0485984019818044
25,9.82,2.060961974236616
25,9.91,2.073295799274734
25,10.0,2.0856013471557198
26,1.0,0.5342376548489288
26,1.09,0.5591409041517696
26,1.18,0.5833064428232176
26,1.27,0.6068128996223762
26,1.36,0.6297331420983519
26,1.45,0.6521247035167722
26,1.54,0.6740357997177591
26,1.63,0.6955008393994778
26,1.72,0.7165605934051307
26,1.81,0.737248032446714
26,1.9,0.7575902618070981
26,1.99,0.7776106585045047
26,2.08,0.7973306058893437
26,2.17,0.81676971723997
26,2.26,0.8359449144106225
26,2.35,0.8548706320575657
26,2.44,0.8735605936233136
26,2.53,0.8920283871190595
26,2.62,0.9102855083839292
26,2.71,0.9283405787372546
26,2.8,0.9462028246814768
26,2.89,0.9638843839258684
26,2.98,0.9813911254516305
26,3.07,0.9987254843115215
26,3.16,1.0159021964880302
26,3.25,1.0329272651738735
26,3.34,1.0498068347916814
26,3.43,1.0665466641411343
26,3.52,1.0831510295402713
26,3.61,1.0996250534096754
26,3.7,1.115973706046724
26,3.79,1.1321991345829239
26,3.88,1.1483078075175546
26,3.97,1.1642998957959232
26,4.06,1.1801807762580345
26,4.15,1.1959571690897803
26,4.24,1.211632055991627
26,4.33,1.22720825312916
26,4.42,1.242688414548859
26,4.51,1.2580749955390478
26,4.6,1.2733701105993416
26,4.69,1.2885755353690769
26,4.78,1.3036923199014177
26,4.87,1.3187216153910932
26,4.96,1.333671491201497
26,5.05,1.348543929477262
26,5.14,1.3633407909338209
26,5.23,1.3780637832606788
26,5.32,1.3927144089885897
26,5.41,1.4072938737796157
26,5.5,1.4218025655554196
26,5.59,1.436232842555835
26,5.68,1.4505927296980996
26,5.77,1.4648893316227691
26,5.86,1.4791242121913797
26,5.95,1.4932987195414607
26,6.04,1.5074141418496672
26,6.13,1.5214717201991432
26,6.22,1.5354726513255057
26,6.31,1.5494175272664819
26,6.4,1.5633016242840043
26,6.49,1.5771286286888433
26,6.58,1.5909008242963245
26,6.67,1.6046199991659598
26,6.76,1.6182876434659434
26,6.85,1.6319050624669202
26,6.94,1.6454734069526225
26,7.03,1.6589935583074185
26,7.12,1.6724615855103455
26,7.21,1.6858828885713326
26,7.3,1.6992569790849898
26,7.39,1.7125855047519603
26,7.48,1.725869831402143
26,7.57,1.7391107399108452
26,7.66,1.7523090518931685
26,7.75,1.7654648050296484
26,7.84,1.7785758727097278
26,7.93,1.7916469674294393
26,8.02,1.8046776780259033
26,8.11,1.817668127961956
26,8.2,1.8306196794468605
26,8.29,1.8435337592497192
26,8.38,1.8564101711861989
26,8.47,1.869247285467869
26,8.56,1.8820462648722927
26,8.65,1.8948101495904621
26,8.74,1.9075389816990966
26,8.83,1.9202320634033176
26,8.92,1.93288980784764
26,9.01,1.9455140560129247
26,9.1,1.9581057613495885
26,9.19,1.970661378542478
26,9.28,1.9831840545107897
26,9.37,1.9956743895962663
26,9.46,2.0081336870289412
26,9.55,2.0205625335622543
26,9.64,2.0329604103317562
26,9.73,2.045326479185269
26,9.82,2.0576610639309263
26,9.91,2.069964602226303
26,10.0,2.082239786523589
27,1.0,0.5338605228628835
27,1.09,0.5587379612307181
27,1.18,0.5828781956734351
27,1.27,0.6063599856058626
27,1.36,0.6292548724451557
27,1.45,0.6516211837449434
27,1.54,0.6735071837298371
27,1.63,0.6949487115024358
27,1.72,0.7159837071794873
27,1.81,0.7366463199094654
27,1.9,0.7569637805897677
27,1.99,0.7769596110567053
27,2.08,0.7966549872271826
27,2.17,0.8160694098471083
27,2.26,0.8352200960778459
27,2.35,0.8541216436226653
27,2.44,0.8727873258853341
27,2.53,0.8912306134196367
27,2.62,0.9094635936052734
27,2.71,0.9274948860333665
27,2.8,0.945332675615945
27,2.89,0.9629898730891753
27,2.98,0.9804733827445886
27,3.07,0.9977833089056802
27,3.16,1.014935688646712
27,3.25,1.0319364337887393
27,3.34,1.0487915985747167
27,3.43,1.0655069881679993
27,3.52,1.0820871528844598
27,3.61,1.0985370468690856
27,3.7,1.1148614136002333
27,3.79,1.1310631735251222
27,3.88,1.1471474634470142
27,3.97,1.1631162307383942
27,4.06,1.178972612482634
27,4.15,1.194724459560118
27,4.24,1.2103748565782324
27,4.33,1.225926695801888
27,4.42,1.2413826338378189
27,4.51,1.2567450827131434
27,4.6,1.2720161491796322
27,4.69,1.2871975996969092
27,4.78,1.302290707195847
27,4.87,1.3172953057974257
27,4.96,1.3322205095162998
27,5.05,1.3470683095020355
27,5.14,1.361840576089264
27,5.23,1.3765390435074087
27,5.32,1.3911652839826547
27,5.41,1.4057206061776724
27,5.5,1.420205407238338
27,5.59,1.4346136819673185
27,5.68,1.4489486119782933
27,5.77,1.4632201441418813
27,5.86,1.4774299227641052
27,5.95,1.4915793119292358
27,6.04,1.5056696021328397
27,6.13,1.5197020347427184
27,6.22,1.5336778067626105
27,6.31,1.5475980691134343
27,6.4,1.5614582100560086
27,6.49,1.5752606212846543
27,6.58,1.589008208649117
27,6.67,1.6027027740472908
27,6.76,1.6163457981653206
27,6.85,1.6299385761519294
27,6.94,1.6434822729101042
27,7.03,1.6569779594510543
27,7.12,1.670422147218897
27,7.21,1.6838195220032801
27,7.3,1.6971689943252681
27,7.39,1.7104729241338859
27,7.48,1.7237325504964611
27,7.57,1.736948387689902
27,7.66,1.7501215771132421
27,7.75,1.763253130123967
27,7.84,1.7763389874095736
27,7.93,1.789384690439406
27,8.02,1.802390574772987
27,8.11,1.8153559816083809
27,8.2,1.8282821361675903
27,8.29,1.8411707829241923
27,8.38,1.8540219675074723
27,8.47,1.8668346423919335
27,8.56,1.8796080061562945
27,8.65,1.8923463526713507
27,8.74,1.905049827975902
27,8.83,1.9177179643596258
27,8.92,1.9303508243420113
27,9.01,1.942949491519535
27,9.1,1.9555156643084597
27,9.19,1.9680465544803294
27,9.28,1.980543648708636
27,9.37,1.993008533416171
27,9.46,2.005442225433795
27,9.55,2.0178455671939672
27,9.64,2.030218273592629
27,9.73,2.042559194907437
27,9.82,2.0548692067979277
27,9.91,2.067146978039221
27,10.0,2.0793963367066657
28,1.0,0.533541711133053
28,1.09,0.5583972668032476
28,1.18,0.5825158800640836
28,1.27,0.6059770581293955
28,1.36,0.6288506236822989
28,1.45,0.6511956261187747
28,1.54,0.6730604012408328
28,1.63,0.6944820010367864
28,1.72,0.715495964515423
28,1.81,0.7361375013115269
28,1.9,0.7564340172077696
28,1.99,0.7764091357564258
28,2.08,0.7960837995723723
28,2.17,0.815477401761606
28,2.26,0.8346074064596423
28,2.35,0.8534885159654747
28,2.44,0.8721336335316149
28,2.53,0.890556178110458
28,2.62,0.9087687316860407
28,2.71,0.9267798679160849
28,2.8,0.9445969411442263
28,2.89,0.9622334840268264
28,2.98,0.9796973320314342
28,3.07,0.9969865509430906
28,3.16,1.0141182027847426
28,3.25,1.031098352255863
28,3.34,1.047932994374115
28,3.43,1.0646278122541923
28,3.52,1.0811875704395943
28,3.61,1.0976170930583016
28,3.7,1.1139209720254626
28,3.79,1.130102648805516
28,3.88,1.1461661803457086
28,3.97,1.162115071842526
28,4.06,1.1779506889582638
28,4.15,1.1936818512021923
28,4.24,1.2093116466308844
28,4.33,1.224842947669822
28,4.42,1.2402783972151399
28,4.51,1.2556203999295308
28,4.6,1.2708710938246848
28,4.69,1.2860322220447866
28,4.78,1.301104848395418
28,4.87,1.3160889720084397
28,4.96,1.3309932854158844
28,5.05,1.3458202186457626
28,5.14,1.3605716543778785
28,5.23,1.3752493560124226
28,5.32,1.3898549406945095
28,5.41,1.404389747538298
28,5.5,1.4188542110742615
28,5.59,1.433244386733911
28,5.68,1.4475581417511483
28,5.77,1.4618084485814493
28,5.86,1.4759969700728157
28,5.95,1.490125084317776
28,6.04,1.504194085843844
28,6.13,1.5182052167821385
28,6.22,1.5321596742608805
28,6.31,1.5460586132794574
28,6.4,1.5598986422496126
28,6.49,1.5736804686904189
28,6.58,1.5874071990955634
28,6.67,1.6010807948595371
28,6.76,1.6147028522427718
28,6.85,1.6282746644730395
28,6.94,1.6417973891216793
28,7.03,1.6552720907148422
28,7.12,1.6686960864995763
28,7.21,1.6820725842051718
28,7.3,1.6954014667532589
28,7.39,1.7086849563841633
28,7.48,1.721923846570319
28,7.57,1.7351186832438892
28,7.66,1.748270877043645
28,7.75,1.761381358463425
28,7.84,1.774446650264701
28,7.93,1.7874709608578976
28,8.02,1.8004559467608776
28,8.11,1.813400138265928
28,8.2,1.8263047667079566
28,8.29,1.8391719068592582
28,8.38,1.8520018592200682
28,8.47,1.8647939472475172
28,8.56,1.8775456701138962
28,8.65,1.890262360952891
28,8.74,1.9029442637256195
28,8.83,1.9155911487161117
28,8.92,1.9282027098939425
28,9.01,1.9407795760329942
28,9.1,1.9533239899333046
28,9.19,1.9658340022783427
28,9.28,1.978309720584681
28,9.37,1.9907532855346852
28,9.46,2.0031653673584433
28,9.55,2.0155469134184543
28,9.64,2.027897935860086
28,9.73,2.0402175704402308
28,9.82,2.052506489817069
28,9.91,2.0647625015622904
28,10.0,2.0769900187008195
29,1.0,0.5332721309415668
29,1.09,0.558109202748055
29,1.18,0.5822095283251365
29,1.27,0.6056532306008672
29,1.36,0.6285086935875772
29,1.45,0.6508356152614129
29,1.54,0.6726824359215576
29,1.63,0.694087219611079
29,1.72,0.715083435394771
29,1.81,0.7357071815205497
29,1.9,0.7559860124532161
29,1.99,0.7759436172702154
29,2.08,0.7956007399816294
29,2.17,0.8149767101173782
29,2.26,0.8340892108939055
29,2.35,0.8529530091338314
29,2.44,0.8715806935322961
29,2.53,0.8899856593483827
29,2.62,0.9081809135028769
29,2.71,0.9261749684227879
29,2.8,0.9439744685723058
29,2.89,0.9615934370192512
29,2.98,0.9790397999836682
29,3.07,0.9963124128380464
29,3.16,1.0134265972467824
29,3.25,1.0303893716535744
29,3.34,1.0472066811570648
29,3.43,1.0638841242528692
29,3.52,1.0804266176554043
29,3.61,1.0968388258839772
29,3.7,1.11312528049141
29,3.79,1.1292898523957042
29,3.88,1.145335792534952
29,3.97,1.161267920634755
29,4.06,1.1770860484271664
29,4.15,1.1927997608702516
29,4.24,1.2084121372999583
29,4.33,1.2239260442330513
29,4.42,1.2393441330291741
29,4.51,1.2546688080885222
29,4.6,1.2699021540502489
29,4.69,1.2850458237211249
29,4.78,1.3001010493092173
29,4.87,1.3150681990314104
29,4.96,1.32995481508061
29,5.05,1.3447640701447487
29,5.14,1.3594978612130604
29,5.23,1.3741579729944153
29,5.32,1.3887460413240078
29,5.41,1.4032634144395706
29,5.5,1.4177106671829514
29,5.59,1.4320859094250915
29,5.68,1.4463816399197287
29,5.77,1.4606139624083156
29,5.86,1.474784476429475
29,5.95,1.4888945656693808
29,6.04,1.5029455285982445
29,6.13,1.5169386087083012
29,6.22,1.5308750034314973
29,6.31,1.5447558678998907
29,6.4,1.5585784968769743
29,6.49,1.5723429859556834
29,6.58,1.5860522027651605
29,6.67,1.5997080930762588
29,6.76,1.6133123335894495
29,6.85,1.626866289103687
29,6.94,1.640371159950016
29,7.03,1.6538280082086891
29,7.12,1.6672348218075466
29,7.21,1.6805934447275164
29,7.3,1.6939048520011257
29,7.39,1.7071707271199914
29,7.48,1.7203918843217432
29,7.57,1.733569159520028
29,7.66,1.7467038283183158
29,7.75,1.759796586961164
29,7.84,1.7728446316537703
29,7.93,1.7858510266309722
29,8.02,1.7988180556486182
29,8.11,1.8117444293333798
29,8.2,1.8246311814630345
29,8.29,1.8374802067550946
29,8.38,1.8502922452745598
29,8.47,1.863066732377047
29,8.56,1.875800249275599
29,8.65,1.8884986107104542
29,8.74,1.9011623221853173
29,8.83,1.913791320887716
29,8.92,1.9263848658225786
29,9.01,1.9389432891890892
29,9.1,1.9514692478138396
29,9.19,1.9639614956098244
29,9.28,1.9764190219787734
29,9.37,1.9888443689342357
29,9.46,2.001237986517944
29,9.55,2.013600962182429
29,9.64,2.025933586682251
29,9.73,2.038235233668379
29,9.82,2.0505061231305577
29,9.91,2.0627442670914524
29,10.0,2.074953348419198
30,1.0,0.5330440260515521
30,1.09,0.5578654220988872
30,1.18,0.5819502788962498
30,1.27,0.6053792166817886
30,1.36,0.6282193902254983
30,1.45,0.6505310379930777
30,1.54,0.6723626885659973
30,1.63,0.6937532472778561
30,1.72,0.714734431071321
30,1.81,0.7353431081506695
30,1.9,0.7556069673670809
30,1.99,0.77554973877534
30,2.08,0.7951919929299656
30,2.17,0.8145530174004239
30,2.26,0.8336506904837082
30,2.35,0.8524998220684538
30,2.44,0.8711127208641666
30,2.53,0.8895027590243682
30,2.62,0.9076831127356797
30,2.71,0.9256624472653306
30,2.8,0.9434476069518553
30,2.89,0.9610517498364117
30,2.98,0.9784833500019708
30,3.07,0.9957419300480443
30,3.16,1.0128413515958807
30,3.25,1.0297894257420859
30,3.34,1.046592024265785
30,3.43,1.0632546979150796
30,3.52,1.0797825083027315
30,3.61,1.0961799973809618
30,3.7,1.1124517108293273
30,3.79,1.1286018369929878
30,3.88,1.144632944001292
30,3.97,1.1605509207567621
30,4.06,1.1763542552531676
30,4.15,1.1920531888180392
30,4.24,1.2076508046211192
30,4.33,1.2231499689861396
30,4.42,1.2385533117019343
30,4.51,1.2538631939287042
30,4.6,1.2690816973519068
30,4.69,1.284210583455072
30,4.78,1.2992513242772545
30,4.87,1.3142040900986849
30,4.96,1.3290757093609815
30,5.05,1.3438699857919918
30,5.14,1.3585888274027187
30,5.23,1.3732340290956386
30,5.32,1.3878072323967139
30,5.41,1.402309809184367
30,5.5,1.4167425677185612
30,5.59,1.4311051504466508
30,5.68,1.445385792513867
30,5.77,1.4596028639004546
30,5.86,1.47375811747363
30,5.95,1.4878529312208923
30,6.04,1.5018886057394574
30,6.13,1.5158663859509942
30,6.22,1.5297874698465554
30,6.31,1.5436530126977341
30,6.4,1.5574608883986492
30,6.49,1.5712104572699164
30,6.58,1.584904823211875
30,6.67,1.5985458066915073
30,6.76,1.6121350274092328
30,6.85,1.625673864343155
30,6.94,1.6391635570420588
30,7.03,1.652605203607786
30,7.12,1.6659973898723182
30,7.21,1.6793408063220736
30,7.3,1.6926373640348509
30,7.39,1.7058881826931258
30,7.48,1.7190942342611992
30,7.57,1.7322565332443083
30,7.66,1.7453761362628912
30,7.75,1.7584537606389923
30,7.84,1.7714873636831883
30,7.93,1.784478773429474
30,8.02,1.79743070414827
30,8.11,1.8103421109712146
30,8.2,1.823213838261666
30,8.29,1.8360475695239058
30,8.38,1.848844278844507
30,8.47,1.8616035295131528
30,8.56,1.874322328340888
30,8.65,1.887005262199305
30,8.74,1.8996536279740843
30,8.83,1.9122674404174813
30,8.92,1.9248456574777755
30,9.01,1.9373885261627546
30,9.1,1.9498988657254606
30,9.19,1.9623761234528345
30,9.28,1.9748183318226338
30,9.37,1.9872282729141508
30,9.46,1.999606248529605
30,9.55,2.011953489388187
30,9.64,2.0242705173092106
30,9.73,2.0365568444571953
30,9.82,2.048812171090613
30,9.91,2.061035269391813
30,10.0,2.073228595929931
31,1.0,0.5328509727623868
31,1.09,0.5576591179289258
31,1.18,0.5817308993359179
31,1.27,0.6051473392781948
31,1.36,0.6279745615294963
31,1.45,0.6502732713673912
31,1.54,0.6720920770535733
31,1.63,0.693470585845894
31,1.72,0.714439027949466
31,1.81,0.7350349312887396
31,1.9,0.7552861060068683
31,1.99,0.7752163097030154
31,2.08,0.7948459556537247
31,2.17,0.814194294240584
31,2.26,0.8332792810510931
31,2.35,0.8521158103492191
31,2.44,0.8707162963686563
31,2.53,0.8890939191184124
31,2.62,0.9072616892815561
31,2.71,0.9252285897277208
31,2.8,0.9430016178782096
31,2.89,0.9605932233816967
31,2.98,0.9780123284026366
31,3.07,0.9952589982430253
31,3.16,1.0123458756535157
31,3.25,1.029281454424311
31,3.34,1.0460715491867891
31,3.43,1.0627217024137263
31,3.52,1.0792370979238606
31,3.61,1.0956221504364965
31,3.7,1.1118814268698007
31,3.79,1.1280193379913575
31,3.88,1.1440378920094623
31,3.97,1.1599438802710607
31,4.06,1.175734677210587
31,4.15,1.1914210833121066
31,4.24,1.2070061691714322
31,4.33,1.2224927777949228
31,4.42,1.237883528610825
31,4.51,1.2531808120417296
31,4.6,1.268386795872109
31,4.69,1.2835033180258912
31,4.78,1.2985317728707466
31,4.87,1.3134723466647114
31,4.96,1.3283312562121203
31,5.05,1.343112839058248
31,5.14,1.3578190087113795
31,5.23,1.3724515634052494
31,5.32,1.3870121516382592
31,5.41,1.4015021964154935
31,5.5,1.4159227590675825
31,5.59,1.430274216188939
31,5.68,1.4445425578310664
31,5.77,1.4587467117936588
31,5.86,1.4728890275984856
31,5.95,1.486970892696575
31,6.04,1.5009936070729315
31,6.13,1.5149584165434737
31,6.22,1.5288665197113411
31,6.31,1.5427190721135486
31,6.4,1.5565144384341982
31,6.49,1.5702513658447947
31,6.58,1.583933006584064
31,6.67,1.5975612869906872
31,6.76,1.6111378071101765
31,6.85,1.6246638951199064
31,6.94,1.6381407695116905
31,7.03,1.6515695364964853
31,7.12,1.6649492868384748
31,7.21,1.6782797593412226
31,7.3,1.6915636908850464
31,7.39,1.7048016864118807
31,7.48,1.7179949034422564
31,7.57,1.7311444486745848
31,7.66,1.7442511881813862
31,7.75,1.757315926116534
31,7.84,1.770337215025694
31,7.93,1.7833157646680664
31,8.02,1.7962547872560362
31,8.11,1.8091535690205216
31,8.2,1.8220126870801243
31,8.29,1.8348335833336795
31,8.38,1.8476173943445764
31,8.47,1.8603638293418503
31,8.56,1.8730702470617702
31,8.65,1.8857401472149515
31,8.74,1.8983754362296221
31,8.83,1.910976190233595
31,8.92,1.9235414989119533
31,9.01,1.936071594059404
31,9.1,1.9485687746528642
31,9.19,1.9610333796004777
31,9.28,1.9734625900965377
31,9.37,1.985859426347246
31,9.46,1.9982241551966748
31,9.55,2.0105580934375746
31,9.64,2.022861946464409
31,9.73,2.03513533158821
31,9.82,2.04737753876976
31,9.91,2.0595879083096533
31,10.0,2.0717678794214214
32,1.0,0.5326875558236703
32,1.09,0.5574844763296316
32,1.18,0.5815451866067717
32,1.27,0.6049510361270282
32,1.36,0.6277672804201095
32,1.45,0.6500550236783565
32,1.54,0.671862946033725
32,1.63,0.6932312440578619
32,1.72,0.7141888818225853
32,1.81,0.7347739450420135
32,1.9,0.7550142916942801
32,1.99,0.774933727693415
32,2.08,0.7945527270497774
32,2.17,0.8138904557690957
32,2.26,0.8329647653183282
32,2.35,0.8517906441628049
32,2.44,0.8703806334661108
32,2.53,0.8887477479608521
32,2.62,0.9069048694118189
32,2.71,0.9248612399186945
32,2.8,0.9426239666412451
32,2.89,0.9602049221038786
32,2.98,0.9776134095120037
32,3.07,0.9948499576578151
32,3.16,1.011926197790378
32,3.25,1.0288512026610632
32,3.34,1.045630724227936
32,3.43,1.062270300421738
32,3.52,1.0787752047140697
32,3.61,1.0951497298778072
32,3.7,1.1113984798710437
32,3.79,1.1275260347924745
32,3.88,1.1435339482770126
32,3.97,1.1594297726724396
32,4.06,1.1752099276640768
32,4.15,1.1908856736422413
32,4.24,1.2064600745835132
32,4.33,1.2219359856072443
32,4.42,1.237316063851522
32,4.51,1.2526027440374257
32,4.6,1.2677982026254841
32,4.69,1.2829042390264167
32,4.78,1.2979222720270311
32,4.87,1.3128525108471352
32,4.96,1.3277006474605009
32,5.05,1.3424714693556279
32,5.14,1.3571668918205388
32,5.23,1.3717887159279816
32,5.32,1.3863386064587564
32,5.41,1.4008180546715276
32,5.5,1.4152283106469306
32,5.59,1.4295700267377505
32,5.68,1.4438283059099368
32,5.77,1.458021552622964
32,5.86,1.4721529000881108
32,5.95,1.486223786146832
32,6.04,1.5002355120585562
32,6.13,1.514189323625383
32,6.22,1.528086419859073
32,6.31,1.541927956591876
32,6.4,1.5557127145914538
32,6.49,1.5694389296318587
32,6.58,1.5831097822057332
32,6.67,1.5967272262308398
32,6.76,1.6102929015366767
32,6.85,1.6238081563670237
32,6.94,1.6372741913007367
32,7.03,1.6506920864189922
32,7.12,1.6640613289530595
32,7.21,1.677380832656261
32,7.3,1.6906540464514632
32,7.39,1.7038811235390643
32,7.48,1.7170634295690514
32,7.57,1.7302021220529629
32,7.66,1.7432979135274569
32,7.75,1.756351702673081
32,7.84,1.7693625055510074
32,7.93,1.7823300802128492
32,8.02,1.795258107243713
32,8.11,1.808146145334779
32,8.2,1.82099447387102
32,8.29,1.8338043769992658
32,8.38,1.8465771961079576
32,8.47,1.8593128135171733
32,8.56,1.872008830682538
32,8.65,1.884667773452903
32,8.74,1.8972920540012386
32,8.83,1.9098818132082445
32,8.92,1.9224362626264546
32,9.01,1.934955574323264
32,9.1,1.9474416202674438
32,9.19,1.9598954438778513
32,9.28,1.9723134939987164
32,9.37,1.9846992478451464
32,9.46,1.9970529794879817
32,9.55,2.009375819095931
32,9.64,2.0216685698447443
32,9.73,2.0339310045992187
32,9.82,2.0461620740920305
32,9.91,2.058361615521949
32,10.0,2.070530263321204
33,1.0,0.532549170738127
33,1.09,0.5573365774509976
33,1.18,0.5813879081228106
33,1.27,0.6047847809507957
33,1.36,0.6275917163097661
33,1.45,0.6498701522666774
33,1.54,0.6716687954601348
33,1.63,0.6930283575547322
33,1.72,0.7139768631128255
33,1.81,0.7345528326475257
33,1.9,0.7547840574310831
33,1.99,0.7746943925935905
33,2.08,0.7943043860777704
33,2.17,0.813633133619892
33,2.26,0.8326984034707734
33,2.35,0.8515152637498605
33,2.44,0.8700963527705661
33,2.53,0.8884545431390387
33,2.62,0.9066026205253508
33,2.71,0.9245500487241614
33,2.8,0.942304023958491
33,2.89,0.9598759498762668
33,2.98,0.9772754490046258
33,3.07,0.9945034346464485
33,3.16,1.0115706822795756
33,3.25,1.0284867474738557
33,3.34,1.0452573193602497
33,3.43,1.0618879400516774
33,3.52,1.07838395637668
33,3.61,1.0947495539566883
33,3.7,1.1109893835337608
33,3.79,1.127108151879073
33,3.88,1.1431070320592114
33,3.97,1.158994209509029
33,4.06,1.1747652956509669
33,4.15,1.1904319629096134
33,4.24,1.20599729615063
33,4.33,1.221464174519442
33,4.42,1.2368352656121018
33,4.51,1.2521129934911799
33,4.6,1.2672995251541013
33,4.69,1.2823966680499679
33,4.78,1.2974058607684467
33,4.87,1.3123273378541265
33,4.96,1.327166340532908
33,5.05,1.3419280358658754
33,5.14,1.3566143404813427
33,5.23,1.3712270621522804
33,5.32,1.385767890259569
33,5.41,1.4002383787203978
33,5.5,1.414639889328224
33,5.59,1.4289731186729542
33,5.68,1.4432231393142376
33,5.77,1.4574071881273383
33,5.86,1.4715292428617013
33,5.95,1.4855908188307343
33,6.04,1.4995932263396774
33,6.13,1.5135377114797535
33,6.22,1.5274254732966113
33,6.31,1.5412576678207024
33,6.4,1.555033428589523
33,6.49,1.5687505638656085
33,6.58,1.5824122698492498
33,6.67,1.5960205256077902
33,6.76,1.6095769784952514
33,6.85,1.6230829936229092
33,6.94,1.636539787950295
33,7.03,1.6499484488651193
33,7.12,1.663308802223711
33,7.21,1.6766190395367486
33,7.3,1.6898831997479191
33,7.39,1.7031010226442662
33,7.48,1.7162740774078649
33,7.57,1.72940354416268
33,7.66,1.7424900192219108
33,7.75,1.7555345016643698
33,7.84,1.7685363818892983
33,7.93,1.7814946160203733
33,8.02,1.7944132977545368
33,8.11,1.8072922047108582
33,8.2,1.820131329811994
33,8.29,1.832931860241897
33,8.38,1.8456953246903924
33,8.47,1.8584217352290635
33,8.56,1.8711088562192877
33,8.65,1.8837584181500975
33,8.74,1.896373308542369
33,8.83,1.908953750823242
33,8.92,1.9214990527273328
33,9.01,1.9340092819996915
33,9.1,1.9464859545305944
33,9.19,1.9589305239273238
33,9.28,1.9713393409288458
33,9.37,1.9837157639609002
33,9.46,1.9960602169685704
33,9.55,2.00837366318189
33,9.64,2.0206570022085684
33,9.73,2.032910086543391
33,9.82,2.0451316110053757
33,9.91,2.057321991735684
33,10.0,2.0694812045680826
34,1.0,0.532431938331524
34,1.09,0.5572112698474263
34,1.18,0.5812546117782814
34,1.27,0.604643824974822
34,1.36,0.6274428898726939
34,1.45,0.6497134991074651
34,1.54,0.6715043146392027
34,1.63,0.6928564893995638
34,1.72,0.7137972669953386
34,1.81,0.7343655367854853
34,1.9,0.7545890365762977
34,1.99,0.7744916638122551
34,2.08,0.7940940233371299
34,2.17,0.8134151482486227
34,2.26,0.8324727422881207
34,2.35,0.8512819456941297
34,2.44,0.8698554776419516
34,2.53,0.8882060931507396
34,2.62,0.9063465058088388
34,2.71,0.9242863647557694
34,2.8,0.9420329321017994
34,2.89,0.9595972207925495
34,2.98,0.976989116670698
34,3.07,0.9942098525434349
34,3.16,1.0112694842867391
34,3.25,1.028177975552637
34,3.34,1.0449409589759446
34,3.43,1.0615639877535588
34,3.52,1.0780524678460668
34,3.61,1.0944104877681462
34,3.7,1.1106427433661332
34,3.79,1.126754034283841
34,3.88,1.1427452213491807
34,3.97,1.1586248157634615
34,4.06,1.1743884264571098
34,4.15,1.1900474187978003
34,4.24,1.2056051043479963
34,4.33,1.221064357597673
34,4.42,1.2364278400555373
34,4.51,1.251697974820791
34,4.6,1.2668769348138844
34,4.69,1.2819665347061011
34,4.78,1.296968228552798
34,4.87,1.311882275812541
34,4.96,1.3267135313179996
34,5.05,1.3414674838090168
34,5.14,1.3561460532343284
34,5.23,1.370751058253155
34,5.32,1.3852842136427654
34,5.41,1.3997471183059231
34,5.5,1.414141184955398
34,5.59,1.4284670587952242
34,5.68,1.4427102808162033
34,5.77,1.4568865755598144
34,5.86,1.4710007622134895
34,5.95,1.4850544445386962
34,6.04,1.4990489489828756
34,6.13,1.5129855241078298
34,6.22,1.5268653690493004
34,6.31,1.5406896398528598
34,6.4,1.5544577691211396
34,6.49,1.5681672069562214
34,6.58,1.5818211571095222
34,6.67,1.5954216213986168
34,6.76,1.608970253170772
34,6.85,1.6224684244347118
34,6.94,1.635917356676413
34,7.03,1.6493181457931492
34,7.12,1.6626709228161498
34,7.21,1.6759732886896823
34,7.3,1.689229786213869
34,7.39,1.7024397784632794
34,7.48,1.7156050167133403
34,7.57,1.7287266739212026
34,7.66,1.7418052504318466
34,7.75,1.7548418392758274
34,7.84,1.7678361345186564
34,7.93,1.780786420816931
34,8.02,1.793697158003645
34,8.11,1.8065683052631498
34,8.2,1.819399593409313
34,8.29,1.8321921518101159
34,8.38,1.8449476693916906
34,8.47,1.857666252812504
34,8.56,1.8703457869331404
34,8.65,1.8829873504457983
34,8.74,1.8955942476262844
34,8.83,1.9081667641869828
34,8.92,1.9207042719245775
34,9.01,1.9332067274375115
34,9.1,1.945675384509099
34,9.19,1.9581119291098714
34,9.28,1.9705130537698754
34,9.37,1.9828816061011763
34,9.46,1.9952182380194485
34,9.55,2.0075237623736943
34,9.64,2.019799120873853
34,9.73,2.032044248141786
34,9.82,2.044257844966746
34,9.91,2.056440507910082
34,10.0,2.0685917571456316
35,1.0,0.5323325482543902
35,1.09,0.5571050748384426
35,1.18,0.5811416698432447
35,1.27,0.6045244012341044
35,1.36,0.6273168031875155
35,1.45,0.6495807836252595
35,1.54,0.6713649687691883
35,1.63,0.6927105848931527
35,1.72,0.7136451125544497
35,1.81,0.7342068488860771
35,1.9,0.75442379094487
35,1.99,0.7743198753887678
35,2.08,0.7939157548240554
35,2.17,0.81323040997739
35,2.26,0.8322814949029645
35,2.35,0.8510842125422453
35,2.44,0.869651346065414
35,2.53,0.8879955485621335
35,2.62,0.9061294752629715
35,2.71,0.9240629286029851
35,2.8,0.9418032201694604
35,2.89,0.9593610392119656
35,2.98,0.9767464920980402
35,3.07,0.9939610803843955
35,3.16,1.0110142552078945
35,3.25,1.0279163245233063
35,3.34,1.0446728687690519
35,3.43,1.0612894530388663
35,3.52,1.0777715290407786
35,3.61,1.0941231001946539
35,3.7,1.110348857149835
35,3.79,1.1264536988295009
35,3.88,1.142438501675201
35,3.97,1.1583115828474575
35,4.06,1.174068983868806
35,4.15,1.1897214933749745
35,4.24,1.2052727061138488
35,4.33,1.2207254952363011
35,4.42,1.236082523981396
35,4.51,1.25134621830926
35,4.6,1.266518756074393
35,4.69,1.281601958029403
35,4.78,1.2965972898956195
35,4.87,1.3115050347136503
35,4.96,1.3263297174342372
35,5.05,1.341077100878136
35,5.14,1.3557491106177375
35,5.23,1.3703475773003304
35,5.32,1.384874235950855
35,5.41,1.399330711368833
35,5.5,1.4137184288148081
35,5.59,1.4280379591753076
35,5.68,1.4422755685731932
35,5.77,1.4564453248359686
35,5.86,1.4705528526015543
35,5.95,1.484599844132254
35,6.04,1.4985876460531946
35,6.13,1.5125175118342624
35,6.22,1.526390641514591
35,6.31,1.5402081911711565
35,6.4,1.5539698469107672
35,6.49,1.5676727581885004
35,6.58,1.581320131077696
35,6.67,1.5949139876179486
35,6.76,1.6084559861687842
35,6.85,1.6219475046522374
35,6.94,1.6353897668507633
35,7.03,1.648783871654326
35,7.12,1.6621302032285867
35,7.21,1.6754258621458604
35,7.3,1.688675834697507
35,7.39,1.701879165793843
35,7.48,1.7150377784067874
35,7.57,1.7281528220321223
35,7.66,1.7412247148750422
35,7.75,1.7542546297825765
35,7.84,1.7672425026027092
35,7.93,1.7801860488349146
35,8.02,1.7930900474655211
35,8.11,1.8059546078108373
35,8.2,1.8187792269060126
35,8.29,1.8315650052939747
35,8.38,1.844313770752273
35,8.47,1.8570257012204916
35,8.56,1.8696987756636914
35,8.65,1.8823335344937189
35,8.74,1.8949336399685173
35,8.83,1.9074994225638136
35,8.92,1.9200302997271486
35,9.01,1.9325261226810229
35,9.1,1.9449879494948772
35,9.19,1.9574176653528512
35,9.28,1.9698122463917058
35,9.37,1.982174097770412
35,9.46,1.9945040488499495
35,9.55,2.006802796813262
35,9.64,2.0190713007893524
35,9.73,2.0313096050445676
35,9.82,2.0435165752221716
35,9.91,2.055692724644751
35,10.0,2.067837256506439
36,1.0,0.5322483336026648
36,1.09,0.557015095525371
36,1.18,0.581045953623257
36,1.27,0.6044230265340916
36,1.36,0.6272099675421723
36,1.45,0.6494683239838951
36,1.54,0.6712468819029738
36,1.63,0.6925868904625038
36,1.72,0.7135161549781287
36,1.81,0.7340723467932542
36,1.9,0.7542837272339737
36,1.99,0.7741742676029965
36,2.08,0.7937646585826084
36,2.17,0.8130738344368096
36,2.26,0.8321194081945004
36,2.35,0.8509166354471756
36,2.44,0.869478350045621
36,2.53,0.8878171181061998
36,2.62,0.9059455488688071
36,2.71,0.9238735735071905
36,2.8,0.9416085423025471
36,2.89,0.959160875942725
36,2.98,0.9765408653181289
36,3.07,0.9937502371219963
36,3.16,1.0107979315683813
36,3.25,1.0276945460605398
36,3.34,1.044445614517282
36,3.43,1.0610566917824276
36,3.52,1.0775332687981916
36,3.61,1.093879371109427
36,3.7,1.1100996637014737
36,3.79,1.1261990115282956
36,3.88,1.1421784845185396
36,3.97,1.1580460606650747
36,4.06,1.1737982044908606
36,4.15,1.1894452184554554
36,4.24,1.2049909412849054
36,4.33,1.2204382473347
36,4.42,1.2357898018961708
36,4.51,1.2510480333297809
36,4.6,1.2662151233725487
36,4.69,1.2812928977254074
36,4.78,1.2962828309352201
36,4.87,1.311185228329476
36,4.96,1.3260043344639012
36,5.05,1.3407461462502057
36,5.14,1.3554125956223295
36,5.23,1.3700055233218589
36,5.32,1.3845266773775882
36,5.41,1.3989776935509972
36,5.5,1.413359990102003
36,5.59,1.4276740740285483
36,5.68,1.4419070377675565
36,5.77,1.4560712776650728
36,5.86,1.4701731711771557
36,5.95,1.4842144931335812
36,6.04,1.498196611497661
36,6.13,1.512120786316944
36,6.22,1.5259882195556445
36,6.31,1.5398000677038328
36,6.4,1.5535562318591842
36,6.49,1.5672536086765938
36,6.58,1.5808954032811235
36,6.67,1.594483655457473
36,6.76,1.6080200278087828
36,6.85,1.6215059033423542
36,6.94,1.6349425077871664
36,7.03,1.6483309424297763
36,7.12,1.661671805311021
36,7.21,1.6749617691729293
36,7.3,1.6882061959752697
36,7.39,1.7014038534208242
36,7.48,1.7145568262872832
36,7.57,1.7276662407458452
36,7.66,1.740732454145797
36,7.75,1.7537567115275294
36,7.84,1.7667391441929978
36,7.93,1.7796769841060718
36,8.02,1.7925752821868906
36,8.11,1.8054342688615421
36,8.2,1.8182532317480113
36,8.29,1.8310332593290404
36,8.38,1.8437762978641998
36,8.47,1.8564825788342978
36,8.56,1.8691501567653614
36,8.65,1.8817791276920972
36,8.74,1.894373461999304
36,8.83,1.9069335232512976
36,8.92,1.9194587634213305
36,9.01,1.9319489377598966
36,9.1,1.9444049558678889
36,9.19,1.9568288703585932
36,9.28,1.9692178915196417
36,9.37,1.9815740454212625
36,9.46,1.9938983032194646
36,9.55,2.006191273051189
36,9.64,2.0184539406439623
36,9.73,2.0306864440169545
36,9.82,2.0428877752868257
36,9.91,2.055058379648573
36,10.0,2.0671971776860483
37,1.0,0.5321769686983989
37,1.09,0.5569388403909193
37,1.18,0.5809648276528605
37,1.27,0.6043370767407987
37,1.36,0.62711940916011
37,1.45,0.649372993623678
37,1.54,0.6711467791991447
37,1.63,0.6924820354014374
37,1.72,0.7134068411849752
37,1.81,0.7339583360345878
37,1.9,0.7541650059203493
37,1.99,0.7740508514421742
37,2.08,0.7936365935224807
37,2.17,0.8129411260621069
37,2.26,0.8319820289666964
37,2.35,0.8507746030062671
37,2.44,0.8693317232753479
37,2.53,0.8876658823149263
37,2.62,0.9057896528638004
37,2.71,0.9237130739223609
37,2.8,0.9414435254278465
37,2.89,0.9589912034269378
37,2.98,0.9763665527992894
37,3.07,0.9935714896424885
37,3.16,1.010614507048457
37,3.25,1.0275064489495376
37,3.34,1.0442528608261958
37,3.43,1.0608592892964421
37,3.52,1.0773312079223438
37,3.61,1.0936726896310158
37,3.7,1.1098883923584126
37,3.79,1.125983093764639
37,3.88,1.1419580514055285
37,3.97,1.1578209603430027
37,4.06,1.1735686449761173
37,4.15,1.1892109973365483
37,4.24,1.2047520633303568
37,4.33,1.220194718370557
37,4.42,1.2355416293720405
37,4.51,1.250795226597052
37,4.6,1.265957694783975
37,4.69,1.2810308637666068
37,4.78,1.29601621509591
37,4.87,1.310914075285959
37,4.96,1.3257284511382479
37,5.05,1.3404655389639593
37,5.14,1.3551272761573794
37,5.23,1.3697155102918348
37,5.32,1.384231995887692
37,5.41,1.3986783702677432
37,5.5,1.4130560377853774
37,5.59,1.427365463272509
37,5.68,1.4415945724326045
37,5.77,1.4557541552712272
37,5.86,1.469851281709043
37,5.95,1.4838878005592313
37,6.04,1.4978651003474828
37,6.13,1.5117844484066654
37,6.22,1.5256470493977003
37,6.31,1.539454060724588
37,6.4,1.5532055660344153
37,6.49,1.5668982491933052
37,6.58,1.580535312420374
37,6.67,1.5941188109231184
37,6.76,1.6076504109140346
37,6.85,1.6211314997520856
37,6.94,1.634563304837208
37,7.03,1.6479469294965703
37,7.12,1.6612831532329944
37,7.21,1.6745682856644561
37,7.3,1.6878080087529959
37,7.39,1.7010008478289202
37,7.48,1.7141490310736855
37,7.57,1.7272536568937045
37,7.66,1.7403150355204862
37,7.75,1.7533344786471825
37,7.84,1.7663122815347196
37,7.93,1.7792452722433056
37,8.02,1.792138735490127
37,8.11,1.8049930007527877
37,8.2,1.8178071699898106
37,8.29,1.8305823287312875
37,8.38,1.843320521714159
37,8.47,1.8560220189496337
37,8.56,1.868684934604734
37,8.65,1.881308994807305
37,8.74,1.893898433882573
37,8.83,1.9064536395014025
37,8.92,1.9189740904276156
37,9.01,1.9314594569224193
37,9.1,1.9439105360006674
37,9.19,1.956329521686327
37,9.28,1.9687138189767492
37,9.37,1.9810651309549594
37,9.46,1.9933845434508075
37,9.55,2.0056725954899144
37,9.64,2.017930302205363
37,9.73,2.0301578801727023
37,9.82,2.0423544185573808
37,9.91,2.0545203083304826
37,10.0,2.0666542221752207
38,1.0,0.532116470909361
38,1.09,0.5568741938492286
38,1.18,0.5808960504735093
38,1.27,0.604264211257063
38,1.36,0.627042638261514
38,1.45,0.6492921793065919
38,1.54,0.671061921828349
38,1.63,0.6923931525569479
38,1.72,0.7133141809180185
38,1.81,0.7338616949474399
38,1.9,0.7540643720443285
38,1.99,0.7739462381577805
38,2.08,0.7935280389065188
38,2.17,0.8128286336573047
38,2.26,0.8318655755078468
38,2.35,0.8506542037191828
38,2.44,0.8692074266993195
38,2.53,0.8875376741413725
38,2.62,0.9056574890286678
38,2.71,0.9235770006607039
38,2.8,0.9413036096588989
38,2.89,0.9588473164806082
38,2.98,0.9762186979597419
38,3.07,0.9934198640569308
38,3.16,1.0104589286970322
38,3.25,1.0273469129309618
38,3.34,1.0440893857604985
38,3.43,1.0606918967618115
38,3.52,1.0771598838681227
38,3.61,1.0934974538757758
38,3.7,1.109709265969586
38,3.79,1.1258000280877627
38,3.88,1.1417711548906258
38,3.97,1.1576301047454711
38,4.06,1.1733740066566205
38,4.15,1.1890124046913062
38,4.24,1.204549520354418
38,4.33,1.2199882298830547
38,4.42,1.2353312014346132
38,4.51,1.2505808667976082
38,4.6,1.2657394131370219
38,4.69,1.2808086739755065
38,4.78,1.2957901367960223
38,4.87,1.3106841480804596
38,4.96,1.3254945128145497
38,5.05,1.3402275963458652
38,5.14,1.3548853398223626
38,5.23,1.3694695944641053
38,5.32,1.3839821166991713
38,5.41,1.3984245407314793
38,5.5,1.4127982572034645
38,5.59,1.4271037108381583
38,5.68,1.4413296146900112
38,5.77,1.4554852632467028
38,5.86,1.4695783559584183
38,5.95,1.4836108063423417
38,6.04,1.497584021663958
38,6.13,1.5114992764938293
38,6.22,1.5253577785691204
38,6.31,1.5391606865994343
38,6.4,1.5529082393691747
38,6.49,1.566596941567357
38,6.58,1.5802299914897935
38,6.67,1.593809457653744
38,6.76,1.6073370093426227
38,6.85,1.6208140376220803
38,6.94,1.634241771326928
38,7.03,1.647621315517329
38,7.12,1.660953603668044
38,7.21,1.6742346372943657
38,7.3,1.6874703711756838
38,7.39,1.7006591210347137
38,7.48,1.7138032421382052
38,7.57,1.7269038032909039
38,7.66,1.739961076392479
38,7.75,1.7529764304251703
38,7.84,1.7659502952889825
38,7.93,1.7788791588780373
38,8.02,1.7917685088490236
38,8.11,1.8046187586448268
38,8.2,1.817428850514628
38,8.29,1.8301998750343287
38,8.38,1.8429339598950385
38,8.47,1.8556314031678285
38,8.56,1.868290366921319
38,8.65,1.8809102674912506
38,8.74,1.893495563001687
38,8.83,1.906046657593522
38,8.92,1.9185630501584499
38,9.01,1.9310443356155453
38,9.1,1.9434912242286044
38,9.19,1.955906029091835
38,9.28,1.96828631703672
38,9.37,1.9806335166418654
38,9.46,1.9929488076931605
38,9.55,2.00523267590803
38,9.64,2.0174861663927333
38,9.73,2.0297095619209506
38,9.82,2.0419020270822803
38,9.91,2.0540639102663008
38,10.0,2.0661936684327564
39,1.0,0.5320651799680359
39,1.09,0.5568193869286895
39,1.18,0.5808377434319197
39,1.27,0.6042024405837486
39,1.36,0.6269775579515663
39,1.45,0.649223671641536
39,1.54,0.6709899868611402
39,1.63,0.6923178052661774
39,1.72,0.7132356309458571
39,1.81,0.7337797690517085
39,1.9,0.7539790600440359
39,1.99,0.7738575516117684
39,2.08,0.7934360093842537
39,2.17,0.8127332628791458
39,2.26,0.83176684301668
39,2.35,0.8505521216348532
39,2.44,0.8691020332992321
39,2.53,0.8874289510429981
39,2.62,0.9055453919477888
39,2.71,0.9234615697842291
39,2.8,0.9411849160560867
39,2.89,0.9587252636300525
39,2.98,0.9760932834817755
39,3.07,0.9932912586529061
39,3.16,1.0103269882949335
39,3.25,1.0272116303144954
39,3.34,1.043950769576023
39,3.43,1.0605499607931694
39,3.52,1.0770146144772803
39,3.61,1.093348867213817
39,3.7,1.1095573782564394
39,3.79,1.1256447992110368
39,3.88,1.1416126757409828
39,3.97,1.1574682671157115
39,4.06,1.1732089600547881
39,4.15,1.1888440035206003
39,4.24,1.2043777678450014
39,4.33,1.2198131299123594
39,4.42,1.235152758874829
39,4.51,1.2503990878499451
39,4.6,1.2655543061282868
39,4.69,1.2806202506984095
39,4.78,1.2955984142283075
39,4.87,1.3104891614735965
39,4.96,1.325296125650511
39,5.05,1.340025814847745
39,5.14,1.3546801722493198
39,5.23,1.3692610503459541
39,5.32,1.3837702048743814
39,5.41,1.3982092654558105
39,5.5,1.4125796123965122
39,5.59,1.4268816882179276
39,5.68,1.4411049212494271
39,5.77,1.4552572439525888
39,5.86,1.4693469228626352
39,5.95,1.4833759272576268
39,6.04,1.4973456809000845
39,6.13,1.5112574650861437
39,6.22,1.5251124906700038
39,6.31,1.538911917868854
39,6.4,1.5526561173372233
39,6.49,1.5663414428132
39,6.58,1.5799710883284475
39,6.67,1.5935471338604528
39,6.76,1.6070712513093466
39,6.85,1.6205448348857763
39,6.94,1.6339691146526176
39,7.03,1.647345197136521
39,7.12,1.6606741043753006
39,7.21,1.6739517027143107
39,7.3,1.6871840531069084
39,7.39,1.7003693327086655
39,7.48,1.713510008700698
39,7.57,1.7266071208394032
39,7.66,1.7396609103942928
39,7.75,1.7526727957942054
39,7.84,1.7656433179215367
39,7.93,1.778568676818312
39,8.02,1.7914545335614376
39,8.11,1.804301371026849
39,8.2,1.817107993208402
39,8.29,1.8298755006135607
39,8.38,1.8426060921456382
39,8.47,1.8553000877857817
39,8.56,1.8679556904653056
39,8.65,1.8805720583622447
39,8.74,1.8931538396067655
39,8.83,1.9057014496068923
39,8.92,1.9182144027331491
39,9.01,1.930692227608062
39,9.1,1.9431355664572323
39,9.19,1.9555468316719158
39,9.28,1.9679237244047403
39,9.37,1.9802674393243225
39,9.46,1.9925792331601366
39,9.55,2.0048595499486566
39,9.64,2.0171094633883317
39,9.73,2.0293293118027713
39,9.82,2.041518318642648
39,9.91,2.053676798893569
39,10.0,2.065803022918587
40,1.0,0.5320216966730981
40,1.09,0.5567729230547446
40,1.18,0.5807883122847295
40,1.27,0.6041500732725484
40,1.36,0.6269223842527463
40,1.45,0.6491655913729085
40,1.54,0.6709290000605657
40,1.63,0.6922539247866526
40,1.72,0.7131690340043343
40,1.81,0.7337103078838219
40,1.9,0.7539067254649017
40,1.99,0.7737823529168121
40,2.08,0.7933579716371402
40,2.17,0.812652383726809
40,2.26,0.8316831005412239
40,2.35,0.8504655250261973
40,2.44,0.8690126207730582
40,2.53,0.8873367155292091
40,2.62,0.9054502994135986
40,2.71,0.9233636531748839
40,2.8,0.9410842384710397
40,2.89,0.958621748972884
40,2.98,0.9759869277139303
40,3.07,0.993182201647127
40,3.16,1.0102151048276906
40,3.25,1.0270969129857728
40,3.34,1.043833225244212
40,3.43,1.06042960024951
40,3.52,1.0768914260663156
40,3.61,1.0932228649649587
40,3.7,1.1094285751346957
40,3.79,1.1255131620967929
40,3.88,1.1414782809166064
40,3.97,1.1573310231430682
40,4.06,1.1730689936056544
40,4.15,1.188701190980908
40,4.24,1.2042321117815098
40,4.33,1.219664633454483
40,4.42,1.2350014260311037
40,4.51,1.2502449238857083
40,4.6,1.2653973182650338
40,4.69,1.2804604493997676
40,4.78,1.2954358143819928
40,4.87,1.3103237941429138
40,4.96,1.3251278753766484
40,5.05,1.3398546864990273
40,5.14,1.354506171424428
40,5.23,1.3690841824860012
40,5.32,1.383590473650434
40,5.41,1.3980266703060311
40,5.5,1.412394146616288
40,5.59,1.426693355576901
40,5.68,1.4409143590210056
40,5.77,1.455063868522714
40,5.86,1.4691506576179953
40,5.95,1.483176743215386
40,6.04,1.497143563288335
40,6.13,1.5110524051225636
40,6.22,1.5249044825063809
40,6.31,1.538700957196422
40,6.4,1.552442311912881
40,6.49,1.566124773114481
40,6.58,1.5797515306257088
40,6.67,1.593324674314228
40,6.76,1.6068458783332513
40,6.85,1.6203165395637196
40,6.94,1.633737889117574
40,7.03,1.6471110347582574
40,7.12,1.660436998998173
40,7.21,1.6737117575021472
40,7.3,1.6869412103377297
40,7.39,1.7001235590083623
40,7.48,1.7132613266484864
40,7.57,1.726355512194375
40,7.66,1.7394063460608924
40,7.75,1.752415289290695
40,7.84,1.7653829748784116
40,7.93,1.7783053597650909
40,8.02,1.7911882531263221
40,8.11,1.8040321953979261
40,8.2,1.8168358708896046
40,8.29,1.829600391732725
40,8.38,1.8423280167637603
40,8.47,1.8550190822707235
40,8.56,1.8676718252051905
40,8.65,1.880285188077129
40,8.74,1.8928639813812551
40,8.83,1.905408628873827
40,8.92,1.9179186579796266
40,9.01,1.9303935404726085
40,9.1,1.94283386553673
40,9.19,1.9552421286601926
40,9.28,1.9676161431752175
40,9.37,1.97995690460723
40,9.46,1.9922657328314894
40,9.55,2.004543038825291
40,9.64,2.0167899222333787
40,9.73,2.0290067675847543
40,9.82,2.041192844287731
40,9.91,2.0533484406039406
40,10.0,2.065471665651565
41,1.0,0.5319848303221567
41,1.09,0.5567335290340572
41,1.18,0.580746401880129
41,1.27,0.6041056730322378
41,1.36,0.6268756035846728
41,1.45,0.6491163448400762
41,1.54,0.6708772873205563
41,1.63,0.6921997563883174
41,1.72,0.7131125590088618
41,1.81,0.7336513983772099
41,1.9,0.75384537054429
41,1.99,0.7737185594940734
41,2.08,0.793291764106287
41,2.17,0.8125837652692838
41,2.26,0.8316120557413412
41,2.35,0.8503920620759858
41,2.44,0.8689367729407004
41,2.53,0.8872584794932531
41,2.62,0.905369648080192
41,2.71,0.9232806128064699
41,2.8,0.94099885929652
41,2.89,0.9585339648314357
41,2.98,0.9758967343972471
41,3.07,0.993089717442662
41,3.16,1.010120222936793
41,3.25,1.0269996269994779
41,3.34,1.043733541195536
41,3.43,1.0603275269678767
41,3.52,1.0767869537348658
41,3.61,1.0931160057310947
41,3.7,1.1093193394034844
41,3.79,1.1254015223779237
41,3.88,1.1413643012749344
41,3.97,1.157214626209694
41,4.06,1.172950286684757
41,4.15,1.1885800691251585
41,4.24,1.2041085770825244
41,4.33,1.2195386885490156
41,4.42,1.2348730743868246
41,4.51,1.2501141701754062
41,4.6,1.2652641689304471
41,4.69,1.2803249137770378
41,4.78,1.2952979054057374
41,4.87,1.310183538703294
41,4.96,1.3249851752669655
41,5.05,1.339709544971495
41,5.14,1.3543585916636456
41,5.23,1.3689341668665527
41,5.32,1.3834380226523855
41,5.41,1.3978717813207753
41,5.5,1.4122368147013649
41,5.59,1.4265335941830979
41,5.68,1.4407527332377223
41,5.77,1.4548998619062474
41,5.86,1.4689842041257097
41,5.95,1.483007817282952
41,6.04,1.4969721514304448
41,6.13,1.5108784990444302
41,6.22,1.524728076547292
41,6.31,1.5385220471516892
41,6.4,1.552260988772106
41,6.49,1.5659410204357866
41,6.58,1.5795653280103497
41,6.67,1.5931360099104401
41,6.76,1.606654742259097
41,6.85,1.6201229242217987
41,6.94,1.6335417878141574
41,7.03,1.6469124418444334
41,7.12,1.660235909232631
41,7.21,1.6735082583790377
41,7.3,1.6867352039951438
41,7.39,1.6999150909156318
41,7.48,1.7130504034107823
41,7.57,1.7261420982932492
41,7.66,1.7391904349501437
41,7.75,1.7521968913955976
41,7.84,1.7651621700182452
41,7.93,1.7780820313447516
41,8.02,1.7909624109242386
41,8.11,1.8038038971905173
41,8.2,1.8166050714976045
41,8.29,1.829367058297759
41,8.38,1.8420921669252508
41,8.47,1.8547807457992391
41,8.56,1.867431060098872
41,8.65,1.8800418711529083
41,8.74,1.892618127379497
41,8.83,1.9051602582272877
41,8.92,1.9176678016990443
41,9.01,1.9301401807164569
41,9.1,1.9425779429686483
41,9.19,1.954983654157313
41,9.28,1.9673552218694548
41,9.37,1.9796934729829028
41,9.46,1.9919997800416565
41,9.55,2.0042745280858187
41,9.64,2.016518840104114
41,9.73,2.0287331392653094
41,9.82,2.040916731281183
41,9.91,2.0530698829852443
41,10.0,2.065190564612755
42,1.0,0.5319535705000328
42,1.09,0.5567001249214422
42,1.18,0.5807108627797362
42,1.27,0.6040680212255027
42,1.36,0.626835930742788
42,1.45,0.6490745767568892
42,1.54,0.670833421627807
42,1.63,0.6921538013441915
42,1.72,0.7130646431694959
42,1.81,0.733601416671187
42,1.9,0.7537933158717361
42,1.99,0.7736644381783936
42,2.08,0.7932355974114781
42,2.17,0.8125255574147386
42,2.26,0.8315517949906361
42,2.35,0.8503297551358441
42,2.44,0.8688724463657194
42,2.53,0.8871921287431668
42,2.62,0.9053012494252279
42,2.71,0.9232101882696367
42,2.8,0.9409264509190003
42,2.89,0.9584595162836859
42,2.98,0.9758202420481442
42,3.07,0.9930112817540221
42,3.16,1.0100397531173215
42,3.25,1.0269171176116962
42,3.34,1.0436489975317038
42,3.43,1.0602409562734516
42,3.52,1.076698347711375
42,3.61,1.0930253748228105
42,3.7,1.1092266919759632
42,3.79,1.125306835510818
42,3.88,1.1412676288268262
42,3.97,1.1571159026841582
42,4.06,1.172849603029937
42,4.15,1.1884773363133605
42,4.24,1.2040037969244082
42,4.33,1.219431863394088
42,4.42,1.2347642073579779
42,4.51,1.250003265494563
42,4.6,1.265151232333435
42,4.69,1.2802099534515428
42,4.78,1.2951809323376728
42,4.87,1.310064575741937
42,4.96,1.3248641384959847
42,5.05,1.3395864361524632
42,5.14,1.3542334121174577
42,5.23,1.3688069169648618
42,5.32,1.3833087012336522
42,5.41,1.3977403854498818
42,5.5,1.4121033420633597
42,5.59,1.4263980650374122
42,5.68,1.4406156426958618
42,5.77,1.4547607555234834
42,5.86,1.468843025380043
42,5.95,1.4828645439596608
42,6.04,1.4968267715012713
42,6.13,1.510731004901983
42,6.22,1.5245784628771517
42,6.31,1.5383703099500592
42,6.4,1.552107204862018
42,6.49,1.5657851758681491
42,6.58,1.5794074052063993
42,6.67,1.5929759986690537
42,6.76,1.606492634114758
42,6.85,1.6199587126794512
42,6.94,1.633375467170157
42,7.03,1.646744007286892
42,7.12,1.6600653563035415
42,7.21,1.6733356612899137
42,7.3,1.6865604797058227
42,7.39,1.6997382783331942
42,7.48,1.7128714859833134
42,7.57,1.7259610547430748
42,7.66,1.7390072889703223
42,7.75,1.7520116426844017
42,7.84,1.7649748732277095
42,7.93,1.7778926013456582
42,8.02,1.7907708555016513
42,8.11,1.8036102602748931
42,8.2,1.816409311709108
42,8.29,1.8291691485252908
42,8.38,1.8418921226741327
42,8.47,1.854578591722625
42,8.56,1.8672268445543851
42,8.65,1.8798354902132508
42,8.74,1.8924095941893866
42,8.83,1.9049495897198159
42,8.92,1.9174550233572134
42,9.01,1.9299252759338223
42,9.1,1.9423608621033324
42,9.19,1.9547644065665606
42,9.28,1.9671338958018325
42,9.37,1.9794700135618868
42,9.46,1.991774176383664
42,9.55,2.00404674889928
42,9.64,2.01628887503879
42,9.73,2.0285010105936028
42,9.82,2.0406824903890404
42,9.91,2.052833564415822
42,10.0,2.0649520840470212
43,1.0,0.5319270589561216
43,1.09,0.5566717918910575
43,1.18,0.5806807147799876
43,1.27,0.6040360768863917
43,1.36,0.6268022691683558
43,1.45,0.6490391372833723
43,1.54,0.6707962036545505
43,1.63,0.6921148122126117
43,1.72,0.7130239923466485
43,1.81,0.7335590160578888
43,1.9,0.7537491603614596
43,1.99,0.7736185331117429
43,2.08,0.793187959900403
43,2.17,0.8124761898988709
43,2.26,0.8315006868403739
43,2.35,0.8502769118098638
43,2.44,0.868817890124748
43,2.53,0.8871358553824342
43,2.62,0.9052432387690278
43,2.71,0.9231504591143721
43,2.8,0.9408650387403411
43,2.89,0.958396373278951
43,2.98,0.9757553651519623
43,3.07,0.9929447562889586
43,3.16,1.0099715019151874
43,3.25,1.0268471360461517
43,3.34,1.0435772901949336
43,3.43,1.060167529111219
43,3.52,1.0766231936837893
43,3.61,1.0929485028684083
43,3.7,1.1091481088495407
43,3.79,1.1252265220575128
43,3.88,1.141185630406859
43,3.97,1.157032163874286
43,4.06,1.1727642009985382
43,4.15,1.188390195618838
43,4.24,1.2039149192156908
43,4.33,1.2193412508214347
43,4.42,1.234671862746473
43,4.51,1.2499091926063175
43,4.6,1.2650554361545847
43,4.69,1.2801124409656397
43,4.78,1.2950817126401557
43,4.87,1.3099636679602584
43,4.96,1.324761470740314
43,5.05,1.339482009025923
43,5.14,1.3541272256950694
43,5.23,1.3686989705111015
43,5.32,1.3831989930106996
43,5.41,1.3976289131127704
43,5.5,1.4119901059198048
43,5.59,1.4262830894793803
43,5.68,1.4404993576827054
43,5.77,1.4546427630432794
43,5.86,1.4687232772916732
43,5.95,1.482743021165115
43,6.04,1.49670346345702
43,6.13,1.510605904790232
43,6.22,1.5244515658369537
43,6.31,1.5382416122627038
43,6.4,1.5519767714109758
43,6.49,1.565652994771845
43,6.58,1.5792734613007695
43,6.67,1.5928402831400263
43,6.76,1.6063551396755351
43,6.85,1.6198194337482101
43,6.94,1.6332343988654943
43,7.03,1.646601145497436
43,7.12,1.659920697231959
43,7.21,1.6731892678818643
43,7.3,1.6864122815016558
43,7.39,1.6995883085816381
43,7.48,1.7127197301293466
43,7.57,1.7258074952282734
43,7.66,1.7388519409773193
43,7.75,1.7518544948206727
43,7.84,1.7648159396271192
43,7.93,1.7777319083704601
43,8.02,1.7906083657178462
43,8.11,1.8034460030528243
43,8.2,1.81624325435888
43,8.29,1.8290012729189844
43,8.38,1.84172244085979
43,8.47,1.8544071211559032
43,8.56,1.8670536243126226
43,8.65,1.8796604325983617
43,8.74,1.8922327108728711
43,8.83,1.9047708948746596
43,8.92,1.9172745382061054
43,9.01,1.9297429856339088
43,9.1,1.9421767253796187
43,9.19,1.9545784317471286
43,9.28,1.9669461573879636
43,9.37,1.979280464530363
43,9.46,1.991582806409115
43,9.55,2.00385353133228
43,9.64,2.016093801601328
43,9.73,2.0283041003595583
43,9.82,2.0404837857176767
43,9.91,2.0526330941753894
43,10.0,2.0647497753668618
44,1.0,0.5319045636812199
44,1.09,0.5566477510725006
44,1.18,0.5806551348433799
44,1.27,0.6040089739326745
44,1.36,0.6267737105512576
44,1.45,0.6490090722900498
44,1.54,0.6707646323966071
44,1.63,0.6920817409336968
44,1.72,0.7129895132756988
44,1.81,0.7335230537142459
44,1.9,0.7537117099521079
44,1.99,0.7735795990028657
44,2.08,0.7931475564492944
44,2.17,0.8124343189333522
44,2.26,0.8314573392438819
44,2.35,0.8502320922814706
44,2.44,0.8687716175201124
44,2.53,0.8870881259937374
44,2.62,0.9051940355130115
44,2.71,0.9230997980471699
44,2.8,0.9408129498263754
44,2.89,0.9583428159472202
44,2.98,0.9757003368040368
44,3.07,0.9928883293626215
44,3.16,1.0099136108212645
44,3.25,1.0267877768362874
44,3.34,1.0435164668242185
44,3.43,1.0601052464693357
44,3.52,1.076559445797306
44,3.61,1.092883297382612
44,3.7,1.1090814512685288
44,3.79,1.125158396370988
44,3.88,1.1411160749065323
44,3.97,1.156961131696753
44,4.06,1.1726917576827642
44,4.15,1.1883162772750802
44,4.24,1.2038395273566003
44,4.33,1.219264387389512
44,4.42,1.234593530233414
44,4.51,1.2498293942591132
44,4.6,1.2649741761696407
44,4.69,1.2800297251345765
44,4.78,1.2949975483321055
44,4.87,1.3098780710377977
44,4.96,1.3246743795833191
44,5.05,1.3393934234641027
44,5.14,1.3540371450999464
44,5.23,1.3686073936929677
44,5.32,1.383105918297841
44,5.41,1.3975343391216182
44,5.5,1.4118940351512388
44,5.59,1.4261855482658023
44,5.68,1.440400716930241
44,5.77,1.4545426755552444
44,5.86,1.4686217021919494
44,5.95,1.4826399421590002
44,6.04,1.4965988714211986
44,6.13,1.5104997937225986
44,6.22,1.524343931384917
44,6.31,1.5381324510485757
44,6.4,1.5518661382674377
44,6.49,1.5655408795652204
44,6.58,1.5791598509565663
44,6.67,1.5927251700306455
44,6.76,1.606238517508732
44,6.85,1.6197012977046625
44,6.94,1.633114744745773
44,7.03,1.6464799697706225
44,7.12,1.6597979966494765
44,7.21,1.6730650958240887
44,7.3,1.6862865781802088
44,7.39,1.699461102375524
44,7.48,1.7125910083216744
44,7.57,1.725677243279905
44,7.66,1.7387201716273366
44,7.75,1.7517211981694358
44,7.84,1.7646811033919985
44,7.93,1.7775956004748767
44,8.02,1.7904705223945203
44,8.11,1.8033066305506598
44,8.2,1.8161023599330421
44,8.29,1.828858860577906
44,8.38,1.8415784995063624
44,8.47,1.8542616611381488
44,8.56,1.866906680528403
44,8.65,1.879511934212171
44,8.74,1.892082667329272
44,8.83,1.9046193162903033
44,8.92,1.9171214409923472
44,9.01,1.9295883561788667
44,9.1,1.9420205293083956
44,9.19,1.9544206764424659
44,9.28,1.9667869058625773
44,9.37,1.9791196766911743
44,9.46,1.991420472900416
44,9.55,2.003689629696982
44,9.64,2.0159283253846696
44,9.73,2.028137066067144
44,9.82,2.0403152285959374
44,9.91,2.0524630385681553
44,10.0,2.064578158577933
45,1.0,0.5318854781581005
45,1.09,0.556627355676498
45,1.18,0.5806334354340908
45,1.27,0.6039859841926738
45,1.36,0.6267494871388273
45,1.45,0.6489835717328993
45,1.54,0.6707378544973547
45,1.63,0.6920536908860537
45,1.72,0.7129602691942691
45,1.81,0.7334925514142029
45,1.9,0.753679945289662
45,1.99,0.7735465757236093
45,2.08,0.7931132867301788
45,2.17,0.8123988042308954
45,2.26,0.831420571803618
45,2.35,0.8501940761656724
45,2.44,0.8687323687134062
45,2.53,0.8870476412490235
45,2.62,0.9051523003564461
45,2.71,0.9230568261722107
45,2.8,0.9407687665482347
45,2.89,0.9582973868229233
45,2.98,0.9756536596214639
45,3.07,0.9928404656046117
45,3.16,1.0098645047476769
45,3.25,1.0267374250793586
45,3.34,1.0434648727849138
45,3.43,1.0600524141945111
45,3.52,1.076505370236774
45,3.61,1.09282798509227
45,3.7,1.1090249067884685
45,3.79,1.1251006063282127
45,3.88,1.1410570716902964
45,3.97,1.1569008756947647
45,4.06,1.172630304572554
45,4.15,1.1882535729389976
45,4.24,1.203775573142366
45,4.33,1.2191991849886636
45,4.42,1.2345270817609166
45,4.51,1.249761702418001
45,4.6,1.2649052443846964
45,4.69,1.2799595581028222
45,4.78,1.2949261519398245
45,4.87,1.3098054583936007
45,4.96,1.324600497923062
45,5.05,1.3393182721869121
45,5.14,1.3539607232812918
45,5.23,1.3685297001069556
45,5.32,1.3830269516633211
45,5.41,1.3974540990575657
45,5.5,1.411812525774486
45,5.59,1.4261027962047315
45,5.68,1.4403170405561325
45,5.77,1.4544577730364638
45,5.86,1.4685355388852201
45,5.95,1.4825525042333771
45,6.04,1.4965101510566672
45,6.13,1.5104097857065255
45,6.22,1.524252631885187
45,6.31,1.5380398570543514
45,6.4,1.5517722961514635
45,6.49,1.5654457806886724
45,6.58,1.5790634840648197
45,6.67,1.592627528526549
45,6.76,1.6061395959535811
45,6.85,1.6196010919270711
45,6.94,1.6330132511192512
45,7.03,1.6463771852483706
45,7.12,1.6596939184382222
45,7.21,1.6729597691786562
45,7.3,1.6861799523583025
45,7.39,1.6993532015687556
45,7.48,1.7124818214715034
45,7.57,1.7255667583071672
45,7.66,1.7386083992349028
45,7.75,1.7516081297930828
45,7.84,1.7645667289089755
45,7.93,1.7774799773654404
45,8.02,1.7903535963862947
45,8.11,1.803188393720157
45,8.2,1.8159828327859693
45,8.29,1.8287380514181113
45,8.38,1.8414563808461475
45,8.47,1.854138234278187
45,8.56,1.8667819988723793
45,8.65,1.879385952114302
45,8.74,1.891955379865886
45,8.83,1.9044907268012736
45,8.92,1.9169915630180758
45,9.01,1.929457179533224
45,9.1,1.9418880267293301
45,9.19,1.9542868538309524
45,9.28,1.9666518152642194
45,9.37,1.9789832830223268
45,9.46,1.9912827674257403
45,9.55,2.0035505934086877
45,9.64,2.0157879532384615
45,9.73,2.0279953723287805
45,9.82,2.040172242725182
45,9.91,2.0523187812039825
45,10.0,2.0644325760441493
46,1.0,0.5318692894530714
46,1.09,0.5566100562722811
46,1.18,0.5806150301206952
46,1.27,0.6039664845312739
46,1.36,0.6267289410623279
46,1.45,0.648961942280337
46,1.54,0.6707151414533562
46,1.63,0.6920298986858381
46,1.72,0.7129354640902871
46,1.81,0.7334666788987558
46,1.9,0.7536530018254436
46,1.99,0.7735185645370081
46,2.08,0.7930842181570056
46,2.17,0.8123686794400289
46,2.26,0.8313893841995282
46,2.35,0.850161829244989
46,2.44,0.8686990760220851
46,2.53,0.8870132999518614
46,2.62,0.9051168981808457
46,2.71,0.9230203747808278
46,2.8,0.9407312873354288
46,2.89,0.9582588505462603
46,2.98,0.9756140643978951
46,3.07,0.9927998636179641
46,3.16,1.0098228486456695
46,3.25,1.0266947120034762
46,3.34,1.0434211056689537
46,3.43,1.0600075964189128
46,3.52,1.076459497553541
46,3.61,1.092781063138634
46,3.7,1.1089769393483062
46,3.79,1.1250515822274632
46,3.88,1.141007018352314
46,3.97,1.1568497596205818
46,4.06,1.1725781730406275
46,4.15,1.1882003800704333
46,4.24,1.2037213200849748
46,4.33,1.2191438731529094
46,4.42,1.234470712873822
46,4.51,1.2497042786595076
46,4.6,1.2648467684845255
46,4.69,1.279900033818206
46,4.78,1.2948655839470251
46,4.87,1.3097438575411575
46,4.96,1.3245378191175572
46,5.05,1.339254514656448
46,5.14,1.3538958860732015
46,5.23,1.368463782188322
46,5.32,1.382959952255715
46,5.41,1.3973860186506948
46,5.5,1.4117433695309973
46,5.59,1.4260325899066157
46,5.68,1.440246056460407
46,5.77,1.4543857495275279
46,5.86,1.4684624466305722
46,5.95,1.4824783315329568
46,6.04,1.496434891252812
46,6.13,1.5103334343181414
46,6.22,1.524175185582423
46,6.31,1.5379613131939538
46,6.4,1.5516926939807871
46,6.49,1.5653651128537183
46,6.58,1.57898174089912
46,6.67,1.5925447043358172
46,6.76,1.6060556860413295
46,6.85,1.6195160926822725
46,6.94,1.632927159405513
46,7.03,1.6462899984295785
46,7.12,1.6596056341036594
46,7.21,1.6728704256833542
46,7.3,1.6860895066280672
46,7.39,1.6992616741994324
46,7.48,1.712389202878991
46,7.57,1.7254730384220613
46,7.66,1.7385135870562518
46,7.75,1.75151221793515
46,7.84,1.7644697089958337
46,7.93,1.7773818980561613
46,8.02,1.7902544115139893
46,8.11,1.8030880967019804
46,8.2,1.815881441169098
46,8.29,1.8286355719008667
46,8.38,1.8413527874201046
46,8.47,1.85403352193046
46,8.56,1.866676222607853
46,8.65,1.8792790768867358
46,8.74,1.8918473901303239
46,8.83,1.904381619056409
46,8.92,1.9168813564602012
46,9.01,1.929345878241013
46,9.1,1.9417756125957895
46,9.19,1.954173323790421
46,9.28,1.966537209670046
46,9.37,1.9788675718738677
46,9.46,1.9911659440283087
46,9.55,2.003432642741436
46,9.64,2.0156688715611653
46,9.73,2.0278751713857672
46,9.82,2.0400509463961187
46,9.91,2.052196406378306
46,10.0,2.0643090765468997
47,1.0,0.5318555580454152
47,1.09,0.5565953826762249
47,1.18,0.5805994183716642
47,1.27,0.6039499444693288
47,1.36,0.6267115133037955
47,1.45,0.6489435954442533
47,1.54,0.6706958753444878
47,1.63,0.6920097171001772
47,1.72,0.7129144232277256
47,1.81,0.7334447324766938
47,1.9,0.7536301468257829
47,1.99,0.7734948037293464
47,2.08,0.7930595603096189
47,2.17,0.8123431254915897
47,2.26,0.83136292853762
47,2.35,0.8501344748678371
47,2.44,0.8686708344065422
47,2.53,0.8869841686309085
47,2.62,0.9050868667452427
47,2.71,0.9229894531576811
47,2.8,0.940699493617847
47,2.89,0.9582261599139718
47,2.98,0.9755804752564788
47,3.07,0.992765420267332
47,3.16,1.0097875108802898
47,3.25,1.0266584774129108
47,3.34,1.043383976793561
47,3.43,1.0599695761051466
47,3.52,1.0764205822388384
47,3.61,1.0927412576711446
47,3.7,1.108936246896377
47,3.79,1.125009993433947
47,3.88,1.140964556434241
47,3.97,1.1568063962172324
47,4.06,1.1725339482633355
47,4.15,1.1881552549827894
47,4.24,1.2036752956202446
47,4.33,1.2190969504412803
47,4.42,1.2344228932809702
47,4.51,1.2496555639037155
47,4.6,1.2647971607115585
47,4.69,1.2798495360204627
47,4.78,1.2948141998507676
47,4.87,1.3096915961693554
47,4.96,1.3244846420215084
47,5.05,1.339200421064588
47,5.14,1.3538408751562065
47,5.23,1.3684078532020922
47,5.32,1.3829031049109946
47,5.41,1.3973282541064649
47,5.5,1.411684693506797
47,5.59,1.4259730266091482
47,5.68,1.4401858380623531
47,5.77,1.4543246498570912
47,5.86,1.4684004408606068
47,5.95,1.4824154097860316
47,6.04,1.4963710478872727
47,6.13,1.5102686655104345
47,6.22,1.5241094884679323
47,6.31,1.537894685479848
47,6.4,1.5516251689067946
47,6.49,1.565296684170682
47,6.58,1.5789124003247297
47,6.67,1.592474446968904
47,6.76,1.6059845078352448
47,6.85,1.6194439905163487
47,6.94,1.6328541305689657
47,7.03,1.6462160406409312
47,7.12,1.659530745279333
47,7.21,1.6727946383248096
47,7.3,1.6860127841643522
47,7.39,1.6991840341458253
47,7.48,1.7123106369506522
47,7.57,1.7253935381975336
47,7.66,1.7384331601045695
47,7.75,1.751430857900073
47,7.84,1.7643874089195803
47,7.93,1.7772986991395743
47,8.02,1.7901702745004282
47,8.11,1.803003016106627
47,8.2,1.815795431984688
47,8.29,1.8285486395605066
47,8.38,1.8412649099034677
47,8.47,1.8539446951223129
47,8.56,1.8665864932398901
47,8.65,1.8791884149830949
47,8.74,1.8917557807288614
47,8.83,1.9042890556868266
47,8.92,1.9167878578549982
47,9.01,1.92925145232369
47,9.1,1.941680243928615
47,9.19,1.9540770025917962
47,9.28,1.966439965595967
47,9.37,1.978769384951708
47,9.46,1.9910668165615786
47,9.55,2.0033325666688286
47,9.64,2.015567842426997
47,9.73,2.0277731949540434
47,9.82,2.0399480406845956
47,9.91,2.0520925856260215
47,10.0,2.0642043021169485
48,1.0,0.5318439104641682
48,1.09,0.5565829357999731
48,1.18,0.5805861756176255
48,1.27,0.6039359142163226
48,1.36,0.6266967299782337
48,1.45,0.6489280324057632
48,1.54,0.6706795324174554
48,1.63,0.6919925975271519
48,1.72,0.7128965746800111
48,1.81,0.7334261156567227
48,1.9,0.7536107591574537
48,1.99,0.7734746475825897
48,2.08,0.7930386431198653
48,2.17,0.8123214480142765
48,2.26,0.831340485997244
48,2.35,0.8501112698302797
48,2.44,0.8686468765981096
48,2.53,0.886959455916123
48,2.62,0.9050613902985628
48,2.71,0.922963221430466
48,2.8,0.9406725219263301
48,2.89,0.9581984272015919
48,2.98,0.975551980183185
48,3.07,0.9927362004487202
48,3.16,1.0097575321939942
48,3.25,1.0266277378347441
48,3.34,1.0433524785238328
48,3.43,1.0599373215488375
48,3.52,1.076387568405269
48,3.61,1.092707488717633
48,3.7,1.1089017254730722
48,3.79,1.124974711677048
48,3.88,1.1409285339858557
48,3.97,1.1567696090345683
48,4.06,1.1724964303459202
48,4.15,1.1881169732547197
48,4.24,1.2036362508106075
48,4.33,1.2190571434280473
48,4.42,1.2343823251207195
48,4.51,1.249614235934779
48,4.6,1.264755074615309
48,4.69,1.2798066941905786
48,4.78,1.2947706052862222
48,4.87,1.309647256426471
48,4.96,1.324439524392183
48,5.05,1.339154524874457
48,5.14,1.3537941997661849
48,5.23,1.3683603981690449
48,5.32,1.3828548703580763
48,5.41,1.3972792416519848
48,5.5,1.4116349090448286
48,5.59,1.4259224923593592
48,5.68,1.4401347516052982
48,5.77,1.454272816105235
48,5.86,1.4683478387989521
48,5.95,1.4823620310843866
48,6.04,1.4963168877795001
48,6.13,1.5102137207512905
48,6.22,1.524053756611293
48,6.31,1.5378381645551487
48,6.4,1.5515678870824408
48,6.49,1.5652386361456538
48,6.58,1.5788535790191982
48,6.67,1.5924148481771272
48,6.76,1.6059241280802403
48,6.85,1.6193828271086308
48,6.94,1.632792181170548
48,7.03,1.6461533032803621
48,7.12,1.6594672181569303
48,7.21,1.6727303489807652
48,7.3,1.6859477015467896
48,7.39,1.6991181731380136
48,7.48,1.712243990406863
48,7.57,1.7253260990543837
48,7.66,1.7383649347298025
48,7.75,1.7513618408315526
48,7.84,1.7643175943560379
48,7.93,1.7772281219715673
48,8.02,1.7900989013562054
48,8.11,1.8029308424026662
48,8.2,1.8157224705134736
48,8.29,1.8284748947499967
48,8.38,1.8411903631042565
48,8.47,1.8538693429417819
48,8.56,1.8665103753703294
48,8.65,1.879111505817651
48,8.74,1.8916780675503453
48,8.83,1.9042105331123862
48,8.92,1.9167085419255718
48,9.01,1.9291713495860556
48,9.1,1.9415993408909815
48,9.19,1.953995289714258
48,9.28,1.9663574655190967
48,9.37,1.9786860824940258
48,9.46,1.9909827164545613
48,9.55,2.0032476628162614
48,9.64,2.01548212849102
48,9.73,2.027686671788338
48,9.82,2.039860721630941
48,9.91,2.0520044864221094
48,10.0,2.06411539615671
49,1.0,0.5318340300945155
49,1.09,0.5565723773416085
49,1.18,0.5805749419643703
49,1.27,0.6039240124974115
49,1.36,0.6266841893758849
49,1.45,0.6489148303035888
49,1.54,0.670665668657019
49,1.63,0.6919780748731273
49,1.72,0.7128814335687074
49,1.81,0.7334103227229801
49,1.9,0.7535943122031352
49,1.99,0.77345754863229
49,2.08,0.7930208984793319
49,2.17,0.8123030582959054
49,2.26,0.8313214471414995
49,2.35,0.8500915840333166
49,2.44,0.8686265521085307
49,2.53,0.8869384908971046
49,2.62,0.905039777272893
49,2.71,0.922940967596551
49,2.8,0.9406496402618088
49,2.89,0.9581748998500642
49,2.98,0.975527806023696
49,3.07,0.9927114114231989
49,3.16,1.009732099348012
49,3.25,1.0266016594676632
49,3.34,1.043325756533624
49,3.43,1.0599099579646436
49,3.52,1.0763595607054988
49,3.61,1.092678840450123
49,3.7,1.108872438844867
49,3.79,1.1249447800530772
49,3.88,1.1408979739701612
49,3.97,1.1567384002207695
49,4.06,1.172464601533054
49,4.15,1.1880844963279655
49,4.24,1.203603126322946
49,4.33,1.2190233720485013
49,4.42,1.2343479076588577
49,4.51,1.2495791734326331
49,4.6,1.2647193683994804
49,4.69,1.279770346197322
49,4.78,1.2947336179641526
49,4.87,1.3096096361499017
49,4.96,1.3244012433926278
49,5.05,1.3391155826170884
49,5.14,1.35375459581449
49,5.23,1.368320132347313
49,5.32,1.3828139431024886
49,5.41,1.3972376548534133
49,5.5,1.4115926684947089
49,5.59,1.4258796181084545
49,5.68,1.4400914115412897
49,5.77,1.4542288422870853
49,5.86,1.4683032134329324
49,5.95,1.4823167471473009
49,6.04,1.4962709412521291
49,6.13,1.5101671088891162
49,6.22,1.524006477336704
49,6.31,1.5377902161862338
49,6.4,1.551519293501541
49,6.49,1.5651893928628304
49,6.58,1.5788036799950618
49,6.67,1.5923642898131032
49,6.76,1.6058729073974805
49,6.85,1.619330941796575
49,6.94,1.632739629218516
49,7.03,1.6461000829893835
49,7.12,1.6594133279757652
49,7.21,1.6726758122475303
49,7.3,1.6858924918961753
49,7.39,1.699062303210077
49,7.48,1.71218745405132
49,7.57,1.7252688903332876
49,7.66,1.7383070590022847
49,7.75,1.7513032934098962
49,7.84,1.764258370387486
49,7.93,1.7771682510060691
49,8.02,1.790038355030363
49,8.11,1.8028696168751723
49,8.2,1.815660576685898
49,8.29,1.8284123362456766
49,8.38,1.8411271241231915
49,8.47,1.8538054206751904
49,8.56,1.8664458035229734
49,8.65,1.8790462625369158
49,8.74,1.891612142030686
49,8.83,1.904143920863654
49,8.92,1.9166412566625752
49,9.01,1.929103396735269
49,9.1,1.941530708934359
49,9.19,1.953925970559869
49,9.28,1.9662874784581352
49,9.37,1.9786154147780055
49,9.46,1.9909113719893246
49,9.55,2.0031756361793573
49,9.64,2.015409413750136
49,9.73,2.0276132685990773
49,9.82,2.0397866400944755
49,9.91,2.051929741075308
49,10.0,2.064039966584124
50,1.0,0.5318256485265309
50,1.09,0.5565634204953513
50,1.18,0.5805654122895093
50,1.27,0.6039139160557114
50,1.36,0.626673550906098
50,1.45,0.6489036306056688
50,1.54,0.6706539075887459
50,1.63,0.6919657547893995
50,1.72,0.7128685887704002
50,1.81,0.7333969248850549
50,1.9,0.7535803594529024
50,1.99,0.773443042699529
50,2.08,0.793005844714879
50,2.17,0.8122874572022726
50,2.26,0.831305295272887
50,2.35,0.8500748832714511
50,2.44,0.8686093094542764
50,2.53,0.8869207047791369
50,2.62,0.9050214413598398
50,2.71,0.9229220880203882
50,2.8,0.9406302280245663
50,2.89,0.9581549398105208
50,2.98,0.9755072972435198
50,3.07,0.9926903810222343
50,3.16,1.0097105227548318
50,3.25,1.0265795352470193
50,3.34,1.0433030863115411
50,3.43,1.0598867434459092
50,3.52,1.0763357997516836
50,3.61,1.09265453607368
50,3.7,1.1088475928747203
50,3.79,1.1249193868715974
50,3.88,1.140872047605108
50,3.97,1.1567119233381629
50,4.06,1.1724375985182631
50,4.15,1.1880569432774677
50,4.24,1.2035750236492775
50,4.33,1.2189947202585087
50,4.42,1.2343187073747985
50,4.51,1.2495494254742587
50,4.6,1.2646890738291652
50,4.69,1.2797395066052877
50,4.78,1.2947022353818451
50,4.87,1.3095777159901927
50,4.96,1.3243687621189972
50,5.05,1.3390825398411874
50,5.14,1.353720991283926
50,5.23,1.3682859661005595
50,5.32,1.3827792157903873
50,5.41,1.3972023684886394
50,5.5,1.411556828580081
50,5.59,1.425843242501959
50,5.68,1.440054642744291
50,5.77,1.4541915359804305
50,5.86,1.4682653545435904
50,5.95,1.4822783297528273
50,6.04,1.4962319619661417
50,6.13,1.5101275653958102
50,6.22,1.5239663678779651
50,6.31,1.5377495393337008
50,6.4,1.5514780695112311
50,6.49,1.5651476179362906
50,6.58,1.5787613489894163
50,6.67,1.592321399657123
50,6.76,1.6058294555459767
50,6.85,1.6192869262707041
50,6.94,1.6326950482943767
50,7.03,1.646054935207435
50,7.12,1.6593676120026766
50,7.21,1.67262954786362
50,7.3,1.685845656717193
50,7.39,1.6990149079678338
50,7.48,1.7121394934629879
50,7.57,1.7252203593984134
50,7.66,1.7382579622338887
50,7.75,1.7512536267901448
50,7.84,1.7642081298462906
50,7.93,1.777117461573321
50,8.02,1.7899869926036465
50,8.11,1.802817678227187
50,8.2,1.8156080710971354
50,8.29,1.8283592666915918
50,8.38,1.841073477213265
50,8.47,1.8537511940745277
50,8.56,1.8663910258453225
50,8.65,1.8789909151484117
50,8.74,1.8915562157515755
50,8.83,1.9040874119387754
50,8.92,1.9165841768020995
50,9.01,1.9290457504492817
50,9.1,1.9414724863989279
50,9.19,1.953867164911523
50,9.28,1.9662281061229114
50,9.37,1.9785554650343173
50,9.46,1.9908508480714646
50,9.55,2.0031145334071696
50,9.64,2.0153477270735984
50,9.73,2.0275509977830626
50,9.82,2.0397237937258645
50,9.91,2.05186633158976
50,10.0,2.063975976583702
51,1.0,0.531818538175922
51,1.09,0.5565558220736015
51,1.18,0.5805573278702647
51,1.27,0.6039053507909957
51,1.36,0.6266645257705015
51,1.45,0.6488941293010388
51,1.54,0.6706439299896289
51,1.63,0.691955302901775
51,1.72,0.7128576916937294
51,1.81,0.7333855585772544
51,1.9,0.7535685223223076
51,1.99,0.773430736225522
51,2.08,0.7929930734412387
51,2.17,0.8122742215465193
51,2.26,0.8312915923137543
51,2.35,0.8500607146218998
51,2.44,0.8685946810586362
51,2.53,0.8869056152971566
51,2.62,0.905005885430242
51,2.71,0.9229060708640053
51,2.8,0.9406137589690624
51,2.89,0.9581380060140533
51,2.98,0.9754898979162757
51,3.07,0.9926725391829141
51,3.16,1.0096922175463228
51,3.25,1.0265607654503828
51,3.34,1.0432838533096902
51,3.43,1.0598670486642723
51,3.52,1.0763156413671888
51,3.61,1.0926339166337267
51,3.7,1.108826513889387
51,3.79,1.1248978435732062
51,3.88,1.1408500518427387
51,3.97,1.1566894603819584
51,4.06,1.1724146890158857
51,4.15,1.1880335669075979
51,4.24,1.2035511807192079
51,4.33,1.2189704111553588
51,4.42,1.2342939325840496
51,4.51,1.2495241856527866
51,4.6,1.2646633698445486
51,4.69,1.2797133397849356
51,4.78,1.2946756074366579
51,4.87,1.3095506315411607
51,4.96,1.3243412012406444
51,5.05,1.3390545022785045
51,5.14,1.3536924769360834
51,5.23,1.3682569751632871
51,5.32,1.3827497490436993
51,5.41,1.3971724279541355
51,5.5,1.4115264193589245
51,5.59,1.4258123803378415
51,5.68,1.4400234484979313
51,5.77,1.4541598858231874
51,5.86,1.4682332357006196
51,5.95,1.4822457372272855
51,6.04,1.4961988929054073
51,6.13,1.510094017848253
51,6.22,1.5239323403593708
51,6.31,1.5377150306352374
51,6.4,1.5514430968179498
51,6.49,1.5651121780374315
51,6.58,1.578725437511658
51,6.67,1.5922850139848488
51,6.76,1.6057925935096058
51,6.85,1.6192495861802425
51,6.94,1.6326572286760803
51,7.03,1.6460166348113765
51,7.12,1.659328829686267
51,7.21,1.67259030039504
51,7.3,1.6858059250943807
51,7.39,1.6989747013013177
51,7.48,1.712098807223696
51,7.57,1.7251791893701387
51,7.66,1.7382163122202006
51,7.75,1.7512114933520173
51,7.84,1.7641655095631061
51,7.93,1.777074375649549
51,8.02,1.7899434205614002
51,8.11,1.8027736173496773
51,8.2,1.815563529278496
51,8.29,1.828314246383368
51,8.38,1.8410279670637453
51,8.47,1.8537051921357566
51,8.56,1.8663445564042704
51,8.65,1.8789439623263733
51,8.74,1.8915087717506056
51,8.83,1.9040394736108734
51,8.92,1.9165357541341401
51,9.01,1.9289968471983145
51,9.1,1.9414230941918602
51,9.19,1.953817277926327
51,9.28,1.9661777383373307
51,9.37,1.9785046074191361
51,9.46,1.9907995033120587
51,9.55,2.0030626974750163
51,9.64,2.015295395672101
51,9.73,2.0274981707540456
51,9.82,2.0396704783665625
51,9.91,2.0518125364291726
51,10.0,2.063921690993868
52,1.0,0.5318125060578112
52,1.09,0.556549375860725
52,1.18,0.5805504693191285
52,1.27,0.6038980842801877
52,1.36,0.6266568690865519
52,1.45,0.6488860686115591
52,1.54,0.67063546518662
52,1.63,0.6919464356950694
52,1.72,0.7128484467730728
52,1.81,0.7333759155393683
52,1.9,0.7535584798171076
52,1.99,0.7734202955188827
52,2.08,0.7929822383931002
52,2.17,0.8122629925064232
52,2.26,0.831279966806054
52,2.35,0.8500486940276097
52,2.44,0.8685822704244341
52,2.53,0.8868928134801368
52,2.62,0.9049926878878694
52,2.71,0.9228924820367855
52,2.8,0.9405997867628398
52,2.89,0.9581236395326865
52,2.98,0.9754751364897645
52,3.07,0.9926574023423065
52,3.16,1.0096766875824597
52,3.25,1.0265448413219505
52,3.34,1.0432675361857202
52,3.43,1.0598503397322105
52,3.52,1.0762985390672475
52,3.61,1.0926164231145017
52,3.7,1.1088086303959692
52,3.79,1.1248795660540638
52,3.88,1.1408313903088176
52,3.97,1.1566704023159813
52,4.06,1.1723952519047927
52,4.15,1.1880137334806693
52,4.24,1.2035309512086063
52,4.33,1.2189497858628984
52,4.42,1.2342729118975577
52,4.51,1.2495027701106818
52,4.6,1.2646415601700252
52,4.69,1.2796911371025455
52,4.78,1.29465301320539
52,4.87,1.3095276497210997
52,4.96,1.3243178149769923
52,5.05,1.339030711427203
52,5.14,1.353668281511755
52,5.23,1.3682323754669845
52,5.32,1.3827247459163974
52,5.41,1.397147023347636
52,5.5,1.4115006179146152
52,5.59,1.425786195824859
52,5.68,1.4399969833690784
52,5.77,1.4541330339755856
52,5.86,1.4682059863016572
52,5.95,1.4822180860580285
52,6.04,1.4961708375621983
52,6.13,1.5100655566871626
52,6.22,1.5239034721291211
52,6.31,1.5376857543150804
52,6.4,1.551413426990344
52,6.49,1.5650821119897882
52,6.58,1.5786949715290588
52,6.67,1.592254145843437
52,6.76,1.6057613213635138
52,6.85,1.619217908589584
52,6.94,1.6326251443841626
52,7.03,1.6459841427508166
52,7.12,1.659295928880709
52,7.21,1.6725570050620946
52,7.3,1.6857722191052533
52,7.39,1.6989405923900247
52,7.48,1.7120642915141606
52,7.57,1.725144263304269
52,7.66,1.73818097900661
52,7.75,1.7511757500510798
52,7.84,1.764129353295661
52,7.93,1.7770378243824851
52,8.02,1.7899064568995144
52,8.11,1.8027362390026056
52,8.2,1.8155257429572522
52,8.29,1.8282760541143765
52,8.38,1.8409893592217028
52,8.47,1.853666167090709
52,8.56,1.8663051347676967
52,8.65,1.8789041305751748
52,8.74,1.8914685232611135
52,8.83,1.9039988057385995
52,8.92,1.9164946753879781
52,9.01,1.9289553607143277
52,9.1,1.9413811928375786
52,9.19,1.953774956762448
52,9.28,1.9661350092517287
52,9.37,1.9784614627986212
52,9.46,1.9907559453913464
52,9.55,2.0030187227938776
52,9.64,2.0152510005761934
52,9.73,2.0274533551386464
52,9.82,2.0396252484308577
52,9.91,2.0517668866863517
52,10.0,2.063875637934661
53,1.0,0.5318073885275054
53,1.09,0.5565439069952859
53,1.18,0.5805446506081399
53,1.27,0.6038919194454797
53,1.36,0.6266503732141435
53,1.45,0.648879229963904
53,1.54,0.6706282836726428
53,1.63,0.6919389127727283
53,1.72,0.7128406033921599
53,1.81,0.7333677343864126
53,1.9,0.753549959747836
53,1.99,0.7734114376156219
53,2.08,0.7929730459344199
53,2.17,0.8122534657852382
53,2.26,0.831270103723291
53,2.35,0.8500384957628013
53,2.44,0.8685717412599744
53,2.53,0.886881952439892
53,2.62,0.9049814911195309
53,2.71,0.9228809533125829
53,2.8,0.9405879327808172
53,2.89,0.9581114510436025
53,2.98,0.9754626129210758
53,3.07,0.9926445602610631
53,3.16,1.0096635119491826
53,3.25,1.0265313312434916
53,3.34,1.043253692646364
53,3.43,1.059836163719371
53,3.52,1.0762840292442963
53,3.61,1.092601581291841
53,3.7,1.1087934576012113
53,3.79,1.1248640588430874
53,3.88,1.1408155571439969
53,3.97,1.156654232562667
53,4.06,1.172378760378843
53,4.15,1.1879969055101138
53,4.24,1.203513786973809
53,4.33,1.2189322856060862
53,4.42,1.2342550759372095
53,4.51,1.2494845988982468
53,4.6,1.2646230543195132
53,4.69,1.2796722975780117
53,4.78,1.2946338412624319
53,4.87,1.3095081487615672
53,4.96,1.3242979707502498
53,5.05,1.3390105238753867
53,5.14,1.3536477507311926
53,5.23,1.3682115018209504
53,5.32,1.3827035302560067
53,5.41,1.3971254675043259
53,5.5,1.4114787260510844
53,5.59,1.4257639799075454
53,5.68,1.439974530217091
53,5.77,1.4541102527835472
53,5.86,1.4681828678795035
53,5.95,1.482194626840741
53,6.04,1.4961470355232296
53,6.13,1.5100414104416817
53,6.22,1.5238789806228596
53,6.31,1.5376609166872235
53,6.4,1.5513882556164278
53,6.49,1.5650566045786596
53,6.58,1.578669124927575
53,6.67,1.5922279581632302
53,6.76,1.605734791036469
53,6.85,1.6191910343912386
53,6.94,1.6325979252451457
53,7.03,1.6459565777618221
53,7.12,1.659268017209498
53,7.21,1.67252875876594
53,7.3,1.685743624495898
53,7.39,1.6989116560331459
53,7.48,1.7120350100976778
53,7.57,1.725114633823578
53,7.66,1.7381510041710109
53,7.75,1.7511454273510536
53,7.84,1.7640986803050638
53,7.93,1.777006816327828
53,8.02,1.7898750990069483
53,8.11,1.8027045293392756
53,8.2,1.8154936872261487
53,8.29,1.828243653995821
53,8.38,1.840956606553184
53,8.47,1.853633060505209
53,8.56,1.8662716917557851
53,8.65,1.8788703396259268
53,8.74,1.891434378748858
53,8.83,1.9039643054380477
53,8.92,1.916459826543124
53,9.01,1.928920165947772
53,9.1,1.9413456460766834
53,9.19,1.953739053816305
53,9.28,1.9660987602261912
53,9.37,1.9784248612677815
53,9.46,1.9907189932186882
53,9.55,2.002981417012463
53,9.64,2.0152133380786403
53,9.73,2.0274153358568947
53,9.82,2.0395868776295822
53,9.91,2.051728159749634
53,10.0,2.063836568816914
54,1.0,0.5318030468235567
54,1.09,0.5565392672053613
54,1.18,0.5805397139967869
54,1.27,0.603886689176567
54,1.36,0.6266448620849564
54,1.45,0.6488734280155236
54,1.54,0.6706221908289195
54,1.63,0.6919325302763755
54,1.72,0.7128339490195039
54,1.81,0.7333607934460691
54,1.9,0.7535427312694312
54,1.99,0.7734039225227273
54,2.08,0.7929652470102585
54,2.17,0.8122453832742899
54,2.26,0.8312617358439143
54,2.35,0.8500298435194164
54,2.44,0.8685628082840386
54,2.53,0.8868727378959689
54,2.62,0.9049719917376835
54,2.71,0.9228711722938222
54,2.8,0.9405778757979711
54,2.89,0.9581011102427539
54,2.98,0.9754519878104424
54,3.07,0.9926336648909201
54,3.16,1.0096523335459653
54,3.25,1.0265198690397852
54,3.34,1.043241947469412
54,3.43,1.0598241363904157
54,3.52,1.0762717186181179
54,3.61,1.0925889888943212
54,3.7,1.1087805842829768
54,3.79,1.1248509016773034
54,3.88,1.1408021232890453
54,3.97,1.1566405129866606
54,4.06,1.1723647676403148
54,4.15,1.1879826271503355
54,4.24,1.2034992231380894
54,4.33,1.218917436495071
54,4.42,1.2342399418194514
54,4.51,1.2494691801597042
54,4.6,1.26460735148903
54,4.69,1.2796563114889976
54,4.78,1.2946175730018328
54,4.87,1.3094916012551794
54,4.96,1.3242811319516254
54,5.05,1.3389933937896403
54,5.14,1.3536303295077454
54,5.23,1.3681937898519145
54,5.32,1.3826855283672004
54,5.41,1.397107177378023
54,5.5,1.4114601513788851
54,5.59,1.4257451310373095
54,5.68,1.439955480705048
54,5.77,1.4540909249986365
54,5.86,1.4681632540218483
54,5.95,1.4821747238953866
54,6.04,1.4961268417802518
54,6.13,1.5100209247339977
54,6.22,1.523858202062226
54,6.31,1.5376398445481156
54,6.4,1.5513669004021886
54,6.49,1.5650349643541346
54,6.58,1.578647197017924
54,6.67,1.592205740966428
54,6.76,1.6057122832218367
54,6.85,1.6191682349190195
54,6.94,1.6325748332068586
54,7.03,1.645933192384317
54,7.12,1.659244337784825
54,7.21,1.672504795520962
54,7.3,1.6857193658148995
54,7.39,1.6988871074902077
54,7.48,1.712010168866452
54,7.57,1.7250894973656379
54,7.66,1.7381255747761242
54,7.75,1.751119702879381
54,7.84,1.764072658710461
54,7.93,1.776980510516817
54,8.02,1.7898484964342107
54,8.11,1.802677628372503
54,8.2,1.8154664927104829
54,8.29,1.828216167328826
54,8.38,1.84092882081234
54,8.47,1.8536049745420125
54,8.56,1.8662433204116597
54,8.65,1.8788416731073914
54,8.74,1.8914054122784927
54,8.83,1.9039350371408152
54,8.92,1.9164302625824048
54,9.01,1.9288903085206501
54,9.1,1.9413154900152814
54,9.19,1.9537085955644882
54,9.28,1.9660680083717987
54,9.37,1.9783938103823673
54,9.46,1.9906876448591582
54,9.55,2.0029497686386306
54,9.64,2.015181387048768
54,9.73,2.027383082127844
54,9.82,2.0395543256711988
54,9.91,2.051695305673282
54,10.0,2.0638034244345
55,1.0,0.5317993632799106
55,1.09,0.5565353307578009
55,1.18,0.5805355257192965
55,1.27,0.6038822517583035
55,1.36,0.6266401863822053
55,1.45,0.6488685055784811
55,1.54,0.6706170215935779
55,1.63,0.6919271153008032
55,1.72,0.7128283033863377
55,1.81,0.7333549046882466
55,1.9,0.7535365985628873
55,1.99,0.7733975466535672
55,2.08,0.7929586303394777
55,2.17,0.812238526004697
55,2.26,0.8312546364615587
55,2.35,0.8500225028771945
55,2.44,0.8685552294595856
55,2.53,0.8868649201730777
55,2.62,0.9049639323387804
55,2.71,0.9228628739330236
55,2.8,0.9405693432789521
55,2.89,0.9580923368951402
55,2.98,0.9754429732108003
55,3.07,0.9926244209542341
55,3.16,1.0096428494232355
55,3.25,1.0265101440717666
55,3.34,1.0432319823514147
55,3.43,1.0598139318067588
55,3.52,1.076261273588899
55,3.61,1.0925783047071373
55,3.7,1.1087696616449474
55,3.79,1.124839738102913
55,3.88,1.1407907248382736
55,3.97,1.1566288719919697
55,4.06,1.172352894751684
55,4.15,1.187970511792784
55,4.24,1.2034868654331452
55,4.33,1.2189048366137585
55,4.42,1.2342270999931957
55,4.51,1.2494560967232888
55,4.6,1.2645940269024256
55,4.69,1.2796427464763562
55,4.78,1.2946037685070655
55,4.87,1.3094775597953152
55,4.96,1.3242668433434075
55,5.05,1.3389788580813307
55,5.14,1.353615546879199
55,5.23,1.3681787606997413
55,5.32,1.3826702534690258
55,5.41,1.3970916582541242
55,5.5,1.4114443912741323
55,5.59,1.4257291388644266
55,5.68,1.4399393187772727
55,5.77,1.4540745270099114
55,5.86,1.4681466133498313
55,5.95,1.482157837988281
55,6.04,1.4961097091940456
55,6.13,1.510003544484451
55,6.22,1.5238405734007123
55,6.31,1.5376219668631674
55,6.4,1.551348782608444
55,6.49,1.5650166048168805
55,6.58,1.5786285934688875
55,6.67,1.5921868920473528
55,6.76,1.6056931878043972
55,6.85,1.6191488921212362
55,6.94,1.6325552422578744
55,7.03,1.6459133526277208
55,7.12,1.6592242486193511
55,7.21,1.672484465622084
55,7.3,1.6856987853265408
55,7.39,1.6988662811448023
55,7.48,1.711989094254888
55,7.57,1.7250681723425068
55,7.66,1.7381040012782096
55,7.75,1.751097879083931
55,7.84,1.7640505828906667
55,7.93,1.7769581936146004
55,8.02,1.789825927798331
55,8.11,1.8026548066237682
55,8.2,1.8154434219645437
55,8.29,1.8281928487513803
55,8.38,1.8409052485322919
55,8.47,1.8535811475931674
55,8.56,1.8662192513872304
55,8.65,1.8788173536786852
55,8.74,1.8913808383890585
55,8.83,1.9039102072091085
55,8.92,1.9164051818499428
55,9.01,1.9288649788311296
55,9.1,1.9412899069727156
55,9.19,1.9536827561513537
55,9.28,1.9660419198839028
55,9.37,1.9783674682307149
55,9.46,1.990661050346913
55,9.55,2.002922919593849
55,9.64,2.0151542812260845
55,9.73,2.0273557195009673
55,9.82,2.0395267100344094
55,9.91,2.0516674337468626
55,10.0,2.0637753062196578
56,1.0,0.5317962381058675
56,1.09,0.5565319910161223
56,1.18,0.5805319723218745
56,1.27,0.6038784869899211
56,1.36,0.6266362194522619
56,1.45,0.6488643293170399
56,1.54,0.6706126359460306
56,1.63,0.6919225211666558
56,1.72,0.712823513561576
56,1.81,0.7333499085925094
56,1.9,0.7535313954952122
56,1.99,0.7733921372814092
56,2.08,0.7929530166643
56,2.17,0.812232708193762
56,2.26,0.8312486132271969
56,2.35,0.8500162749420713
56,2.44,0.868548799430935
56,2.53,0.8868582874364371
56,2.62,0.9049570945338145
56,2.71,0.9228558333599823
56,2.8,0.9405621040055492
56,2.89,0.9580848932559165
56,2.98,0.9754353248411725
56,3.07,0.9926165779586466
56,3.16,1.0096348025880855
56,3.25,1.0265018928316272
56,3.34,1.0432235272915382
56,3.43,1.0598052734990837
56,3.52,1.076252411196652
56,3.61,1.0925692393186424
56,3.7,1.1087603938508785
56,3.79,1.124830265794289
56,3.88,1.1407810531490339
56,3.97,1.1566189944153715
56,4.06,1.172342820322872
56,4.15,1.187960231538845
56,4.24,1.203476379459006
56,4.33,1.2188941450684376
56,4.42,1.2342162030792037
56,4.51,1.249444994733734
56,4.6,1.2645827202396442
56,4.69,1.2796312357710913
56,4.78,1.2945920545798728
56,4.87,1.309465644810719
56,4.96,1.3242547186918778
56,5.05,1.3389665238383934
56,5.14,1.353603003238179
56,5.23,1.3681660080450462
56,5.32,1.3826572925168532
56,5.41,1.3970784903610372
56,5.5,1.4114310192722785
56,5.59,1.425715570406215
56,5.68,1.4399256066500308
56,5.77,1.454060614627179
56,5.86,1.468132495087417
56,5.95,1.482143511684814
56,6.04,1.4960951736290056
56,6.13,1.5099887988271237
56,6.22,1.5238256170197613
56,6.31,1.5376067992430826
56,6.4,1.5513334113154715
56,6.49,1.5650010284697293
56,6.58,1.5786128101444608
56,6.67,1.5921709005945126
56,6.76,1.6056769872668848
56,6.85,1.619132481751442
56,6.94,1.6325386214022757
56,7.03,1.645896520729613
56,7.12,1.6592072051686766
56,7.21,1.672467217979027
56,7.3,1.6856813251286888
56,7.39,1.6988486124101205
56,7.48,1.7119712149318347
56,7.57,1.7250500806172346
56,7.66,1.7380856987900888
56,7.75,1.7510793642816587
56,7.84,1.7640318543161284
56,7.93,1.776939260545607
56,8.02,1.7898067811930174
56,8.11,1.80263544531637
56,8.2,1.8154238494506578
56,8.29,1.828173066005834
56,8.38,1.840885250575653
56,8.47,1.8535609336117818
56,8.56,1.8661988320665965
56,8.65,1.878796721938523
56,8.74,1.8913599907856276
56,8.83,1.9038891424073527
56,8.92,1.9163839043057986
56,9.01,1.928843490094159
56,9.1,1.9412682033050592
56,9.19,1.9536608349926223
56,9.28,1.9660197874309373
56,9.37,1.9783451206020102
56,9.46,1.9906384886351778
56,9.55,2.0029001419441856
56,9.64,2.01513128573051
56,9.73,2.0273325061445218
56,9.82,2.0395032820375154
56,9.91,2.0516437883407783
56,10.0,2.0637514518746976
57,1.0,0.5317935866548876
57,1.09,0.556529157523033
57,1.18,0.5805289575603471
57,1.27,0.6038752929001496
57,1.36,0.6266328538460375
57,1.45,0.6488607861097386
57,1.54,0.6706089150902369
57,1.63,0.6919186234259248
57,1.72,0.7128194497910091
57,1.81,0.7333456698122323
57,1.9,0.7535269811081603
57,1.99,0.7733875478531925
57,2.08,0.7929482538907701
57,2.17,0.812227772212319
57,2.26,0.8312435029420326
57,2.35,0.8500109909646939
57,2.44,0.8685433439697094
57,2.53,0.8868526599642921
57,2.62,0.9049512930447084
57,2.71,0.9228498598031566
57,2.8,0.9405559618260786
57,2.89,0.9580785776421815
57,2.98,0.9754288354797945
57,3.07,0.9926099234194341
57,3.16,1.0096279750473935
57,3.25,1.026494891805631
57,3.34,1.043216353273937
57,3.43,1.059797926969594
57,3.52,1.0762448914423037
57,3.61,1.0925615472609729
57,3.7,1.1087525299856789
57,3.79,1.1248222283335274
57,3.88,1.1407728464449967
57,3.97,1.156610612948225
57,4.06,1.172334271760343
57,4.15,1.187951508269461
57,4.24,1.2034674815754436
57,4.33,1.2188850727024219
57,4.42,1.2342069564095655
57,4.51,1.2494355740183467
57,4.6,1.264573125831268
57,4.69,1.279621468219351
57,4.78,1.2945821145977972
57,4.87,1.3094555342581768
57,4.96,1.324244430288094
57,5.05,1.3389560576740789
57,5.14,1.3535923595080719
57,5.23,1.3681551871107245
57,5.32,1.3826462950269178
57,5.41,1.3970673175139394
57,5.5,1.4114196735260607
57,5.59,1.4257040583146905
57,5.68,1.439913972931986
57,5.77,1.4540488110260956
57,5.86,1.468120516825761
57,5.95,1.4821313569307193
57,6.04,1.4960828413499816
57,6.13,1.5099762883214327
57,6.22,1.5238129277545824
57,6.31,1.5375939307835627
57,6.4,1.5513203700832903
57,6.49,1.5649878132973292
57,6.58,1.5785994194015536
57,6.67,1.5921573333056913
57,6.76,1.6056632426219524
57,6.85,1.6191185591169712
57,6.94,1.6325245202245275
57,7.03,1.6458822405367843
57,7.12,1.6591927455284348
57,7.21,1.6724525851361463
57,7.3,1.6856665119884233
57,7.39,1.6988336223838494
57,7.48,1.7119560462738512
57,7.57,1.725034731793541
57,7.66,1.7380701711891233
57,7.75,1.7510636565840805
57,7.84,1.764015965290128
57,7.93,1.7769231980590199
57,8.02,1.7897905375710894
57,8.11,1.8026190195734328
57,8.2,1.815407244555425
57,8.29,1.828156282775397
57,8.38,1.840868284786804
57,8.47,1.853543784578768
57,8.56,1.866181508856218
57,8.65,1.8787792185337975
57,8.74,1.8913423042634103
57,8.83,1.903871271639949
57,8.92,1.9163658530802374
57,9.01,1.928825259714649
57,9.1,1.9412497905945172
57,9.19,1.9536422377786717
57,9.28,1.9660010109761394
57,9.37,1.978326161621821
57,9.46,1.9906193480473582
57,9.55,2.002880818166264
57,9.64,2.0151117771416134
57,9.73,2.0273128127372706
57,9.82,2.039483406545073
57,9.91,2.051623728423997
57,10.0,2.0637312147090987
58,1.0,0.5317913371140309
58,1.09,0.5565267535334619
58,1.18,0.5805263997778407
58,1.27,0.6038725829714032
58,1.36,0.6266299983968483
58,1.45,0.6488577799759331
58,1.54,0.6706057582300554
58,1.63,0.6919153164867232
58,1.72,0.7128160019808687
58,1.81,0.7333420735092483
58,1.9,0.75352323580334
58,1.99,0.7733836540252406
58,2.08,0.7929442129762359
58,2.17,0.8122235843239075
58,2.26,0.8312391671470675
58,2.35,0.8500065077803505
58,2.44,0.8685387152665897
58,2.53,0.8868478852907198
58,2.62,0.9049463706959118
58,2.71,0.922844791431121
58,2.8,0.9405507503493475
58,2.89,0.958073218974867
58,2.98,0.9754233293532525
58,3.07,0.9926042771028466
58,3.16,1.009622181898455
58,3.25,1.0264889514114202
58,3.34,1.0432102660519562
58,3.43,1.0597916933236706
58,3.52,1.0762385107662416
58,3.61,1.092555020336395
58,3.7,1.1087458572305606
58,3.79,1.1248154082330015
58,3.88,1.1407658826907352
58,3.97,1.1566035008588398
58,4.06,1.172327017844748
58,4.15,1.187944106072327
58,4.24,1.2034599311797334
58,4.33,1.2188773742254635
58,4.42,1.234199110009929
58,4.51,1.2494275799232468
58,4.6,1.2645649843500097
58,4.69,1.279613179830444
58,4.78,1.2945736799200063
58,4.87,1.3094469548879017
58,4.96,1.3242357000664249
58,5.05,1.3389471766981358
58,5.14,1.3535833279659255
58,5.23,1.36814600533507
58,5.32,1.382636963597519
58,5.41,1.397057837481207
58,5.5,1.4114100470137538
58,5.59,1.4256942909245354
58,5.68,1.439904102549794
58,5.77,1.4540387965254162
58,5.86,1.4681103541476253
58,5.95,1.4821210445216704
58,6.04,1.496072378335914
58,6.13,1.5099656741090564
58,6.22,1.5238021618938526
58,6.31,1.5375830129074042
58,6.4,1.551309305641794
58,6.49,1.5649766013032071
58,6.58,1.5785880584727698
58,6.67,1.5921458226158005
58,6.76,1.6056515814845915
58,6.85,1.6191067469955853
58,6.94,1.6325125566500738
58,7.03,1.6458701251095913
58,7.12,1.6591804778822443
58,7.21,1.6724401705696286
58,7.3,1.6856539444825382
58,7.39,1.698820904834928
58,7.48,1.7119431771973428
58,7.57,1.7250217098917382
58,7.66,1.7380569976384956
58,7.75,1.751050330263211
58,7.84,1.764002485157943
58,7.93,1.7769095707883973
58,8.02,1.7897767566483147
58,8.11,1.8026050841648804
58,8.2,1.815393157182167
58,8.29,1.828142044123693
58,8.38,1.8408538912748105
58,8.47,1.8535292356281292
58,8.56,1.8661668121602981
58,8.65,1.8787643689806834
58,8.74,1.8913272993721832
58,8.83,1.9038561104575795
58,8.92,1.9163505388245339
58,9.01,1.9288097934847088
58,9.1,1.9412341696907849
58,9.19,1.9536264603581044
58,9.28,1.9659850815073172
58,9.37,1.978310077324347
58,9.46,1.99060310969323
58,9.55,2.002864424406668
58,9.64,2.0150952265999327
58,9.73,2.0272961054111285
58,9.82,2.039466544754026
58,9.91,2.05160671019062
58,10.0,2.063714046113415
59,1.0,0.5317894285516843
59,1.09,0.5565247139302255
59,1.18,0.5805242296890915
59,1.27,0.6038702837941105
59,1.36,0.6266275757505928
59,1.45,0.6488552294773855
59,1.54,0.6706030798421397
59,1.63,0.6919125107578286
59,1.72,0.7128130767217813
59,1.81,0.733339022250514
59,1.9,0.7535200581109296
59,1.99,0.7733803503040817
59,2.08,0.7929407844431972
59,2.17,0.812220031071535
59,2.26,0.8312354883816684
59,2.35,0.8500027039393667
59,2.44,0.8685347879348424
59,2.53,0.8868438340817075
59,2.62,0.9049421941612358
59,2.71,0.9228404909712186
59,2.8,0.9405463284375241
59,2.89,0.9580686721421199
59,2.98,0.9754186573699867
59,3.07,0.9925994861358832
59,3.16,1.0096172663093597
59,3.25,1.0264839108486739
59,3.34,1.043205100869471
59,3.43,1.059786403862526
59,3.52,1.0762330965119822
59,3.61,1.092549481952919
59,3.7,1.1087401950715423
59,3.79,1.1248096210156997
59,3.88,1.140759973547823
59,3.97,1.1565974658207612
59,4.06,1.1723208624377186
59,4.15,1.18793782482225
59,4.24,1.203453524161316
59,4.33,1.2188708415434686
59,4.42,1.234192451805033
59,4.51,1.2494207963954924
59,4.6,1.264558075770202
59,4.69,1.2796061466144644
59,4.78,1.294566522603822
59,4.87,1.3094396748401633
59,4.96,1.32422829207557
59,5.05,1.3389396408616132
59,5.14,1.3535756644601085
59,5.23,1.3681382144610192
59,5.32,1.382629045868183
59,5.41,1.397049793811434
59,5.5,1.4114018792318594
59,5.59,1.4256860038108747
59,5.68,1.4398957282039428
59,5.77,1.4540302999172545
59,5.86,1.4681017318283223
59,5.95,1.4821122951732586
59,6.04,1.4960635012178636
59,6.13,1.509956668719363
59,6.22,1.5237930278520782
59,6.31,1.5375737499034519
59,6.4,1.5512999183009866
59,6.49,1.5649670887903562
59,6.58,1.5785784196162433
59,6.67,1.5921360567153429
59,6.76,1.6056416879587556
59,6.85,1.6190967253899058
59,6.94,1.6325024065673042
59,7.03,1.6458598462112413
59,7.12,1.6591700698581209
59,7.21,1.6724296379157828
59,7.3,1.6856432820926415
59,7.39,1.6988101151679502
59,7.48,1.711932258991436
59,7.57,1.7250106620487797
59,7.66,1.7380458211557162
59,7.75,1.7510390241878542
59,7.84,1.7639910486097892
59,7.93,1.776898009427366
59,8.02,1.7897650649465189
59,8.11,1.8025932614171032
59,8.2,1.8153812055291978
59,8.29,1.8281299641429027
59,8.38,1.8408416799282912
59,8.47,1.8535168924278138
59,8.56,1.8661543436342007
59,8.65,1.8787517707868684
59,8.74,1.8913145694052897
59,8.83,1.9038432479118361
59,8.92,1.9163375464335808
59,9.01,1.9287966721758152
59,9.1,1.941220917170791
59,9.19,1.9536130750634715
59,9.28,1.9659715672320583
59,9.37,1.9782964317141254
59,9.46,1.9905893333983142
59,9.55,2.002850516278315
59,9.64,2.0150811854692425
59,9.73,2.0272819312789587
59,9.82,2.0394522395888943
59,9.91,2.051592272320044
59,10.0,2.0636994806902136
60,1.0,0.5317878092673456
60,1.09,0.5565229834616998
60,1.18,0.5805223885064398
60,1.27,0.6038683330820813
60,1.36,0.6266255202752875
60,1.45,0.6488530655180795
60,1.54,0.6706008073658567
60,1.63,0.6919101302289369
60,1.72,0.7128105947658807
60,1.81,0.7333364333763557
60,1.9,0.7535173619484914
60,1.99,0.7733775471958889
60,2.08,0.7929378754201916
60,2.17,0.8122170162099518
60,2.26,0.8312323670063523
60,2.35,0.8499994764205226
60,2.44,0.8685314556155701
60,2.53,0.8868403966318351
60,2.62,0.9049386503505736
60,2.71,0.9228368419873695
60,2.8,0.940542576377201
60,2.89,0.9580648140606131
60,2.98,0.9754146930716618
60,3.07,0.9925954208530816
60,3.16,1.0096130952565032
60,3.25,1.0264796337271829
60,3.34,1.0432007179799792
60,3.43,1.0597819154939379
60,3.52,1.0762285022283569
60,3.61,1.0925447823187884
60,3.7,1.1087353903870427
60,3.79,1.1248047101950516
60,3.88,1.140754959250186
60,3.97,1.156592344680573
60,4.06,1.1723156391473861
60,4.15,1.1879324947400907
60,4.24,1.2034480873546392
60,4.33,1.2188652981057313
60,4.42,1.2341868018608122
60,4.51,1.2494150401205253
60,4.6,1.2645522134010265
60,4.69,1.279600178511758
60,4.78,1.2945604492308629
60,4.87,1.309433497368948
60,4.96,1.3242220060947634
60,5.05,1.3389332464650052
60,5.14,1.353569161809589
60,5.23,1.3681316038255433
60,5.32,1.38262232769791
60,5.41,1.397042968899112
60,5.5,1.4113949491469033
60,5.59,1.4256789726275658
60,5.68,1.4398886231219732
60,5.77,1.4540230911139385
60,5.86,1.4680944163730933
60,5.95,1.4821048719475227
60,6.04,1.4960559695938827
60,6.13,1.5099490282720622
60,6.22,1.5237852782596102
60,6.31,1.5375658909036514
60,6.4,1.5512919538190655
60,6.49,1.5649590181195032
60,6.58,1.5785702417631273
60,6.67,1.592127771086578
60,6.76,1.605633294061732
60,6.85,1.6190882228396775
60,6.94,1.6324937950274332
60,7.03,1.6458511253950718
60,7.12,1.6591612395029705
60,7.21,1.672420701836729
60,7.3,1.6856342359577048
60,7.39,1.6988009610647004
60,7.48,1.7119229958477302
60,7.57,1.725001288935131
60,7.66,1.7380363389176572
60,7.75,1.7510294320162063
60,7.84,1.763981345760061
60,7.93,1.7768882007006317
60,8.02,1.789755145651804
60,8.11,1.8025832309576681
60,8.2,1.8153710657227926
60,8.29,1.828119715475998
60,8.38,1.8408313198242814
60,8.47,1.8535064204745992
60,8.56,1.866143765370992
60,8.65,1.8787410825264672
60,8.74,1.891303769361197
60,8.83,1.9038323354025257
60,8.92,1.9163265237810083
60,9.01,1.928785540163034
60,9.1,1.941209673850314
60,9.19,1.9536017191089448
60,9.28,1.9659601018644906
60,9.37,1.9782848549394487
60,9.46,1.990577645764917
60,9.55,2.0028387168085025
60,9.64,2.015069273170693
60,9.73,2.0272699061545403
60,9.82,2.039440103309209
60,9.91,2.0515800234699326
60,10.0,2.063687123637469
61,1.0,0.5317864353947583
61,1.09,0.556521515249444
61,1.18,0.5805208263522484
61,1.27,0.6038666779905608
61,1.36,0.6266237762887649
61,1.45,0.6488512294782391
61,1.54,0.6705988792434588
61,1.63,0.6919081104171871
61,1.72,0.7128084888852411
61,1.81,0.7333342367659776
61,1.9,0.7535150742930988
61,1.99,0.7733751687853468
61,2.08,0.7929354071281576
61,2.17,0.812214458099516
61,2.26,0.8312297185034907
61,2.35,0.849996737838783
61,2.44,0.8685286280935864
61,2.53,0.8868374798880385
61,2.62,0.9049356433404651
61,2.71,0.9228337457184227
61,2.8,0.9405393926274578
61,2.89,0.9580615403308478
61,2.98,0.9754113291956246
61,3.07,0.9925919712707676
61,3.16,1.009609555906699
61,3.25,1.026476004356744
61,3.34,1.0431969988447056
61,3.43,1.0597781068390957
61,3.52,1.076224603684961
61,3.61,1.0925407943672585
61,3.7,1.1087313132826278
61,3.79,1.124800543018893
61,3.88,1.1407507042599903
61,3.97,1.1565879990230492
61,4.06,1.1723112068071646
61,4.15,1.1879279717814308
61,4.24,1.2034434738380244
61,4.33,1.2188605941142832
61,4.42,1.2341820075045065
61,4.51,1.2494101555532902
61,4.6,1.2645472388289012
61,4.69,1.2795951142468174
61,4.78,1.2945552956727013
61,4.87,1.3094282555200132
61,4.96,1.324216672219937
61,5.05,1.3389278206519912
61,5.14,1.3535636442046022
61,5.23,1.3681259946664475
61,5.32,1.3826166273772083
61,5.41,1.3970371781009523
61,5.5,1.4113890692153255
61,5.59,1.4256730070316046
61,5.68,1.4398825949117677
61,5.77,1.4540169749111735
61,5.86,1.4680882096875474
61,5.95,1.4820985738295422
61,6.04,1.4960495795110733
61,6.13,1.5099425458642606
61,6.22,1.5237787032543406
61,6.31,1.5375592230791095
61,6.4,1.5512851965061891
61,6.49,1.5649521707198963
61,6.58,1.5785633034345454
61,6.67,1.5921207413261274
61,6.76,1.6056261724520182
61,6.85,1.6190810090546017
61,6.94,1.6324864887820325
61,7.03,1.6458437264465744
61,7.12,1.6591537476289262
61,7.21,1.6724131202743995
61,7.3,1.6856265610320413
61,7.39,1.6987931945478802
61,7.48,1.7119151368290673
61,7.57,1.7249933366276717
61,7.66,1.7380282940384633
61,7.75,1.751021293878222
61,7.84,1.7639731137333747
61,7.93,1.7768798788580205
61,8.02,1.789746730012686
61,8.11,1.8025747210169694
61,8.2,1.815362463023872
61,8.29,1.8281110204292335
61,8.38,1.8408225302442813
61,8.47,1.8534975360132337
61,8.56,1.8661347907284482
61,8.65,1.878732014572073
61,8.74,1.8912946065791232
61,8.83,1.9038230772161369
61,8.92,1.9163171721623062
61,9.01,1.928776095773818
61,9.1,1.9412001350369847
61,9.19,1.9535920847463908
61,9.28,1.9659503746870632
61,9.37,1.9782750332578527
61,9.46,1.9905677300420952
61,9.55,2.0028287062128123
61,9.64,2.0150591668598556
61,9.73,2.027259704132589
61,9.82,2.0394298069939216
61,9.91,2.051569631663452
61,10.0,2.0636766400427358
62,1.0,0.5317852697175566
62,1.09,0.556520269522416
62,1.18,0.5805195009119288
62,1.27,0.6038652736887763
62,1.36,0.62662229655415
62,1.45,0.6488496716299266
62,1.54,0.6705972432556759
62,1.63,0.6919063966229605
62,1.72,0.7128067020526394
62,1.81,0.7333323729391167
62,1.9,0.7535131332035563
62,1.99,0.773373150678587
62,2.08,0.7929333127447921
62,2.17,0.8122122874920407
62,2.26,0.8312274711841346
62,2.35,0.8499944140733384
62,2.44,0.8685262288476747
62,2.53,0.8868350049219236
62,2.62,0.9049330917675931
62,2.71,0.922831118393744
62,2.8,0.9405366910592096
62,2.89,0.9580587623982102
62,2.98,0.9754084747576386
62,3.07,0.9925890440954334
62,3.16,1.00960655254787
62,3.25,1.0264729246001052
62,3.34,1.043193842908176
62,3.43,1.059774874931248
62,3.52,1.076221295493733
62,3.61,1.0925374103016976
62,3.7,1.1087278535601297
62,3.79,1.1247970068619282
62,3.88,1.1407470935856747
62,3.97,1.156584311412434
62,4.06,1.1723074456439122
62,4.15,1.18792413372836
62,4.24,1.2034395589492424
62,4.33,1.2188566024634202
62,4.42,1.2341779391882857
62,4.51,1.2494060107060994
62,4.6,1.2645430176296926
62,4.69,1.2795908169649932
62,4.78,1.294550922652214
62,4.87,1.3094238076173763
62,4.96,1.3242121462716987
62,5.05,1.3389232167384648
62,5.14,1.3535589624562148
62,5.23,1.3681212352918957
62,5.32,1.3826117907169484
62,5.41,1.3970322647434714
62,5.5,1.4113840803095035
62,5.59,1.4256679455288113
62,5.68,1.4398774803476933
62,5.77,1.4540117856977939
62,5.86,1.4680829437088547
62,5.95,1.4820932302791325
62,6.04,1.4960441579372323
62,6.13,1.5099370459616561
62,6.22,1.523773124792149
62,6.31,1.5375535658695472
62,6.4,1.5512794633757836
62,6.49,1.5649463611618566
62,6.58,1.578557416734662
62,6.67,1.5921147770581339
62,6.76,1.6056201302621929
62,6.85,1.6190748886666564
62,6.94,1.6324802899545674
62,7.03,1.6458374489739585
62,7.12,1.6591473913227597
62,7.21,1.6724066878816373
62,7.3,1.685620049434929
62,7.39,1.698786605250773
62,7.48,1.7119084690585995
62,7.57,1.7249865897174013
62,7.66,1.7380214685965925
62,7.75,1.7510143893215022
62,7.84,1.7639661295286668
62,7.93,1.7768728184604317
62,8.02,1.7897395900445663
62,8.11,1.8025675010507234
62,8.2,1.8153551643698016
62,8.29,1.8281036434338744
62,8.38,1.8408150730540163
62,8.47,1.8534899983338338
62,8.56,1.8661271765481637
62,8.65,1.8787243212331097
62,8.74,1.8912868327953787
62,8.83,1.9038152224995692
62,8.92,1.9163092381875066
62,9.01,1.928768083100486
62,9.1,1.9411920422612792
62,9.19,1.9535839109139317
62,9.28,1.965942122118929
62,9.37,1.9782667005226648
62,9.46,1.9905593175310048
62,9.55,2.0028202132187434
62,9.64,2.0150505926679783
62,9.73,2.027251048747524
62,9.82,2.039421071618881
62,9.91,2.0515608152842044
62,10.0,2.0636677457989876
63,1.0,0.5317842806637995
63,1.09,0.5565192125421359
63,1.18,0.5805183762899448
63,1.27,0.6038640821474199
63,1.36,0.626621041001731
63,1.45,0.6488483497909374
63,1.54,0.6705958551075684
63,1.63,0.6919049424479046
63,1.72,0.7128051858958383
63,1.81,0.7333307914431633
63,1.9,0.7535114861401127
63,1.99,0.7733714382556773
63,2.08,0.7929315355904573
63,2.17,0.8122104456502045
63,2.26,0.8312255642405407
63,2.35,0.8499924422534858
63,2.44,0.8685241929707136
63,2.53,0.8868329047840229
63,2.62,0.9049309266164721
63,2.71,0.9228288889551248
63,2.8,0.9405343986127688
63,2.89,0.9580564051444583
63,2.98,0.9754060525772738
63,3.07,0.9925865601864003
63,3.16,1.0096040039861633
63,3.25,1.0264703112044729
63,3.34,1.0431911648644154
63,3.43,1.059772132416938
63,3.52,1.0762184882450874
63,3.61,1.0925345386670888
63,3.7,1.1087249177248821
63,3.79,1.124794006168095
63,3.88,1.1407440296612765
63,3.97,1.1565811822067136
63,4.06,1.1723042540301576
63,4.15,1.187920876876843
63,4.24,1.2034362369081133
63,4.33,1.218853215297609
63,4.42,1.234174486982528
63,4.51,1.2494024935773382
63,4.6,1.2645394357329147
63,4.69,1.2795871705322546
63,4.78,1.2945472119790078
63,4.87,1.309420033434816
63,4.96,1.3242083058998186
63,5.05,1.3389193102496693
63,5.14,1.3535549899657213
63,5.23,1.36811719698165
63,5.32,1.3826076868810275
63,5.41,1.3970280958867394
63,5.5,1.4113798474125432
63,5.59,1.4256636511010168
63,5.68,1.4398731409478622
63,5.77,1.4540073829682576
63,5.86,1.4680784758516576
63,5.95,1.482088696609409
63,6.04,1.4960395580715968
63,6.13,1.509932379641142
63,6.22,1.5237683918211105
63,6.31,1.5375487660889076
63,6.4,1.551274599183962
63,6.49,1.5649414321295032
63,6.58,1.5785524222560767
63,6.67,1.592109716771947
63,6.76,1.6056150038685908
63,6.85,1.61906969593151
63,6.94,1.6324750306733442
63,7.03,1.6458321229724582
63,7.12,1.6591419984413922
63,7.21,1.6724012304512943
63,7.3,1.6856145248106233
63,7.39,1.6987810147094393
63,7.48,1.7119028119436037
63,7.57,1.7249808654642282
63,7.66,1.7380156777211635
63,7.75,1.7510085313287613
63,7.84,1.763960203967249
63,7.93,1.7768668282615399
63,8.02,1.7897335323422334
63,8.11,1.802561375482862
63,8.2,1.8153489720487768
63,8.29,1.828097384652554
63,8.38,1.8408087462401497
63,8.47,1.8534836032386384
63,8.56,1.8661207165557745
63,8.65,1.878717794087436
63,8.74,1.8912802374052609
63,8.83,1.9038085584518316
63,8.92,1.9163025069040323
63,9.01,1.9287612850548908
63,9.1,1.9411851762619083
63,9.19,1.953576976151235
63,9.28,1.9659351205630622
63,9.37,1.9782596309605882
63,9.46,1.9905521802934507
63,9.55,2.002813007704773
63,9.64,2.0150433182709895
63,9.73,2.0272437054723356
63,9.82,2.039413660486606
63,9.91,2.0515533354358606
63,10.0,2.0636601998970145
64,1.0,0.5317834414517708
64,1.09,0.5565183156894762
64,1.18,0.5805174220377999
64,1.27,0.6038630711083922
64,1.36,0.6266199756429642
64,1.45,0.6488472281810879
64,1.54,0.6705946772270611
64,1.63,0.6919037085359335
64,1.72,0.7128038993845518
64,1.81,0.7333294494832105
64,1.9,0.753510088537417
64,1.99,0.7733699851866691
64,2.08,0.7929300275878866
64,2.17,0.8122088827510174
64,2.26,0.8312239460930837
64,2.35,0.8499907690492148
64,2.44,0.8685224654047075
64,2.53,0.8868311226831802
64,2.62,0.904929089342597
64,2.71,0.9228269971243798
64,2.8,0.9405324533111122
64,2.89,0.9580544048451867
64,2.98,0.9754039971795481
64,3.07,0.992584452404491
64,3.16,1.0096018413392323
64,3.25,1.0264680935393378
64,3.34,1.0431888923395596
64,3.43,1.0597698051836648
64,3.52,1.0762161060804785
64,3.61,1.0925321018678642
64,3.7,1.1087224264491045
64,3.79,1.1247914598589586
64,3.88,1.140741429701329
64,3.97,1.1565785268572832
64,4.06,1.172301545731049
64,4.15,1.1879181132285157
64,4.24,1.2034334179531898
64,4.33,1.2188503410930924
64,4.42,1.2341715576023646
64,4.51,1.249399509122973
64,4.6,1.2645363963382241
64,4.69,1.2795840763967214
64,4.78,1.2945440633560552
64,4.87,1.3094168309479752
64,4.96,1.3242050472782032
64,5.05,1.3389159955577714
64,5.14,1.3535516193045454
64,5.23,1.3681137705090118
64,5.32,1.3826042048500877
64,5.41,1.3970245587296959
64,5.5,1.4113762559653291
64,5.59,1.4256600074961945
64,5.68,1.4398694592223549
64,5.77,1.45400364751595
64,5.86,1.4680746851449331
64,5.95,1.4820848500665635
64,6.04,1.496035655367157
64,6.13,1.5099284205553858
64,6.22,1.5237643761881332
64,6.31,1.53754469377388
64,6.4,1.551270472221975
64,6.49,1.5649372501567087
64,6.58,1.5785481847587495
64,6.67,1.5921054234436858
64,6.76,1.6056106544552338
64,6.85,1.6190652902346154
64,6.94,1.6324705685195826
64,7.03,1.6458276042142244
64,7.12,1.6591374229434777
64,7.21,1.6723966001915271
64,7.3,1.685609837545067
64,7.39,1.6987762715219314
64,7.48,1.7118980122766965
64,7.57,1.7249760088396442
64,7.66,1.738010764576575
64,7.75,1.751003561244015
64,7.84,1.7639551765601016
64,7.93,1.7768617460187917
64,8.02,1.7897283928321284
64,8.11,1.8025561783987183
64,8.2,1.815343718334863
64,8.29,1.8280920745565483
64,8.38,1.8408033784284232
64,8.47,1.8534781775007505
64,8.56,1.8661152357632376
64,8.65,1.878712256325314
64,8.74,1.8912746417478088
64,8.83,1.9038029045491645
64,8.92,1.9162967959633426
64,9.01,1.9287555174771382
64,9.1,1.9411793510356532
64,9.19,1.9535710925897771
64,9.28,1.9659291803386099
64,9.37,1.9782536330449805
64,9.46,1.9905461249665013
64,9.55,2.002806894455909
64,9.64,2.0150371465854904
64,9.73,2.0272374753549585
64,9.82,2.0394073728039177
64,9.91,2.051546989460191
64,10.0,2.0636537978863005
65,1.0,0.5317827293641716
65,1.09,0.5565175546887399
65,1.18,0.5805166123281944
65,1.27,0.603862213209546
65,1.36,0.6266190716479446
65,1.45,0.6488462764507493
65,1.54,0.6705936777445354
65,1.63,0.691902661504084
65,1.72,0.7128028077155546
65,1.81,0.7333283107589901
65,1.9,0.7535089025931421
65,1.99,0.7733687521720801
65,2.08,0.7929287479550269
65,2.17,0.8122075565311069
65,2.26,0.831222572987732
65,2.35,0.8499893492210718
65,2.44,0.8685209994436996
65,2.53,0.8868296104424407
65,2.62,0.9049275302808081
65,2.71,0.9228253917647701
65,2.8,0.9405308025753744
65,2.89,0.9580527074381389
65,2.98,0.9754022530160367
65,3.07,0.9925826637883358
65,3.16,1.009600006165675
65,3.25,1.0264662116789733
65,3.34,1.0431869639275961
65,3.43,1.0597678303490705
65,3.52,1.076214084634886
65,3.61,1.0925300340639847
65,3.7,1.108720312421771
65,3.79,1.1247892991368922
65,3.88,1.1407392234586011
65,3.97,1.1565762736197358
65,4.06,1.1722992475702987
65,4.15,1.1879157681097139
65,4.24,1.2034310259138667
65,4.33,1.2188479021830803
65,4.42,1.2341690718859637
65,4.51,1.249396976687929
65,4.6,1.2645338172998994
65,4.69,1.2795814509262895
65,4.78,1.2945413916705202
65,4.87,1.3094141135787147
65,4.96,1.3242022823005823
65,5.05,1.3389131830287004
65,5.14,1.353548759312028
65,5.23,1.3681108631893744
65,5.32,1.3826012504206713
65,5.41,1.3970215575598541
65,5.5,1.4113732087669966
65,5.59,1.425656916080996
65,5.68,1.4398663354905286
65,5.77,1.4540004782039198
65,5.86,1.468071468954867
65,5.95,1.4820815865043528
65,6.04,1.4960323441564438
65,6.13,1.5099250615096895
65,6.22,1.5237609691667162
65,6.31,1.5375412386624159
65,6.4,1.5512669707472189
65,6.49,1.564933702010246
65,6.58,1.5785445895048231
65,6.67,1.592101780822465
65,6.76,1.6056069642512218
65,6.85,1.6190615522795884
65,6.94,1.632466782666625
65,7.03,1.6458237703382421
65,7.12,1.659133540929894
65,7.21,1.6723926717185624
65,7.3,1.685605860709008
65,7.39,1.6987722472426698
65,7.48,1.711893940081039
65,7.57,1.7249718883222953
65,7.66,1.7380065961088438
65,7.75,1.750999344469342
65,7.84,1.763950911154703
65,7.93,1.7768574340924728
65,8.02,1.789724032321592
65,8.11,1.80255176904415
65,8.2,1.81533926093779
65,8.29,1.8280875693265477
65,8.38,1.8407988242342384
65,8.47,1.8534735741643085
65,8.56,1.866110585721063
65,8.65,1.878707557952154
65,8.74,1.8912698942582657
65,8.83,1.9037981076468762
65,8.92,1.9162919506731424
65,9.01,1.9287506241386028
65,9.1,1.9411744087903695
65,9.19,1.953566100855248
65,9.28,1.9659241405340893
65,9.37,1.9782485442988913
65,9.46,1.9905409875156987
65,9.55,2.0028017078667064
65,9.64,2.015031910421155
65,9.73,2.0272321896200234
65,9.82,2.039402038233787
65,9.91,2.051541605438309
65,10.0,2.0636483663277003
66,1.0,0.5317821251315531
66,1.09,0.55651690894859
66,1.18,0.5805159252536309
66,1.27,0.6038614852414116
66,1.36,0.6266183045620832
66,1.45,0.6488454688560811
66,1.54,0.6705928296266206
66,1.63,0.6919017730350533
66,1.72,0.712801881366515
66,1.81,0.7333273444779403
66,1.9,0.7535078962401823
66,1.99,0.7733677058743722
66,2.08,0.7929276620962235
66,2.17,0.8122064311376908
66,2.26,0.8312214078065899
66,2.35,0.8499881443904463
66,2.44,0.8685197554643509
66,2.53,0.88682832718985
66,2.62,0.9049262072958901
66,2.71,0.9228240294918814
66,2.8,0.9405294017968681
66,2.89,0.9580512670552938
66,2.98,0.9754007729569866
66,3.07,0.9925811460085461
66,3.16,1.0095984488794982
66,3.25,1.026464614777111
66,3.34,1.0431853275253966
66,3.43,1.0597661545564787
66,3.52,1.0762123692927212
66,3.61,1.0925282793874425
66,3.7,1.1087185185258608
66,3.79,1.1247874656226566
66,3.88,1.140737351323034
66,3.97,1.156574361612879
66,4.06,1.172297297451039
66,4.15,1.1879137781523772
66,4.24,1.2034289961513425
66,4.33,1.2188458326587617
66,4.42,1.2341669626555818
66,4.51,1.2493948278271811
66,4.6,1.2645316289079815
66,4.69,1.2795792231498437
66,4.78,1.2945391246951186
66,4.87,1.3094118078568975
66,4.96,1.3241999362008923
66,5.05,1.3389107966009868
66,5.14,1.3535463326325923
66,5.23,1.3681083963755896
66,5.32,1.3825987436587164
66,5.41,1.3970190111649365
66,5.5,1.4113706233449776
66,5.59,1.425654293170402
66,5.68,1.4398636851810334
66,5.77,1.4539977892253897
66,5.86,1.46806874020478
66,5.95,1.482078817562998
66,6.04,1.496029534789136
66,6.13,1.5099222115581281
66,6.22,1.5237580785114757
66,6.31,1.53753830720652
66,6.4,1.5512639999557711
66,6.49,1.5649306916217625
66,6.58,1.578541539149654
66,6.67,1.5920986902802436
66,6.76,1.605603833339206
66,6.85,1.6190583808551469
66,6.94,1.6324635706052084
66,7.03,1.6458205175338125
66,7.12,1.6591302472853386
66,7.21,1.6723893386578634
66,7.3,1.6856024866170707
66,7.39,1.6987688329002
66,7.48,1.7118904850863952
66,7.57,1.7249683923319687
66,7.66,1.7380030594378517
66,7.75,1.7509957668151095
66,7.84,1.7639472922429
66,7.93,1.7768537757130864
66,8.02,1.7897203327239668
66,8.11,1.8025480280081383
66,8.2,1.8153354791437133
66,8.29,1.8280837469518225
66,8.38,1.8407949603192497
66,8.47,1.853469668558317
66,8.56,1.8661066404914846
66,8.65,1.8787035717196743
66,8.74,1.8912658663565591
66,8.83,1.9037940378248626
66,8.92,1.916287839800776
66,9.01,1.9287464725035632
66,9.1,1.941170215664165
66,9.19,1.9535618657437648
66,9.28,1.9659198646418377
66,9.37,1.97824422688695
66,9.46,1.9905366287846362
66,9.55,2.0027973074482217
66,9.64,2.015027467944697
66,9.73,2.0272277050898118
66,9.82,2.0393975122739016
66,9.91,2.0515370375262445
66,10.0,2.06364375808777
67,1.0,0.5317816124087882
67,1.09,0.5565163610025012
67,1.18,0.5805153422310101
67,1.27,0.6038608675163226
67,1.36,0.626617653641326
67,1.45,0.6488447835591583
67,1.54,0.6705921099412425
67,1.63,0.6919010191073315
67,1.72,0.7128010952933802
67,1.81,0.7333265245181019
67,1.9,0.7535070422749639
67,1.99,0.7733668180118135
67,2.08,0.7929267406619916
67,2.17,0.8122054761543176
67,2.26,0.8312204190594221
67,2.35,0.8499871219970186
67,2.44,0.8685186998497839
67,2.53,0.8868272382486281
67,2.62,0.9049250846387006
67,2.71,0.9228228734961217
67,2.8,0.940528213126657
67,2.89,0.9580500447785967
67,2.98,0.975399517013169
67,3.07,0.9925798580573947
67,3.16,1.009597127406115
67,3.25,1.026463259689182
67,3.34,1.043183938921308
67,3.43,1.0597647325299546
67,3.52,1.076210913709224
67,3.61,1.0925267904301814
67,3.7,1.108716996292915
67,3.79,1.1247859097762278
67,3.88,1.1407357627097023
67,3.97,1.1565727391727203
67,4.06,1.1722956426773297
67,4.15,1.1879120895815654
67,4.24,1.203427273812127
67,4.33,1.2188440765887971
67,4.42,1.23416517290303
67,4.51,1.2493930044571948
67,4.6,1.2645297720056914
67,4.69,1.2795773328407039
67,4.78,1.2945372011376302
67,4.87,1.309409851436243
67,4.96,1.3241979455339288
67,5.05,1.338908771731122
67,5.14,1.353544273625721
67,5.23,1.368106303332494
67,5.32,1.3825966167385968
67,5.41,1.3970168506364895
67,5.5,1.4113684297234774
67,5.59,1.4256520677621412
67,5.68,1.4398614365412752
67,5.77,1.453995507779714
67,5.86,1.468066425016664
67,5.95,1.482076468275928
67,6.04,1.4960271512038026
67,6.13,1.509919793540128
67,6.22,1.5237556259594467
67,6.31,1.537535820038179
67,6.4,1.5512614794141946
67,6.49,1.5649281374852164
67,6.58,1.5785389511045456
67,6.67,1.5920960681396543
67,6.76,1.6056011769481513
67,6.85,1.6190556900926742
67,6.94,1.6324608453657112
67,7.03,1.6458177577273907
67,7.12,1.6591274528296658
67,7.21,1.6723865107611833
67,7.3,1.685599623909135
67,7.39,1.698765936043561
67,7.48,1.711887553740163
67,7.57,1.7249654262049567
67,7.66,1.738000058797322
67,7.75,1.7509927314043057
67,7.84,1.7639442218293468
67,7.93,1.7768506718154469
67,8.02,1.7897171938568646
67,8.11,1.8025448539850004
67,8.2,1.8153322705419557
67,8.29,1.82808050392169
67,8.38,1.8407916820467032
67,8.47,1.8534663549157184
67,8.56,1.8661032932330406
67,8.65,1.878700189674849
67,8.74,1.891262448960046
67,8.83,1.9037905848639036
67,8.92,1.9162843520138013
67,9.01,1.9287429501343485
67,9.1,1.9411666580945028
67,9.19,1.9535582725545064
67,9.28,1.965916236855208
67,9.37,1.9782405638764227
67,9.46,1.9905329307201118
67,9.55,2.0027935740169767
67,9.64,2.0150236988323464
67,9.73,2.027223900300204
67,9.82,2.039393672336637
67,9.91,2.051533161998454
67,10.0,2.0636398483472504
68,1.0,0.5317811773307632
68,1.09,0.5565158960339446
68,1.18,0.580514847496445
68,1.27,0.603860343333198
68,1.36,0.6266171012882307
68,1.45,0.6488442020343432
68,1.54,0.6705914992342972
68,1.63,0.6919003793423225
68,1.72,0.712800428249778
68,1.81,0.7333258287183197
68,1.9,0.7535063176183731
68,1.99,0.7733660645902374
68,2.08,0.7929259587519117
68,2.17,0.8122046657749473
68,2.26,0.8312195800287572
68,2.35,0.8499862544150083
68,2.44,0.8685178040773615
68,2.53,0.8868263141964117
68,2.62,0.9049241319765634
68,2.71,0.9228218925445982
68,2.8,0.9405272044495194
68,2.89,0.9580490075852189
68,2.98,0.9753984512523981
68,3.07,0.9925787651380334
68,3.16,1.009596006042971
68,3.25,1.0264621098042759
68,3.34,1.0431827605985358
68,3.43,1.0597635258491989
68,3.52,1.0762096785567496
68,3.61,1.0925255269619263
68,3.7,1.108715704592494
68,3.79,1.1247845895575692
68,3.88,1.140734414691621
68,3.97,1.156571362456382
68,4.06,1.1722942385304318
68,4.15,1.1879106567628026
68,4.24,1.203425812346445
68,4.33,1.2188425865087678
68,4.42,1.2341636542501682
68,4.51,1.2493914572874631
68,4.6,1.2645281963920303
68,4.69,1.2795757288903065
68,4.78,1.2945355689857427
68,4.87,1.309408191410553
68,4.96,1.3241962564616663
68,5.05,1.3389070536499093
68,5.14,1.3535425265922816
68,5.23,1.3681045274331773
68,5.32,1.3825948121093352
68,5.41,1.3970150175061251
68,5.5,1.4113665685300265
68,5.59,1.4256501796145162
68,5.68,1.4398595286942075
68,5.77,1.4539935721007466
68,5.86,1.4680644607103506
68,5.95,1.4820744750394463
68,6.04,1.496025128867878
68,6.13,1.5099177419906367
68,6.22,1.5237535451103417
68,6.31,1.537533709819629
68,6.4,1.5512593408808801
68,6.49,1.5649259704490828
68,6.58,1.578536755299541
68,6.67,1.5920938434072174
68,6.76,1.6055989231568222
68,6.85,1.619053407139871
68,6.94,1.6324585331618766
68,7.03,1.645815416196292
68,7.12,1.6591250819014998
68,7.21,1.6723841114611275
68,7.3,1.68559719507466
68,7.39,1.6987634782369212
68,7.48,1.7118850666720482
68,7.57,1.7249629096284969
68,7.66,1.7379975129392664
68,7.75,1.7509901560467818
68,7.84,1.7639416167753155
68,7.93,1.7768480383533756
68,8.02,1.789714530726466
68,8.11,1.802542161028131
68,8.2,1.8153295482486673
68,8.29,1.8280777524192569
68,8.38,1.8407889006445606
68,8.47,1.8534635435057574
68,8.56,1.8661004533037013
68,8.65,1.878697320232804
68,8.74,1.8912595495256925
68,8.83,1.9037876552569246
68,8.92,1.9162813928609492
68,9.01,1.928739961642239
68,9.1,1.9411636397385361
68,9.19,1.9535552239791205
68,9.28,1.9659131589278953
68,9.37,1.9782374560659106
68,9.46,1.990529793170359
68,9.55,2.002790406462485
68,9.64,2.0150205010063837
68,9.73,2.0272206722062376
68,9.82,2.0393904144240818
68,9.91,2.0515298738918832
68,10.0,2.063636531215411
69,1.0,0.5317808081354812
69,1.09,0.5565155014736471
69,1.18,0.580514427676806
69,1.27,0.6038598985236527
69,1.36,0.6266166325737692
69,1.45,0.6488437085649317
69,1.54,0.6705909810011508
69,1.63,0.6918998364508152
69,1.72,0.7127998622100148
69,1.81,0.7333252382765115
69,1.9,0.7535057026892211
69,1.99,0.7733654252518019
69,2.08,0.7929252952389387
69,2.17,0.8122039781038449
69,2.26,0.8312188680452225
69,2.35,0.8499855182040454
69,2.44,0.8685170439454187
69,2.53,0.8868255300677917
69,2.62,0.9049233235713342
69,2.71,0.922821060134996
69,2.8,0.9405263485141365
69,2.89,0.9580481274533872
69,2.98,0.9753975468809581
69,3.07,0.992577837722739
69,3.16,1.0095950544935037
69,3.25,1.0264611340547536
69,3.34,1.043181760720474
69,3.43,1.059762501910664
69,3.52,1.0762086304615677
69,3.61,1.092524454842786
69,3.7,1.1087146085206532
69,3.79,1.1247834692907177
69,3.88,1.1407332708400522
69,3.97,1.1565701942578213
69,4.06,1.172293047061012
69,4.15,1.187909440969666
69,4.24,1.2034245722512027
69,4.33,1.21884132213952
69,4.42,1.234162365642619
69,4.51,1.249390144489596
69,4.6,1.2645268594662515
69,4.69,1.2795743679281104
69,4.78,1.2945341841024316
69,4.87,1.3094067828847862
69,4.96,1.3241948232989447
69,5.05,1.3389055958827145
69,5.14,1.3535410442693174
69,5.23,1.3681030206282963
69,5.32,1.3825932809384662
69,5.41,1.3970134621640249
69,5.5,1.41136498938889
69,5.59,1.4256485776155696
69,5.68,1.439857909989756
69,5.77,1.453991929784157
69,5.86,1.4680627941060604
69,5.95,1.4820727838902508
69,6.04,1.4960234130300107
69,6.13,1.5099160013671855
69,6.22,1.5237517796282525
69,6.31,1.5375319194196284
69,6.4,1.5512575264577966
69,6.49,1.564924131843404
69,6.58,1.5785348922855393
69,6.67,1.5920919558503752
69,6.76,1.605597010945624
69,6.85,1.6190514701873044
69,6.94,1.6324565713919839
69,7.03,1.6458134295444216
69,7.12,1.6591230703084578
69,7.21,1.672382075796754
69,7.3,1.6855951343526434
69,7.39,1.6987613929343872
69,7.48,1.7118829565434686
69,7.57,1.7249607744645508
69,7.66,1.7379953529323293
69,7.75,1.7509879710119831
69,7.84,1.7639394065456186
69,7.93,1.7768458040219572
69,8.02,1.7897122712240172
69,8.11,1.8025398762205862
69,8.2,1.8153272385519135
69,8.29,1.8280754179411347
69,8.38,1.8407865407992388
69,8.47,1.8534611582016471
69,8.56,1.8660980438037278
69,8.65,1.8786948856940502
69,8.74,1.8912570895412621
69,8.83,1.903785169673971
69,8.92,1.9162788822114092
69,9.01,1.9287374261012602
69,9.1,1.9411610788609663
69,9.19,1.953552637463328
69,9.28,1.965910547510044
69,9.37,1.9782348192954606
69,9.46,1.9905271311693167
69,9.55,2.0027877190054717
69,9.64,2.0150177878670963
69,9.73,2.0272179333877665
69,9.82,2.039387650307788
69,9.91,2.051527084159478
69,10.0,2.0636337168583396
70,1.0,0.5317804948444566
70,1.09,0.5565151666580997
70,1.18,0.5805140714264414
70,1.27,0.6038595210671763
70,1.36,0.626616234831917
70,1.45,0.6488432898164298
70,1.54,0.6705905412386094
70,1.63,0.6918993757637477
70,1.72,0.7127993818799558
70,1.81,0.7333247372395915
70,1.9,0.7535051808731527
70,1.99,0.7733648827229536
70,2.08,0.7929247321966317
70,2.17,0.8122033945621057
70,2.26,0.8312182638732422
70,2.35,0.8499848934741188
70,2.44,0.8685163989177379
70,2.53,0.8868248646782572
70,2.62,0.9049226375825759
70,2.71,0.9228203537782214
70,2.8,0.9405256221956277
70,2.89,0.95804738060423
70,2.98,0.9753967794647312
70,3.07,0.9925770507543457
70,3.16,1.0095942470479462
70,3.25,1.026460306076356
70,3.34,1.043180912270174
70,3.43,1.059761633046443
70,3.52,1.0762077411020794
70,3.61,1.0925235451009063
70,3.7,1.1087136784570857
70,3.79,1.12478251870018
70,3.88,1.1407323002406675
70,3.97,1.1565692030030925
70,4.06,1.1722920360644031
70,4.15,1.187908409338122
70,4.24,1.2034235200033896
70,4.33,1.2188402492996233
70,4.42,1.2341612722412856
70,4.51,1.2493890305679058
70,4.6,1.2645257250775306
70,4.69,1.279573213150385
70,4.78,1.2945330090339278
70,4.87,1.309405587762388
70,4.96,1.324193607279248
70,5.05,1.338904358993677
70,5.14,1.353539786552669
70,5.23,1.3681017421471096
70,5.32,1.3825919817915164
70,5.41,1.3970121425169626
70,5.5,1.4113636495578807
70,5.59,1.425647218399426
70,5.68,1.4398565366061902
70,5.77,1.4539905363683472
70,5.86,1.4680613800843108
70,5.95,1.4820713490441144
70,6.04,1.4960219572373858
70,6.13,1.509914524545775
70,6.22,1.523750281716028
70,6.31,1.5375304003662709
70,6.4,1.5512559870225044
70,6.49,1.564922571890863
70,6.58,1.5785333116242266
70,6.67,1.5920903543661638
70,6.76,1.6055953885439094
70,6.85,1.619049826794274
70,6.94,1.6324549069432055
70,7.03,1.6458117439850608
70,7.12,1.6591213635883089
70,7.21,1.6723803486538498
70,7.3,1.6855933859501748
70,7.39,1.6987596236772258
70,7.48,1.7118811662232492
70,7.57,1.7249589629037696
70,7.66,1.7379935202942016
70,7.75,1.7509861171396395
70,7.84,1.7639375312974426
70,7.93,1.7768439083254288
70,8.02,1.7897103541718749
70,8.11,1.802537937699159
70,8.2,1.815325278914137
70,8.29,1.8280734372783995
70,8.38,1.840784538614554
70,8.47,1.8534591344174003
70,8.56,1.8660959994914899
70,8.65,1.8786928201385567
70,8.74,1.8912550023972976
70,8.83,1.9037830608119564
70,8.92,1.91627675208279
70,9.01,1.928735274854529
70,9.1,1.9411589061183951
70,9.19,1.9535504429690334
70,9.28,1.9659083318887207
70,9.37,1.9782325821650095
70,9.46,1.990524872633156
70,9.55,2.002785438872294
70,9.64,2.015015485944903
70,9.73,2.0272156096792853
70,9.82,2.0393853051366304
70,9.91,2.051524717255762
70,10.0,2.063631329063135
71,1.0,0.5317802289917549
71,1.09,0.5565148825400492
71,1.18,0.5805137691192105
71,1.27,0.6038592007649115
71,1.36,0.6266158973159848
71,1.45,0.648842934474828
71,1.54,0.6705901680651345
71,1.63,0.6918989848344494
71,1.72,0.712798974282402
71,1.81,0.7333243120710785
71,1.9,0.7535047380724279
71,1.99,0.773364422346449
71,2.08,0.7929242544135924
71,2.17,0.8122028993845289
71,2.26,0.83121775119024
71,2.35,0.8499843633471736
71,2.44,0.8685158515677677
71,2.53,0.8868243000509832
71,2.62,0.9049220554767177
71,2.71,0.9228197543901322
71,2.8,0.9405250058701988
71,2.89,0.9580467468588578
71,2.98,0.9753961282686726
71,3.07,0.9925763829689828
71,3.16,1.0095935618885332
71,3.25,1.0264596034958275
71,3.34,1.0431801923204367
71,3.43,1.0597608957768712
71,3.52,1.0762069864438477
71,3.61,1.0925227731500105
71,3.7,1.108712889265219
71,3.79,1.1247817120934003
71,3.88,1.1407314766588188
71,3.97,1.1565683618978442
71,4.06,1.172291178211099
71,4.15,1.1879075339792264
71,4.24,1.2034226271549853
71,4.33,1.2188393389824834
71,4.42,1.2341603444816718
71,4.51,1.2493880854009418
71,4.6,1.2645247625487366
71,4.69,1.2795722333262483
71,4.78,1.2945320119980765
71,4.87,1.3094045737161308
71,4.96,1.3241925755072679
71,5.05,1.3389033095199778
71,5.14,1.353538719412944
71,5.23,1.3681006573951613
71,5.32,1.38259087951144
71,5.41,1.3970110228495847
71,5.5,1.411362512771705
71,5.59,1.4256460651723455
71,5.68,1.4398553713635307
71,5.77,1.4539893541305111
71,5.86,1.4680601803641486
71,5.95,1.482070131656108
71,6.04,1.4960207220778396
71,6.13,1.5099132715447992
71,6.22,1.523749010820955
71,6.31,1.537529111534381
71,6.4,1.551254680897917
71,6.49,1.5649212483587838
71,6.58,1.5785319705221499
71,6.67,1.592088995597258
71,6.76,1.6055940120279102
71,6.85,1.619048432468561
71,6.94,1.6324534947531215
71,7.03,1.6458103138840883
71,7.12,1.6591199155338627
71,7.21,1.6723788832721247
71,7.3,1.6855919025311952
71,7.39,1.6987581225645434
71,7.48,1.711879647240042
71,7.57,1.7249574258995033
71,7.66,1.7379919654073475
71,7.75,1.7509845442370888
71,7.84,1.7639359402591148
71,7.93,1.7768422999382298
71,8.02,1.7897087276660277
71,8.11,1.8025362929782782
71,8.2,1.8153236162777202
71,8.29,1.8280717568039149
71,8.38,1.8407828398803683
71,8.47,1.8534574173577345
71,8.56,1.8660942650155492
71,8.65,1.8786910676394049
71,8.74,1.8912532315820507
71,8.83,1.9037812715707483
71,8.92,1.916274944798734
71,9.01,1.9287334496535378
71,9.1,1.941157062679956
71,9.19,1.9535485810760664
71,9.28,1.965906452071322
71,9.37,1.9782306840991002
71,9.46,1.9905229564064129
71,9.55,2.0027835043223443
71,9.64,2.015013532908852
71,9.73,2.0272136381595236
71,9.82,2.039383315407755
71,9.91,2.0515227090889185
71,10.0,2.0636293031718393
72,1.0,0.5317800033942996
72,1.09,0.5565146414430867
72,1.18,0.5805135125874265
72,1.27,0.6038589289631227
72,1.36,0.6266156109072939
72,1.45,0.6488426329399599
72,1.54,0.670589851398891
72,1.63,0.6918986531014449
72,1.72,0.712798628405596
72,1.81,0.7333239512845282
72,1.9,0.7535043623242353
72,1.99,0.7733640316845964
72,2.08,0.7929238489817888
72,2.17,0.8122024791930365
72,2.26,0.8312173161450579
72,2.35,0.8499839135005857
72,2.44,0.8685153871073402
72,2.53,0.8868238209307548
72,2.62,0.9049215615260043
72,2.71,0.9228192457756784
72,2.8,0.9405244828847721
72,2.89,0.9580462090930685
72,2.98,0.9753955756965601
72,3.07,0.9925758163216156
72,3.16,1.0095929805001451
72,3.25,1.0264590073266213
72,3.34,1.0431795814146076
72,3.43,1.059760270176451
72,3.52,1.0762063460905893
72,3.61,1.0925221181255327
72,3.7,1.1087122196135244
72,3.79,1.1247810276670804
72,3.88,1.1407307778312448
72,3.97,1.156567648203924
72,4.06,1.1722904503089095
72,4.15,1.187906791226166
72,4.24,1.2034218695648795
72,4.33,1.2188385665731434
72,4.42,1.2341595572755704
72,4.51,1.249387283428075
72,4.6,1.264523945847926
72,4.69,1.2795714019541133
72,4.78,1.294531166025777
72,4.87,1.3094037133147016
72,4.96,1.3241917000699874
72,5.05,1.3389024190674144
72,5.14,1.3535378139755823
72,5.23,1.3680997370188546
72,5.32,1.3825899442677383
72,5.41,1.397010072858166
72,5.5,1.4113615482605522
72,5.59,1.425645086716698
72,5.68,1.4398543827168429
72,5.77,1.4539883510652083
72,5.86,1.4680591624666042
72,5.95,1.4820690987687806
72,6.04,1.4960196741126661
72,6.13,1.5099122084424312
72,6.22,1.5237479325366698
72,6.31,1.5375280180319093
72,6.4,1.5512535727237438
72,6.49,1.564920125415513
72,6.58,1.578530832671895
72,6.67,1.5920878427578582
72,6.76,1.6055928441312655
72,6.85,1.6190472494615433
72,6.94,1.632452296589359
72,7.03,1.645809100524119
72,7.12,1.6591186869415624
72,7.21,1.6723776399787897
72,7.3,1.6855906439344597
72,7.39,1.698756848955919
72,7.48,1.7118783584694781
72,7.57,1.7249561218393237
72,7.66,1.737990646175034
72,7.75,1.7509832097196971
72,7.84,1.7639345903548138
72,7.93,1.7768409353146557
72,8.02,1.7897073476700562
72,8.11,1.802534897528171
72,8.2,1.8153222056276244
72,8.29,1.8280703310195021
72,8.38,1.8407813986039343
72,8.47,1.8534559605335164
72,8.56,1.8660927934149834
72,8.65,1.8786895807474897
72,8.74,1.8912517291502962
72,8.83,1.9037797535059933
72,8.92,1.9162734114260955
72,9.01,1.9287319010797868
72,9.1,1.9411554986331323
72,9.19,1.953547001372009
72,9.28,1.965904857159841
72,9.37,1.9782290737053136
72,9.46,1.9905213306046607
72,9.55,2.0027818629748184
72,9.64,2.0150118758773474
72,9.73,2.027211965446125
72,9.82,2.0393816272454686
72,9.91,2.0515210052836617
72,10.0,2.0636275843289322
73,1.0,0.5317798119571601
73,1.09,0.5565144368536069
73,1.18,0.5805132949005475
73,1.27,0.6038586983187665
73,1.36,0.6266153678682023
73,1.45,0.6488423770655434
73,1.54,0.6705895826847972
73,1.63,0.6918983716025732
73,1.72,0.7127983349052105
73,1.81,0.7333236451327326
73,1.9,0.7535040434770591
73,1.99,0.7733637001828358
73,2.08,0.7929235049474663
73,2.17,0.8122021226349305
73,2.26,0.8312169469834817
73,2.35,0.8499835317799946
73,2.44,0.8685149929869795
73,2.53,0.8868234143717022
73,2.62,0.9049211423835182
73,2.71,0.9228188141913497
73,2.8,0.9405240391071167
73,2.89,0.9580457527747968
73,2.98,0.975395106815744
73,3.07,0.9925753354987059
73,3.16,1.0095924871703135
73,3.25,1.0264585014562053
73,3.34,1.0431790630412243
73,3.43,1.059759739335868
73,3.52,1.0762058027334993
73,3.61,1.0925215623213165
73,3.7,1.1087116513996256
73,3.79,1.1247804469185578
73,3.88,1.140730184865024
73,3.97,1.1565670426255008
73,4.06,1.1722898326768056
73,4.15,1.1879061609952595
73,4.24,1.2034212267470352
73,4.33,1.2188379111836096
73,4.42,1.2341588893335529
73,4.51,1.2493866029591674
73,4.6,1.2645232528852104
73,4.69,1.279570696545779
73,4.78,1.2945304482323485
73,4.87,1.3094029832814604
73,4.96,1.3241909572822963
73,5.05,1.3389016635428654
73,5.14,1.3535370457401847
73,5.23,1.3680989561116537
73,5.32,1.3825891507495813
73,5.41,1.3970092668307261
73,5.5,1.4113607299173756
73,5.59,1.4256442565458947
73,5.68,1.4398535439021332
73,5.77,1.453987500017775
73,5.86,1.4680582988352737
73,5.95,1.482068222419778
73,6.04,1.496018784971209
73,6.13,1.5099113064581222
73,6.22,1.5237470176715355
73,6.31,1.5375270902551548
73,6.4,1.551252632499016
73,6.49,1.5649191726601774
73,6.58,1.578529867268951
73,6.67,1.592086864637591
73,6.76,1.605591853235893
73,6.85,1.619046245745988
73,6.94,1.632451280014279
73,7.03,1.645808071056034
73,7.12,1.6591176445498241
73,7.21,1.6723765851141803
73,7.3,1.6855895760859076
73,7.39,1.6987557683707732
73,7.48,1.7118772650204068
73,7.57,1.724955015418036
73,7.66,1.7379895268812005
73,7.75,1.7509820774574831
73,7.84,1.7639334450378552
73,7.93,1.7768397775093991
73,8.02,1.7897061768223543
73,8.11,1.8025337135687005
73,8.2,1.815321008772043
73,8.29,1.8280691213234876
73,8.38,1.840780175764011
73,8.47,1.8534547245024104
73,8.56,1.8660915448472324
73,8.65,1.8786883192061066
73,8.74,1.8912504544244568
73,8.83,1.9037784655166907
73,8.92,1.9162721104492209
73,9.01,1.9287305872058877
73,9.1,1.941154171631452
73,9.19,1.9535456610863051
73,9.28,1.9659035039717947
73,9.37,1.9782277073817636
73,9.46,1.9905199512086422
73,9.55,2.002780470389375
73,9.64,2.015010469985225
73,9.73,2.0272105462491323
73,9.82,2.0393801949413137
73,9.91,2.0515195597077422
73,10.0,2.0636261259947846
74,1.0,0.5317796495084798
74,1.09,0.5565142632444366
74,1.18,0.5805131101775544
74,1.27,0.6038585026007383
74,1.36,0.6266151616327106
74,1.45,0.6488421599387645
74,1.54,0.6705893546630896
74,1.63,0.6918981327325818
74,1.72,0.7127980858516415
74,1.81,0.7333233853441599
74,1.9,0.7535037729162279
74,1.99,0.7733634188844296
74,2.08,0.7929232130150908
74,2.17,0.8122018200760922
74,2.26,0.831216633730626
74,2.35,0.8499832078709162
74,2.44,0.8685146585568736
74,2.53,0.8868230693876051
74,2.62,0.9049207867226824
74,2.71,0.9228184479739998
74,2.8,0.9405236625441965
74,2.89,0.9580453655716944
74,2.98,0.9753947089539303
74,3.07,0.9925749275047387
74,3.16,1.0095920685649946
74,3.25,1.0264580722110526
74,3.34,1.0431786231882458
74,3.43,1.0597592889054932
74,3.52,1.0762053416839779
74,3.61,1.0925210907116114
74,3.7,1.1087111692615887
74,3.79,1.1247799541462782
74,3.88,1.1407296817275017
74,3.97,1.1565665287880933
74,4.06,1.1722893086135255
74,4.15,1.1879056262436645
74,4.24,1.2034206813172896
74,4.33,1.2188373550887512
74,4.42,1.2341583225899788
74,4.51,1.2493860255886948
74,4.6,1.2645226649160155
74,4.69,1.2795700980188556
74,4.78,1.2945298391991553
74,4.87,1.3094023638653824
74,4.96,1.324190327046783
74,5.05,1.338901022502946
74,5.14,1.353536393918027
74,5.23,1.3680982935404857
74,5.32,1.3825884774811261
74,5.41,1.3970085829513397
74,5.5,1.4113600355913491
74,5.59,1.425643552187391
74,5.68,1.4398528322117183
74,5.77,1.4539867779491018
74,5.86,1.468057566090212
74,5.95,1.4820674788847414
74,6.04,1.496018030582698
74,6.13,1.5099105411733416
74,6.22,1.523746241458242
74,6.31,1.5375263030872028
74,6.4,1.5512518347697724
74,6.49,1.5649183642995266
74,6.58,1.5785290481776164
74,6.67,1.592086034756416
74,6.76,1.6055910125158497
74,6.85,1.619045394148828
74,6.94,1.6324504175066206
74,7.03,1.6458071976094724
74,7.12,1.6591167601383563
74,7.21,1.6723756901202713
74,7.3,1.6855886700759428
74,7.39,1.6987548515546278
74,7.48,1.7118763372900314
74,7.57,1.724954076681573
74,7.66,1.73798857722321
74,7.75,1.7509811167966476
74,7.84,1.7639324733009265
74,7.93,1.7768387951769689
74,8.02,1.7897051834242528
74,8.11,1.8025327090461298
74,8.2,1.8153199933079935
74,8.29,1.828068094965172
74,8.38,1.8407791382539611
74,8.47,1.853453675800539
74,8.56,1.8660904855088947
74,8.65,1.878687248860513
74,8.74,1.8912493728927366
74,8.83,1.90377737273184
74,8.92,1.916271006645349
74,9.01,1.9287294724597914
74,9.1,1.941153045747334
74,9.19,1.953544523931614
74,9.28,1.96590235587039
74,9.37,1.978226548135861
74,9.46,1.9905187808716998
74,9.55,2.0027792888621407
74,9.64,2.0150092771682138
74,9.73,2.027209342143908
74,9.82,2.0393789797156354
74,9.91,2.0515183332219995
74,10.0,2.063624888684654
75,1.0,0.5317795116595238
75,1.09,0.5565141159252909
75,1.18,0.5805129534278592
75,1.27,0.6038583365213392
75,1.36,0.6266149866288975
75,1.45,0.6488419756933655
75,1.54,0.6705891611730579
75,1.63,0.6918979300375471
75,1.72,0.7127978745156923
75,1.81,0.7333231648994226
75,1.9,0.7535035433311374
75,1.99,0.7733631801884691
75,2.08,0.7929229652962254
75,2.17,0.8122015633407388
75,2.26,0.8312163679215124
75,2.35,0.8499829330201695
75,2.44,0.8685143747792656
75,2.53,0.8868227766552158
75,2.62,0.9049204849314129
75,2.71,0.922818137225925
75,2.8,0.940523343018364
75,2.89,0.9580450370181749
75,2.98,0.9753943713570598
75,3.07,0.9925745813113825
75,3.16,1.0095917133685992
75,3.25,1.0264577079875135
75,3.34,1.0431782499647881
75,3.43,1.0597589067079969
75,3.52,1.0762049504770834
75,3.61,1.0925206905454194
75,3.7,1.1087107601631865
75,3.79,1.1247795360258754
75,3.88,1.1407292548134127
75,3.97,1.1565660927964445
75,4.06,1.1722888639465892
75,4.15,1.1879051725091325
75,4.24,1.2034202185238578
75,4.33,1.2188368832475542
75,4.42,1.2341578417150028
75,4.51,1.2493855356985282
75,4.6,1.2645221660346386
75,4.69,1.2795695901811281
75,4.78,1.2945293224488161
75,4.87,1.3094018383072017
75,4.96,1.3241897923104393
75,5.05,1.3389004786012606
75,5.14,1.3535358408698803
75,5.23,1.3680977313741405
75,5.32,1.3825879062405353
75,5.41,1.3970080027098344
75,5.5,1.4113594464883739
75,5.59,1.4256429545743556
75,5.68,1.4398522283794304
75,5.77,1.4539861653118527
75,5.86,1.4680569443949185
75,5.95,1.482066848034967
75,6.04,1.4960173905245253
75,6.13,1.509909891870434
75,6.22,1.5237455828832216
75,6.31,1.5375256352178723
75,6.4,1.55125115793987
75,6.49,1.5649176784495606
75,6.58,1.5785283532233456
75,6.67,1.5920853306476463
75,6.76,1.6055902992109776
75,6.85,1.6190446716153988
75,6.94,1.632449685716311
75,7.03,1.6458064565381798
75,7.12,1.6591160097640194
75,7.21,1.6723749307673907
75,7.3,1.6855879013766213
75,7.39,1.69875407368694
75,7.48,1.711875550162291
75,7.57,1.7249532802158591
75,7.66,1.7379877714912648
75,7.75,1.7509803017294714
75,7.84,1.763931648836391
75,7.93,1.7768379617228232
75,8.02,1.7897043405815778
75,8.11,1.8025318567650526
75,8.2,1.8153191317437867
75,8.29,1.828067224157869
75,8.38,1.8407782579851237
75,8.47,1.8534527860361745
75,8.56,1.8660895867201959
75,8.65,1.8786863407328678
75,8.74,1.8912484552743851
75,8.83,1.9037764455659527
75,8.92,1.9162700701305786
75,9.01,1.9287285266612737
75,9.1,1.9411520904989361
75,9.19,1.953543559120877
75,9.28,1.9659013817721136
75,9.37,1.9782255645822653
75,9.46,1.9905177879081215
75,9.55,2.002778286404354
75,9.64,2.0150082651318133
75,9.73,2.02720832053024
75,9.82,2.039377948667042
75,9.91,2.051517292620061
75,10.0,2.063623838898997
76,1.0,0.5317793946859972
76,1.09,0.5565139909159581
76,1.18,0.5805128204163922
76,1.27,0.6038581955933496
76,1.36,0.6266148381283304
76,1.45,0.648841819351117
76,1.54,0.6705889969865791
76,1.63,0.6918977580405054
76,1.72,0.7127976951867834
76,1.81,0.7333229778416681
76,1.9,0.7535033485177905
76,1.99,0.7733629776445897
76,2.08,0.7929227550964961
76,2.17,0.812201345490642
76,2.26,0.8312161423724916
76,2.35,0.849982699799529
76,2.44,0.8685141339844362
76,2.53,0.8868225282625453
76,2.62,0.9049202288526141
76,2.71,0.9228178735476587
76,2.8,0.9405230718925988
76,2.89,0.9580447582328845
76,2.98,0.9753940848989998
76,3.07,0.9925742875597752
76,3.16,1.0095914119785214
76,3.25,1.0264573989385595
76,3.34,1.0431779332801088
76,3.43,1.0597585824095972
76,3.52,1.0762046185350107
76,3.61,1.0925203510022377
76,3.7,1.1087104130419239
76,3.79,1.1247791812504013
76,3.88,1.1407288925774979
76,3.97,1.1565657228592783
76,4.06,1.1722884866495529
76,4.15,1.187904787519407
76,4.24,1.203419825848874
76,4.33,1.2188364828968137
76,4.42,1.2341574337004262
76,4.51,1.2493851200359412
76,4.6,1.2645217427444435
76,4.69,1.2795691592929588
76,4.78,1.2945288839998361
76,4.87,1.3094013923863683
76,4.96,1.324189338603598
76,5.05,1.3389000171193424
76,5.14,1.3535353716289547
76,5.23,1.3680972543982377
76,5.32,1.3825874215669927
76,5.41,1.3970075104009148
76,5.5,1.4113589466624228
76,5.59,1.4256424475295324
76,5.68,1.4398517160590134
76,5.77,1.453985645521239
76,5.86,1.4680564169192791
76,5.95,1.482066312792429
76,6.04,1.4960168474693116
76,6.13,1.5099093409716937
76,6.22,1.52374502411771
76,6.31,1.5375250685667428
76,6.4,1.551250583686273
76,6.49,1.5649170965430153
76,6.58,1.5785277635923722
76,6.67,1.5920847332496502
76,6.76,1.605589694010659
76,6.85,1.619044058585219
76,6.94,1.6324490648322358
76,7.03,1.6458058277797585
76,7.12,1.6591153731125332
76,7.21,1.6723742864981603
76,7.3,1.6855872491775041
76,7.39,1.6987534137090285
76,7.48,1.7118748823277854
76,7.57,1.7249526044586596
76,7.66,1.7379870878722357
76,7.75,1.7509796101900663
76,7.84,1.7639309493239086
76,7.93,1.7768372545832152
76,8.02,1.7897036254763765
76,8.11,1.8025311336519543
76,8.2,1.8153184007545404
76,8.29,1.828066485326424
76,8.38,1.8407775111261537
76,8.47,1.8534520311208493
76,8.56,1.8660888241483067
76,8.65,1.8786855702374656
76,8.74,1.8912476767267121
76,8.83,1.903775658917804
76,8.92,1.916269275550518
76,9.01,1.9287277242045477
76,9.1,1.9411512800245843
76,9.19,1.9535427405334895
76,9.28,1.965900555304857
76,9.37,1.978224730092809
76,9.46,1.9905169454349165
76,9.55,2.002777435875927
76,9.64,2.01500740647655
76,9.73,2.0272074537492992
76,9.82,2.039377073881198
76,9.91,2.051516409728866
76,10.0,2.0636229482160413
