iter,k,V
0,1.0,0.0
0,1.09,0.0
0,1.18,0.0
0,1.27,0.0
0,1.36,0.0
0,1.45,0.0
0,1.54,0.0
0,1.63,0.0
0,1.72,0.0
0,1.81,0.0
0,1.9,0.0
0,1.99,0.0
0,2.08,0.0
0,2.17,0.0
0,2.26,0.0
0,2.35,0.0
0,2.44,0.0
0,2.53,0.0
0,2.62,0.0
0,2.71,0.0
0,2.8,0.0
0,2.89,0.0
0,2.98,0.0
0,3.07,0.0
0,3.16,0.0
0,3.25,0.0
0,3.34,0.0
0,3.43,0.0
0,3.52,0.0
0,3.61,0.0
0,3.7,0.0
0,3.79,0.0
0,3.88,0.0
0,3.97,0.0
0,4.06,0.0
0,4.15,0.0
0,4.24,0.0
0,4.33,0.0
0,4.42,0.0
0,4.51,0.0
0,4.6,0.0
0,4.69,0.0
0,4.78,0.0
0,4.87,0.0
0,4.96,0.0
0,5.05,0.0
0,5.14,0.0
0,5.23,0.0
0,5.32,0.0
0,5.41,0.0
0,5.5,0.0
0,5.59,0.0
0,5.68,0.0
0,5.77,0.0
0,5.86,0.0
0,5.95,0.0
0,6.04,0.0
0,6.13,0.0
0,6.22,0.0
0,6.31,0.0
0,6.4,0.0
0,6.49,0.0
0,6.58,0.0
0,6.67,0.0
0,6.76,0.0
0,6.85,0.0
0,6.94,0.0
0,7.03,0.0
0,7.12,0.0
0,7.21,0.0
0,7.3,0.0
0,7.39,0.0
0,7.48,0.0
0,7.57,0.0
0,7.66,0.0
0,7.75,0.0
0,7.84,0.0
0,7.93,0.0
0,8.02,0.0
0,8.11,0.0
0,8.2,0.0
0,8.29,0.0
0,8.38,0.0
0,8.47,0.0
0,8.56,0.0
0,8.65,0.0
0,8.74,0.0
0,8.83,0.0
0,8.92,0.0
0,9.01,0.0
0,9.1,0.0
0,9.19,0.0
0,9.28,0.0
0,9.37,0.0
0,9.46,0.0
0,9.55,0.0
0,9.64,0.0
0,9.73,0.0
0,9.82,0.0
0,9.91,0.0
0,10.0,0.0
1,1.0,-0.1053605156578264
1,1.09,0.015944303432282293
1,1.18,0.1226127356822221
1,1.27,0.2177902775224959
1,1.36,0.30371104422413064
1,1.45,0.3820178973103372
1,1.54,0.45395358216286086
1,1.63,0.5204805375990287
1,1.72,0.5823590669398576
1,1.81,0.6402000868658685
1,1.9,0.6945017568096874
1,1.99,0.7456755516987403
1,2.08,0.7940652250096417
1,2.17,0.8399608650316962
1,2.26,0.8836094908184764
1,2.35,0.9252231606371408
1,2.44,0.9649852612695685
1,2.53,1.0030554462151413
1,2.62,1.0395735562759187
1,2.71,1.0746627638725645
1,2.8,1.1084321182686379
1,2.89,1.1409786234797887
1,2.98,1.1723889480585743
1,3.07,1.2027408422468695
1,3.16,1.232104320541206
1,3.25,1.2605426547266791
1,3.34,1.2881132126619594
1,3.43,1.3148681706728063
1,3.52,1.3408551217186697
1,3.61,1.3661175970949586
1,3.7,1.3906955160023733
1,3.79,1.414625574620113
1,3.88,1.437941584188623
1,3.97,1.4606747659107635
1,4.06,1.4828540091208073
1,4.15,1.5045060980749363
1,4.24,1.5256559118287478
1,4.33,1.5463266009435201
1,4.42,1.5665397441701547
1,4.51,1.58631548777181
1,4.6,1.6056726697427923
1,4.69,1.6246289308462303
1,4.78,1.6432008141136116
1,4.87,1.661403854215292
1,4.96,1.6792526579143934
1,5.05,1.6967609766505818
1,5.14,1.7139417721597228
1,5.23,1.7308072759160618
1,5.32,1.7473690430818587
1,5.41,1.7636380015624442
1,5.5,1.7796244966900718
1,5.59,1.7953383319958311
1,5.68,1.8107888064735473
1,5.77,1.8259847486917824
1,5.86,1.8409345480685817
1,5.95,1.8556461835875615
1,6.04,1.8701272502025486
1,6.13,1.8843849831505473
1,6.22,1.8984262803688232
1,6.31,1.9122577231908353
1,6.4,1.925885595477243
1,6.49,1.9393159013219226
1,6.58,1.9525543814585433
1,6.67,1.9656065284805242
1,6.76,1.9784776009759415
1,6.85,1.9911726366689446
1,6.94,2.003696464650354
1,7.03,2.0160537167721957
1,7.12,2.0282488382738637
1,7.21,2.0402860977012955
1,7.3,2.0521695961748923
1,7.39,2.063903276056863
1,7.48,2.0754909290641206
1,7.57,2.086936203868784
1,7.66,2.098242613224658
1,7.75,2.1094135406547525
1,7.84,2.1204522467319173
1,7.93,2.131361874981959
1,8.02,2.1421454574361674
1,8.11,2.1528059198579643
1,8.2,2.1633460866663707
1,8.29,2.1737686855771794
1,8.38,2.1840763519810396
1,8.47,2.1942716330761742
1,8.56,2.204356991772052
1,8.65,2.2143348103791
1,8.74,2.224207394098386
1,8.83,2.2339769743241513
1,8.92,2.243645711771129
1,9.01,2.2532156994376864
1,9.1,2.262688965415042
1,9.19,2.272067475552059
1,9.28,2.2813531359844466
1,9.37,2.2905477955365625
1,9.46,2.2996532480034646
1,9.55,2.3086712343202933
1,9.64,2.3176034446256164
1,9.73,2.326451520224895
1,9.82,2.3352170554598204
1,9.91,2.343901599488895
1,10.0,2.352506657984273
2,1.0,-0.19541450002066182
2,1.09,-0.06133220878871967
2,1.18,0.06688487885048647
2,1.27,0.1820427544235707
2,1.36,0.2905457436685265
2,1.45,0.39162357817547877
2,1.54,0.48591558198727147
2,1.63,0.576054486354882
2,1.72,0.6595984103821874
2,1.81,0.7409689243731716
2,1.9,0.8164489241502455
2,1.99,0.890259744618739
2,2.08,0.9594314778786961
2,2.17,1.0267383259014562
2,2.26,1.090588688079892
2,2.35,1.1525061430126673
2,2.44,1.211803202211791
2,2.53,1.269178053229809
2,2.62,1.3245324130290184
2,2.71,1.3780234678618257
2,2.8,1.4299292023865657
2,2.89,1.4800593773573463
2,2.98,1.5289222923558765
2,3.07,1.5761137928960558
2,3.16,1.622271502949255
2,3.25,1.6668702852706754
2,3.34,1.7106068267002184
2,3.43,1.752900038387586
2,3.52,1.7944567284945858
2,3.61,1.834685417826716
2,3.7,1.8742690717321193
2,3.79,1.9126376287473101
2,3.88,1.950426876121779
2,3.97,1.987110166172894
2,4.06,2.023260375857334
2,4.15,2.0584092120467763
2,4.24,2.0930563797289574
2,4.33,2.1268017786039555
2,4.42,2.1600656306101853
2,4.51,2.1925221625890448
2,4.6,2.224508659174591
2,4.69,2.2557771158579705
2,4.78,2.2865804889256163
2,4.87,2.3167500282671067
2,4.96,2.3464544541670715
2,5.05,2.37560434183713
2,5.14,2.4042853252777374
2,5.23,2.4324863603622298
2,5.32,2.4602118875208703
2,5.41,2.4875275790043903
2,5.5,2.514359084689307
2,5.59,2.5408466293812433
2,5.68,2.566839813208953
2,5.77,2.5925509141304843
2,5.86,2.617756433221313
2,5.95,2.6427379887943068
2,6.04,2.6672020487986514
2,6.13,2.691496736640053
2,6.22,2.7152615985290667
2,6.31,2.7389083726805414
2,6.4,2.7620127893355546
2,6.49,2.785047305939082
2,6.58,2.807539751655698
2,6.67,2.82998188338617
2,6.76,2.8519217900462643
2,6.85,2.873775034568098
2,6.94,2.895190474187007
2,7.03,2.916484832465489
2,7.12,2.9374017400479415
2,7.21,2.9581649833490724
2,7.3,2.978607371016469
2,7.39,2.998865256181058
2,7.48,3.01885540095401
2,7.57,3.0386318603224396
2,7.66,3.0581904693706985
2,7.75,3.0775077788573384
2,7.84,3.096654135399144
2,7.93,3.115533063664473
2,8.02,3.1342851561837195
2,8.11,3.1527450973982987
2,8.2,3.1711197344271014
2,8.29,3.1891788267458097
2,8.38,3.2071917391135267
2,8.47,3.22487344364036
2,8.56,3.2425329028292125
2,8.65,3.259880310712804
2,8.74,3.2771729986013716
2,8.83,3.2941992104297952
2,8.92,3.311139998759849
2,9.01,3.327857341388056
2,9.1,3.344460217974868
2,9.19,3.3608803050561384
2,9.28,3.377158442328893
2,9.37,3.393292228995366
2,9.46,3.409258046030625
2,9.55,3.425115878391992
2,9.64,3.440781097166912
2,9.73,3.45637275720848
2,9.82,3.4717484537075824
2,9.91,3.487083200093994
2,10.0,3.5021798508237314
3,1.0,-0.2642945832755691
3,1.09,-0.11483095134718588
3,1.18,0.02445726923032346
3,1.27,0.154863288018106
3,1.36,0.2760029313137473
3,1.45,0.391082006903309
3,1.54,0.5004212556333454
3,1.63,0.6044998978004947
3,1.72,0.7016536570922565
3,1.81,0.7960646700474105
3,1.9,0.8875590248408907
3,1.99,0.9726452440849452
3,2.08,1.0556271235741028
3,2.17,1.1370246167473215
3,2.26,1.2134383821358163
3,2.35,1.287572584220285
3,2.44,1.3605021498906316
3,2.53,1.4299120012724522
3,2.62,1.4971030064815622
3,2.71,1.5632007786450755
3,2.8,1.626816384590935
3,2.89,1.6883081746075135
3,2.98,1.7488621153027482
3,3.07,1.807593696298377
3,3.16,1.8643173833509912
3,3.25,1.9202737226727602
3,3.34,1.9748262574735271
3,3.43,2.0274981251560225
3,3.52,2.079573516595736
3,3.61,2.130505794541307
3,3.7,2.1796893786976552
3,3.79,2.2284403493813985
3,3.88,2.2762037599520233
3,3.97,2.3223508310850507
3,4.06,2.3682186975647106
3,4.15,2.4131836957315884
3,4.24,2.4567322414320625
3,4.33,2.500003245408083
3,4.42,2.5424779840763687
3,4.51,2.5837584443014623
3,4.6,2.6246980306794043
3,4.69,2.6649418290086047
3,4.78,2.7042031417656087
3,4.87,2.7430588840620964
3,4.96,2.781292184113495
3,5.05,2.818743036315042
3,5.14,2.8557245655682353
3,5.23,2.8921364368653593
3,5.32,2.9279536259960346
3,5.41,2.963240054736484
3,5.5,2.9979939469191996
3,5.59,3.032328662467741
3,5.68,3.0660742706812654
3,5.77,3.099312489188641
3,5.86,3.132295108026471
3,5.95,3.1646337589016578
3,6.04,3.19648099329881
3,6.13,3.228224793683415
3,6.22,3.2592734060116877
3,6.31,3.2899406240773015
3,6.4,3.320443619949624
3,6.49,3.350304929735141
3,6.58,3.379911767774548
3,6.67,3.409238900468497
3,6.76,3.438003679920266
3,6.85,3.466628461110526
3,6.94,3.494865283512192
3,7.03,3.522621586177015
3,7.12,3.5503264880576832
3,7.21,3.5775495713915384
3,7.3,3.6044504178018015
3,7.39,3.6312165249953594
3,7.48,3.657494676453335
3,7.57,3.6835965400505852
3,7.66,3.7094876139856607
3,7.75,3.734882893868198
3,7.84,3.7602366143701156
3,7.93,3.7853100518902867
3,8.02,3.809989164386992
3,8.11,3.83453015187187
3,8.2,3.8588378099441005
3,8.29,3.8828532567054324
3,8.38,3.9066216822728164
3,8.47,3.930210572894667
3,8.56,3.953600647032494
3,8.65,3.9766425885004746
3,8.74,3.9995554676185954
3,8.83,4.022355107734451
3,8.92,4.0447126672271505
3,9.01,4.066988536528008
3,9.1,4.0892297153423565
3,9.19,4.110973477508672
3,9.28,4.132681460421118
3,9.37,4.154328057510379
3,9.46,4.175566101836801
3,9.55,4.196703398748789
3,9.64,4.217745273571331
3,9.73,4.2385028796349795
3,9.82,4.259099760768757
3,9.91,4.279568955580401
3,10.0,4.299869475427066
4,1.0,-0.3050250885109256
4,1.09,-0.14426428874373187
4,1.18,0.004177822805506326
4,1.27,0.14391804342443704
4,1.36,0.2756869214271874
4,1.45,0.4027004618090353
4,1.54,0.5232466829653618
4,1.63,0.6357154541298057
4,1.72,0.7442813708935331
4,1.81,0.8489121030797225
4,1.9,0.9498283463983436
4,1.99,1.0451599840784183
4,2.08,1.1377165509546496
4,2.17,1.2280623448703853
4,2.26,1.3143811772136698
4,2.35,1.397940157141378
4,2.44,1.4788189543690584
4,2.53,1.558085216887138
4,2.62,1.6339536851193515
4,2.71,1.7084767677686457
4,2.8,1.7805281307231375
4,2.89,1.8512097470491136
4,2.98,1.9192076708957218
4,3.07,1.9865076263223065
4,3.16,2.051542475634715
4,3.25,2.115441787206545
4,3.34,2.1773689918795016
4,3.43,2.2386437190313853
4,3.52,2.297953279809706
4,3.61,2.3563472959607723
4,3.7,2.4132232877237527
4,3.79,2.469602890183037
4,3.88,2.5241439598854023
4,3.97,2.577972488632209
4,4.06,2.6305841949641717
4,4.15,2.6828828072307513
4,4.24,2.733386044508567
4,4.33,2.783361988778572
4,4.42,2.832472267750445
4,4.51,2.881155841456898
4,4.6,2.9281929234776496
4,4.69,2.974870612942394
4,4.78,3.020981691397862
4,4.87,3.0665143059317685
4,4.96,3.110608756860611
4,5.05,3.1543610199044005
4,5.14,3.1978698836908137
4,5.23,3.240629848251
4,5.32,3.282177585838172
4,5.41,3.3235350929205976
4,5.5,3.3645607589554274
4,5.59,3.4048609887112127
4,5.68,3.4442867232389607
4,5.77,3.483476057667354
4,5.86,3.522225407270562
4,5.95,3.5603279738155336
4,6.04,3.597912738815718
4,6.13,3.635123257559479
4,6.22,3.671839502077771
4,6.31,3.707966278349602
4,6.4,3.743899449003808
4,6.49,3.7793360949950467
4,6.58,3.8142251163196565
4,6.67,3.848734158846817
4,6.76,3.8830074775522103
4,6.85,3.916844141840116
4,6.94,3.9500818065957053
4,7.03,3.983225629814813
4,7.12,4.015886816704067
4,7.21,4.048272377671125
4,7.3,4.080220041330144
4,7.39,4.111908419253038
4,7.48,4.143097569124285
4,7.57,4.1741605232667975
4,7.66,4.204958872174504
4,7.75,4.235286296520296
4,7.84,4.265223038706586
4,7.93,4.295000507465117
4,8.02,4.324718983431543
4,8.11,4.353798965778267
4,8.2,4.382626170246651
4,8.29,4.411407807202706
4,8.38,4.439900277674955
4,8.47,4.467840566582686
4,8.56,4.495744860934605
4,8.65,4.523495725941118
4,8.74,4.550855449315451
4,8.83,4.577941297681143
4,8.92,4.604797550290145
4,9.01,4.631587161033495
4,9.1,4.6578977615483295
4,9.19,4.684186973451879
4,9.28,4.710150796652401
4,9.37,4.73596948343478
4,9.46,4.7615330145200305
4,9.55,4.786850103795137
4,9.64,4.811983270903475
4,9.73,4.8368996160696645
4,9.82,4.861763489132937
4,9.91,4.886174786841104
4,10.0,4.910532693837135
5,1.0,-0.3238741379090993
5,1.09,-0.1547717235536541
5,1.18,0.0038744533144088322
5,1.27,0.15507176013393426
5,1.36,0.29759933166592323
5,1.45,0.4302486407828843
5,1.54,0.5573004904503113
5,1.63,0.6789481593634674
5,1.72,0.7955898813037244
5,1.81,0.9086906517748774
5,1.9,1.0159844664174504
5,1.99,1.1196916522162685
5,2.08,1.2204386980173834
5,2.17,1.3165557550485036
5,2.26,1.4098961832919152
5,2.35,1.5011020113085292
5,2.44,1.5891971092871282
5,2.53,1.675246088673174
5,2.62,1.757570552524984
5,2.71,1.83817262274742
5,2.8,1.9174698486371158
5,2.89,1.9943579635020603
5,2.98,2.0696063287252255
5,3.07,2.1419729205982305
5,3.16,2.213381712665992
5,3.25,2.2836568104851063
5,3.34,2.3519765799585843
5,3.43,2.4189802753429204
5,3.52,2.483876351900245
5,3.61,2.5479423422782337
5,3.7,2.6113487592374196
5,3.79,2.6728746757941004
5,3.88,2.7333567430777075
5,3.97,2.7922239538468676
5,4.06,2.850553321759948
5,4.15,2.9084399120908917
5,4.24,2.9644313182357585
5,4.33,3.0196137604778888
5,4.42,3.0737146525488686
5,4.51,3.127332107681189
5,4.6,3.1805440002760985
5,4.69,3.231931215294651
5,4.78,3.2827147688250236
5,4.87,3.3330126596701204
5,4.96,3.382658745175908
5,5.05,3.4318119102391202
5,5.14,3.4793039280623175
5,5.23,3.5265653433459705
5,5.32,3.573463092785321
5,5.41,3.6197472735686196
5,5.5,3.6654086445042293
5,5.59,3.7100244205310124
5,5.68,3.7541000848541684
5,5.77,3.7977882937970864
5,5.86,3.841185563960755
5,5.95,3.8838082198729946
5,6.04,3.925980935875938
5,6.13,3.9672746734828324
5,6.22,4.008336643142631
5,6.31,4.049032182089813
5,6.4,4.089157713368802
5,6.49,4.129018318008328
5,6.58,4.167996825734987
5,6.67,4.206706847754973
5,6.76,4.244999350979635
5,6.85,4.283170023639253
5,6.94,4.3206825724890034
5,7.03,4.35766167213205
5,7.12,4.39430208766595
5,7.21,4.430822553885461
5,7.3,4.466835745768083
5,7.39,4.5022509829092385
5,7.48,4.537448974303532
5,7.57,4.572538215433878
5,7.66,4.607177031975095
5,7.75,4.641261657977551
5,7.84,4.675039459131467
5,7.93,4.708686551595167
5,8.02,4.742081416412251
5,8.11,4.775031657443699
5,8.2,4.8075597655356415
5,8.29,4.8398723402953285
5,8.38,4.872071553416767
5,8.47,4.903784584162988
5,8.56,4.9352105717243475
5,8.65,4.966557955591934
5,8.74,4.997510929340389
5,8.83,5.028194353456026
5,8.92,5.058512706135226
5,9.01,5.0886700542433445
5,9.1,5.11868722196499
5,9.19,5.148431646902997
5,9.28,5.177767496605193
5,9.37,5.207019219963186
5,9.46,5.2358785603251325
5,9.55,5.2645679390261115
5,9.64,5.2931838870186105
5,9.73,5.321588208350019
5,9.82,5.349556872481811
5,9.91,5.377267263516601
5,10.0,5.404918531223698
6,1.0,-0.31316656986798197
6,1.09,-0.13578924117998947
6,1.18,0.02803269668173225
6,1.27,0.18307411084131814
6,1.36,0.33029098685147473
6,1.45,0.47175203780719954
6,1.54,0.6065566604440951
6,1.63,0.736335566110816
6,1.72,0.8590997565220669
6,1.81,0.977137207357329
6,1.9,1.0911819343797236
6,1.99,1.1997441821954833
6,2.08,1.3053923717883769
6,2.17,1.4082501608836193
6,2.26,1.5083590862747622
6,2.35,1.6048387593375986
6,2.44,1.6987613316305714
6,2.53,1.7885600667770063
6,2.62,1.8762427452343915
6,2.71,1.9626806435270434
6,2.8,2.0474637146775954
6,2.89,2.129557750537819
6,2.98,2.20972480828486
6,3.07,2.286793888065916
6,3.16,2.362631468133862
6,3.25,2.437710102194987
6,3.34,2.5114467433816094
6,3.43,2.583063207614172
6,3.52,2.6531857688116824
6,3.61,2.721066173968663
6,3.7,2.788414115034074
6,3.79,2.8547812919663142
6,3.88,2.920339201354159
6,3.97,2.983923708051404
6,4.06,3.0463454170288427
6,4.15,3.1076390060451824
6,4.24,3.1679846584116236
6,4.33,3.2276814080491865
6,4.42,3.286825815650099
6,4.51,3.3440285502207456
6,4.6,3.4004338711328517
6,4.69,3.456463002058323
6,4.78,3.5113509204948192
6,4.87,3.565675493925187
6,4.96,3.6195149603145222
6,5.05,3.6718783182669985
6,5.14,3.723659606313703
6,5.23,3.774779455951018
6,5.32,3.825353788262466
6,5.41,3.8752256171575903
6,5.5,3.9245498601251088
6,5.59,3.9733400159654684
6,5.68,4.020836511506436
6,5.77,4.068047008495805
6,5.86,4.114845628360967
6,5.95,4.160994242588162
6,6.04,4.206903114573661
6,6.13,4.252267736783385
6,6.22,4.296575013069919
6,6.31,4.340311620357576
6,6.4,4.3838214633152095
6,6.49,4.427031214720978
6,6.58,4.469915455679445
6,6.67,4.512010996136468
6,6.76,4.553630616820261
6,6.85,4.594921327414681
6,6.94,4.635570974031553
6,7.03,4.675958829980752
6,7.12,4.715956512511566
6,7.21,4.755369448124263
6,7.3,4.794695183074035
6,7.39,4.83375023979352
6,7.48,4.871924690319465
6,7.57,4.909808313319362
6,7.66,4.947435327783026
6,7.75,4.984830158333684
6,7.84,5.022078082529816
6,7.93,5.058664853423986
6,8.02,5.094749844236797
6,8.11,5.130749428650531
6,8.2,5.166397164822857
6,8.29,5.201903538912547
6,8.38,5.236897203685916
6,8.47,5.271536840441843
6,8.56,5.30589392526033
6,8.65,5.340018917164972
6,8.74,5.374016383794456
6,8.83,5.4075587172866015
6,8.92,5.440884620924707
6,9.01,5.4738426727371206
6,9.1,5.50648527934979
6,9.19,5.538981854500482
6,9.28,5.57121607232995
6,9.37,5.60334166872045
6,9.46,5.6351053009256535
6,9.55,5.666445014972827
6,9.64,5.697559433251503
6,9.73,5.72860285366691
6,9.82,5.759570725176119
6,9.91,5.790054827518697
6,10.0,5.820246583142698
7,1.0,-0.28628431318889347
7,1.09,-0.10440525220186003
7,1.18,0.06787595782507494
7,1.27,0.2303600340353505
7,1.36,0.3851295393274331
7,1.45,0.5306845319892801
7,1.54,0.6695510479642133
7,1.63,0.8027027564017378
7,1.72,0.9312893257658491
7,1.81,1.0539876361373752
7,1.9,1.1727374611998773
7,1.99,1.2877708117971942
7,2.08,1.3992251165417848
7,2.17,1.5063397767120426
7,2.26,1.6102178405894525
7,2.35,1.710020412787304
7,2.44,1.8075427506102506
7,2.53,1.9024853717780374
7,2.62,1.995724425502642
7,2.71,2.08690185130786
7,2.8,2.17505680680042
7,2.89,2.2609497403065646
7,2.98,2.344238548662109
7,3.07,2.4258220168348945
7,3.16,2.5059112333830167
7,3.25,2.5849776472860655
7,3.34,2.662477848491204
7,3.43,2.737679771899387
7,3.52,2.811198447177728
7,3.61,2.883603214203643
7,3.7,2.9541404975257994
7,3.79,3.0239685207014357
7,3.88,3.092666189857303
7,3.97,3.1604067724568337
7,4.06,3.226080743854969
7,4.15,3.2910948570267844
7,4.24,3.3550775656010368
7,4.33,3.4178360692003733
7,4.42,3.479549043924811
7,4.51,3.5405089168750736
7,4.6,3.6008134224551465
7,4.69,3.660080819499589
7,4.78,3.718106589594
7,4.87,3.7752617409297393
7,4.96,3.8319543639349813
7,5.05,3.8874535525868446
7,5.14,3.942327398530203
7,5.23,3.996966811814003
7,5.32,4.051056932985854
7,5.41,4.103649067918472
7,5.5,4.1556040294798215
7,5.59,4.206848036857355
7,5.68,4.2578589500693464
7,5.77,4.308337579705069
7,5.86,4.358075894689991
7,5.95,4.407224495402941
7,6.04,4.455798136217944
7,6.13,4.5036986593733985
7,6.22,4.5508380574522125
7,6.31,4.597648283294538
7,6.4,4.64400991888912
7,6.49,4.689695727078756
7,6.58,4.735100870930556
7,6.67,4.780203045891806
7,6.76,4.824935477365758
7,6.85,4.868608036444296
7,6.94,4.911688992549732
7,7.03,4.954535954768111
7,7.12,4.99727341837426
7,7.21,5.039683683999984
7,7.3,5.081743216494267
7,7.39,5.123008188833497
7,7.48,5.163779675872345
7,7.57,5.204473877024619
7,7.66,5.24482953971464
7,7.75,5.284536791040678
7,7.84,5.323960401636164
7,7.93,5.362977769624287
7,8.02,5.40182502096765
7,8.11,5.440198587562394
7,8.2,5.478459706720986
7,8.29,5.516432781336079
7,8.38,5.553662587053952
7,8.47,5.590720090717654
7,8.56,5.62747269756949
7,8.65,5.6639537154658095
7,8.74,5.700187035560631
7,8.83,5.7362549542741
7,8.92,5.771940900415083
7,9.01,5.807317482149853
7,9.1,5.84219000483805
7,9.19,5.876958554237063
7,9.28,5.911367702511021
7,9.37,5.945688142601
7,9.46,5.979914486203482
7,9.55,6.013628703599949
7,9.64,6.046983435307419
7,9.73,6.080076720282443
7,9.82,6.113119826198979
7,9.91,6.14592198243837
7,10.0,6.178583839057157
8,1.0,-0.24088982692262237
8,1.09,-0.05176024182493999
8,1.18,0.12445115223987224
8,1.27,0.29083464605466397
8,1.36,0.44884204200671807
8,1.45,0.599986518463311
8,1.54,0.7433274595930577
8,1.63,0.8809960621490854
8,1.72,1.0134373623854414
8,1.81,1.140969017419705
8,1.9,1.263017535691087
8,1.99,1.3819368429924805
8,2.08,1.4970095206838874
8,2.17,1.6073141640237598
8,2.26,1.7146480028099444
8,2.35,1.8187882723447015
8,2.44,1.9206331784170994
8,2.53,2.0198895956710357
8,2.62,2.1156801778953422
8,2.71,2.2093912197457715
8,2.8,2.301193116978416
8,2.89,2.3900829310687235
8,2.98,2.4769496360475234
8,3.07,2.562019616317195
8,3.16,2.645767084379376
8,3.25,2.7276901129219353
8,3.34,2.8074677093964144
8,3.43,2.8861116736131933
8,3.52,2.9628906184091313
8,3.61,3.038363852679667
8,3.7,3.1118197283559965
8,3.79,3.1843810592052075
8,3.88,3.2556537310910194
8,3.97,3.325840681419852
8,4.06,3.395504485684181
8,4.15,3.463019709481443
8,4.24,3.5297438583151166
8,4.33,3.5953268231680333
8,4.42,3.659589680908722
8,4.51,3.723057391580213
8,4.6,3.7858277215988703
8,4.69,3.8477546972100303
8,4.78,3.9089366141695487
8,4.87,3.969011220286041
8,4.96,4.027786164152144
8,5.05,4.085938994922058
8,5.14,4.143520186253243
8,5.23,4.20056596562474
8,5.32,4.256377657797021
8,5.41,4.31150347443814
8,5.5,4.366321391897978
8,5.59,4.4205317158929285
8,5.68,4.474169690994416
8,5.77,4.526681930901997
8,5.86,4.578513086853198
8,5.95,4.629594322222182
8,6.04,4.680386285893494
8,6.13,4.730610884257488
8,6.22,4.7806860618040865
8,6.31,4.829993230359889
8,6.4,4.878678471059973
8,6.49,4.926757390020556
8,6.58,4.974137138257682
8,6.67,5.0213079660758915
8,6.76,5.067797112693977
8,6.85,5.113923365581707
8,6.94,5.15957319753573
8,7.03,5.204529532050799
8,7.12,5.249172756055236
8,7.21,5.293715546665309
8,7.3,5.33794221795709
8,7.39,5.3817749020900045
8,7.48,5.424551919158927
8,7.57,5.466938824259077
8,7.66,5.509042291363939
8,7.75,5.550886771255666
8,7.84,5.592592477686336
8,7.93,5.633951093725079
8,8.02,5.674940677311256
8,8.11,5.715279637295967
8,8.2,5.755422236182574
8,8.29,5.795061787489667
8,8.38,5.834598388644531
8,8.47,5.873781765693943
8,8.56,5.9123455658407265
8,8.65,5.9508370495117955
8,8.74,5.989030504174306
8,8.83,6.026808679034641
8,8.92,6.064398688426439
8,9.01,6.101509527309849
8,9.1,6.138488391278269
8,9.19,6.175385400627574
8,9.28,6.212033618256483
8,9.37,6.247946249670444
8,9.46,6.283671771659947
8,9.55,6.319153326345105
8,9.64,6.354540006296269
8,9.73,6.389645968654385
8,9.82,6.424494448864263
8,9.91,6.459164743166826
8,10.0,6.493449226924582
9,1.0,-0.18283419938408146
9,1.09,0.009403760747173584
9,1.18,0.1909810592549419
9,1.27,0.3616600012183547
9,1.36,0.5240036155241717
9,1.45,0.6788486336181195
9,1.54,0.8268295856240941
9,1.63,0.967664933660647
9,1.72,1.1038367523329162
9,1.81,1.2348420453961233
9,1.9,1.3599529475103358
9,1.99,1.4810281412505875
9,2.08,1.5979681481051897
9,2.17,1.7117340559665128
9,2.26,1.8232148135045192
9,2.35,1.9314963272819798
9,2.44,2.0357907007140916
9,2.53,2.137479389371431
9,2.62,2.2367710356662185
9,2.71,2.332743107132022
9,2.8,2.426285179099316
9,2.89,2.517647153189369
9,2.98,2.6076993315505317
9,3.07,2.6962812332737
9,3.16,2.7827710513898114
9,3.25,2.8668803793909374
9,3.34,2.9495986253592954
9,3.43,3.030240252630446
9,3.52,3.109357464529344
9,3.61,3.1869340656166494
9,3.7,3.2631917899529856
9,3.79,3.3383770961688284
9,3.88,3.412121770675387
9,3.97,3.4846300587635226
9,4.06,3.55645081206161
9,4.15,3.626031803740953
9,4.24,3.694791716671589
9,4.33,3.76300646417355
9,4.42,3.8299808047176755
9,4.51,3.895548760221562
9,4.6,3.960219733226999
9,4.69,4.024092700157488
9,4.78,4.087032351055512
9,4.87,4.149178142888064
9,4.96,4.2109829877446705
9,5.05,4.2716208837294705
9,5.14,4.330910742286785
9,5.23,4.389506392197556
9,5.32,4.44745949529923
9,5.41,4.504807874303484
9,5.5,4.561776579556286
9,5.59,4.617639611711649
9,5.68,4.672766377553832
9,5.77,4.727522065760956
9,5.86,4.781621192464564
9,5.95,4.835099712934486
9,6.04,4.888044597181562
9,6.13,4.940214151999005
9,6.22,4.991667922964271
9,6.31,5.042341491070088
9,6.4,5.092678672524636
9,6.49,5.142414023776919
9,6.58,5.1919728741464075
9,6.67,5.241388639022526
9,6.76,5.29001673657827
9,6.85,5.337998627057772
9,6.94,5.385350466749518
9,7.03,5.432108728474927
9,7.12,5.478647572689276
9,7.21,5.5249431721652495
9,7.3,5.570542631274789
9,7.39,5.615752905594655
9,7.48,5.660465895165962
9,7.57,5.704692458248312
9,7.66,5.748627932765061
9,7.75,5.792226987499486
9,7.84,5.835694523605088
9,7.93,5.878824188642133
9,8.02,5.921541911562123
9,8.11,5.963551829124715
9,8.2,6.0051674094472745
9,8.29,6.046377981655004
9,8.38,6.087286522718034
9,8.47,6.127917057013991
9,8.56,6.168385523797541
9,8.65,6.2084924560097114
9,8.74,6.248499954999429
9,8.83,6.288183947516679
9,8.92,6.327217518602242
9,9.01,6.366037197811034
9,9.1,6.404372419561394
9,9.19,6.442650948702189
9,9.28,6.4808074000617575
9,9.37,6.518601883503904
9,9.46,6.555779062420607
9,9.55,6.592864658512679
9,9.64,6.6296423294305615
9,9.73,6.666373866371011
9,9.82,6.70270772739858
9,9.91,6.738840850934041
9,10.0,6.774494166148667
10,1.0,-0.11314266852061239
10,1.09,0.08266085058836314
10,1.18,0.2668802459592795
10,1.27,0.44182204220814963
10,1.36,0.6072057321752709
10,1.45,0.7656320479676955
10,1.54,0.9169476924814559
10,1.63,1.0607229290071258
10,1.72,1.1989643986606988
10,1.81,1.3317623277205737
10,1.9,1.4601960437753787
10,1.99,1.5852522795173791
10,2.08,1.7061678808449767
10,2.17,1.8222852773716256
10,2.26,1.93501658697904
10,2.35,2.0446372644740602
10,2.44,2.1520379241741328
10,2.53,2.2558972012622314
10,2.62,2.3568594153022824
10,2.71,2.4552047603678417
10,2.8,2.5518048867822034
10,2.89,2.646538305467614
10,2.98,2.7388375219621737
10,3.07,2.8284523594965623
10,3.16,2.9163937072000534
10,3.25,3.0033260587153032
10,3.34,3.0879620612158583
10,3.43,3.17084842490585
10,3.52,3.2519848689488473
10,3.61,3.3315983334832837
10,3.7,3.4099384226441987
10,3.79,3.4866636887762508
10,3.88,3.56233108867638
10,3.97,3.6370678610134464
10,4.06,3.7109592853839413
10,4.15,3.7825234142300825
10,4.24,3.8531298354254715
10,4.33,3.9230505858701443
10,4.42,3.9916249425434356
10,4.51,4.059124239078157
10,4.6,4.125811447122694
10,4.69,4.191509031320492
10,4.78,4.256316833885072
10,4.87,4.32010950842755
10,4.96,4.383025231240873
10,5.05,4.445502860270468
10,5.14,4.506779692935611
10,5.23,4.567761005452672
10,5.32,4.627354429091431
10,5.41,4.686190683813388
10,5.5,4.744322257232943
10,5.59,4.8017882091695405
10,5.68,4.858807204801011
10,5.77,4.915159045912931
10,5.86,4.970844772450536
10,5.95,5.025752532031525
10,6.04,5.080234930191974
10,6.13,5.134019836386898
10,6.22,5.187143616439788
10,6.31,5.2396915299803695
10,6.4,5.292030651361181
10,6.49,5.343633160808775
10,6.58,5.394492821244215
10,6.67,5.444549193491572
10,6.76,5.494229687433378
10,6.85,5.543438820463849
10,6.94,5.592380835155626
10,7.03,5.641106555991983
10,7.12,5.689649147427805
10,7.21,5.7373908554984485
10,7.3,5.784468487542212
10,7.39,5.830898521899796
10,7.48,5.877212073611198
10,7.57,5.922950089386383
10,7.66,5.968439221846587
10,7.75,6.013657391715284
10,7.84,6.0581705863542075
10,7.93,6.102274223824516
10,8.02,6.146160794926588
10,8.11,6.1896905557779
10,8.2,6.232720929130568
10,8.29,6.275440055612346
10,8.38,6.317805013363729
10,8.47,6.360013084327523
10,8.56,6.401866728520044
10,8.65,6.443570627130084
10,8.74,6.484954475169557
10,8.83,6.525631488771095
10,8.92,6.56590306789223
10,9.01,6.605792564145146
10,9.1,6.645612536925102
10,9.19,6.685118010750778
10,9.28,6.7243324486212455
10,9.37,6.763367540108258
10,9.46,6.802032173447831
10,9.55,6.8405783316873645
10,9.64,6.878791259794527
10,9.73,6.916920104188235
10,9.82,6.95446163901465
10,9.91,6.991776988826478
10,10.0,7.028606715754915
11,1.0,-0.03326863653555734
11,1.09,0.16597292836395605
11,1.18,0.3533936285423468
11,1.27,0.5294358058287427
11,1.36,0.6966826103799537
11,1.45,0.8569545884423666
11,1.54,1.0099911635129282
11,1.63,1.156956301421567
11,1.72,1.299019571396819
11,1.81,1.4356340711507691
11,1.9,1.566325216324287
11,1.99,1.692581982052919
11,2.08,1.814783180549374
11,2.17,1.933882611893265
11,2.26,2.0486976863942084
11,2.35,2.1599221089246816
11,2.44,2.2678909696682057
11,2.53,2.3734994866694237
11,2.62,2.4773583346778545
11,2.71,2.578940266554957
11,2.8,2.67769754957738
11,2.89,2.7734225866415616
11,2.98,2.8671152715400057
11,3.07,2.9594402116479532
11,3.16,3.0491858232948714
11,3.25,3.136899085790488
11,3.34,3.222945906600246
11,3.43,3.307770733148573
11,3.52,3.3908625661008163
11,3.61,3.4724751008668484
11,3.7,3.552293551547324
11,3.79,3.630864634057204
11,3.88,3.708321661042155
11,3.97,3.7847568723767004
11,4.06,3.8592874197733797
11,4.15,3.932755360299647
11,4.24,4.005134429429199
11,4.33,4.076692942698875
11,4.42,4.146803314856165
11,4.51,4.215732320552501
11,4.6,4.283738325570723
11,4.69,4.3506564574912225
11,4.78,4.417036511801555
11,4.87,4.482622611943928
11,4.96,4.547119342158779
11,5.05,4.6106634140268214
11,5.14,4.6736799749320195
11,5.23,4.735440470802143
11,5.32,4.796817417789592
11,5.41,4.8573151125382985
11,5.5,4.917021393673456
11,5.59,4.975915706299048
11,5.68,5.034051055370602
11,5.77,5.091467430343756
11,5.86,5.148377124711017
11,5.95,5.204571013125082
11,6.04,5.260366431137871
11,6.13,5.315674473173432
11,6.22,5.370170322772946
11,6.31,5.424194249670364
11,6.4,5.477486701134324
11,6.49,5.530084209324216
11,6.58,5.582149486980712
11,6.67,5.6340052308454425
11,6.76,5.6856075871164595
11,6.85,5.73645114135175
11,6.94,5.786531147488534
11,7.03,5.835790777041286
11,7.12,5.8846832797180895
11,7.21,5.933435288319352
11,7.3,5.981691073212046
11,7.39,6.0296476755696595
11,7.48,6.0773548197723475
11,7.57,6.124845242813519
11,7.66,6.171526767815122
11,7.75,6.217607167715155
11,7.84,6.263539408370933
11,7.93,6.308814015477451
11,8.02,6.353941574894348
11,8.11,6.398482086704874
11,8.2,6.442749805534092
11,8.29,6.486724181242524
11,8.38,6.530378201410894
11,8.47,6.573590104566677
11,8.56,6.616378762295132
11,8.65,6.6589295064013125
11,8.74,6.70110870638973
11,8.83,6.742779995409918
11,8.92,6.784354446788192
11,9.01,6.825659015721453
11,9.1,6.866597610621401
11,9.19,6.907360051349244
11,9.28,6.9477571159672085
11,9.37,6.987985702592678
11,9.46,7.027882710799463
11,9.55,7.0675746710506875
11,9.64,7.106740899398767
11,9.73,7.145495591927229
11,9.82,7.183861501657255
11,9.91,7.2221390116992
11,10.0,7.260197228424074
12,1.0,0.0526291665409383
12,1.09,0.2536425672196403
12,1.18,0.4427153607325601
12,1.27,0.621819843346606
12,1.36,0.792735576206629
12,1.45,0.9554524288992121
12,1.54,1.109925534326548
12,1.63,1.2588403070685188
12,1.72,1.4020560858309372
12,1.81,1.5399047588669905
12,1.9,1.6734586574650607
12,1.99,1.8017158374914808
12,2.08,1.9254566312219705
12,2.17,2.045101535567575
12,2.26,2.161595880385113
12,2.35,2.2756010715252306
12,2.44,2.3866770556078363
12,2.53,2.494356442952793
12,2.62,2.5984918347201402
12,2.71,2.700749176481947
12,2.8,2.8008441891720985
12,2.89,2.899170924706897
12,2.98,2.994595702991031
12,3.07,3.087670317640131
12,3.16,3.178770314863884
12,3.25,3.268344501703502
12,3.34,3.3559225602406784
12,3.43,3.4417665918978066
12,3.52,3.526104262789038
12,3.61,3.6091360246138486
12,3.7,3.690726459017039
12,3.79,3.771015583528348
12,3.88,3.850103111950879
12,3.97,3.9271518813905613
12,4.06,4.002979918518807
12,4.15,4.07757100611233
12,4.24,4.151191126031999
12,4.33,4.224189605254456
12,4.42,4.295774552276386
12,4.51,4.366076078767872
12,4.6,4.435348128880831
12,4.69,4.503437986615125
12,4.78,4.570878692706614
12,4.87,4.637429542754871
12,4.96,4.703131921534502
12,5.05,4.768193760508011
12,5.14,4.832234106538119
12,5.23,4.895664741518695
12,5.32,4.9577897045250845
12,5.41,5.019449885387721
12,5.5,5.080172518253732
12,5.59,5.140195157874962
12,5.68,5.1998422263534945
12,5.77,5.258629827588083
12,5.86,5.316611221257824
12,5.95,5.373827062178673
12,6.04,5.43048331364961
12,6.13,5.486381279595908
12,6.22,5.5418360646227605
12,6.31,5.597120490578426
12,6.4,5.651875152449397
12,6.49,5.705789847404048
12,6.58,5.759192787649912
12,6.67,5.811836291774777
12,6.76,5.86375685921825
12,6.85,5.915444147926573
12,6.94,5.966681546595571
12,7.03,6.017668572901
12,7.12,6.068364274341062
12,7.21,6.118284556507224
12,7.3,6.167425925085624
12,7.39,6.216031975409251
12,7.48,6.264251671979679
12,7.57,6.312078009812192
12,7.66,6.359729423323189
12,7.75,6.406865248284515
12,7.84,6.453675451129695
12,7.93,6.50020854617532
12,8.02,6.54649671309522
12,8.11,6.592301433994925
12,8.2,6.637713849663886
12,8.29,6.6825159662024
12,8.38,6.727143255594438
12,8.47,6.771107226951431
12,8.56,6.814898627668228
12,8.65,6.858399055170363
12,8.74,6.901548576079626
12,8.83,6.944407716757301
12,8.92,6.9869572406995735
12,9.01,7.029171692551481
12,9.1,7.070934643389254
12,9.19,7.112393990778831
12,9.28,7.153688668391293
12,9.37,7.194730226693057
12,9.46,7.235390772770829
12,9.55,7.2755397754321836
12,9.64,7.315572235091455
12,9.73,7.355322388192206
12,9.82,7.39493329517051
12,9.91,7.434284682447648
12,10.0,7.473445621602923
13,1.0,0.14484001373454658
13,1.09,0.3482004940582121
13,1.18,0.5386523567136351
13,1.27,0.7196284887676798
13,1.36,0.8916506300633826
13,1.45,1.0555522891067846
13,1.54,1.212773637821691
13,1.63,1.3626854192679139
13,1.72,1.5068245870519565
13,1.81,1.6461512715126831
13,1.9,1.7802288241923983
13,1.99,1.9100981037227491
13,2.08,2.0365084353184972
13,2.17,2.1591361780696205
13,2.26,2.2776185584171476
13,2.35,2.391889231565825
13,2.44,2.5036136091377466
13,2.53,2.612577216963723
13,2.62,2.7192102392628623
13,2.71,2.822470629118991
13,2.8,2.923225403365083
13,2.89,3.0222718264593875
13,2.98,3.118996814897283
13,3.07,3.2138579169166244
13,3.16,3.306427902358699
13,3.25,3.3969805261027664
13,3.34,3.4857545890613713
13,3.43,3.572961078694927
13,3.52,3.65848704030509
13,3.61,3.7424825879999615
13,3.7,3.8252713705093377
13,3.79,3.907125776400723
13,3.88,3.9868023206041854
13,3.97,4.065096680186171
13,4.06,4.142002938498983
13,4.15,4.217785434851018
13,4.24,4.292787922085357
13,4.33,4.366258036790687
13,4.42,4.4387869401997975
13,4.51,4.510406086654628
13,4.6,4.5808935400585336
13,4.69,4.650108254574071
13,4.78,4.718567186375472
13,4.87,4.786044196333377
13,4.96,4.852583673175945
13,5.05,4.918389632908873
13,5.14,4.983463239160062
13,5.23,5.047876707860551
13,5.32,5.111605004412975
13,5.41,5.173983280653793
13,5.5,5.235821900189178
13,5.59,5.296669962967692
13,5.68,5.356758332409723
13,5.77,5.416401129396694
13,5.86,5.4757707454014
13,5.95,5.534302963533228
13,6.04,5.591988046334544
13,6.13,5.648867086687355
13,6.22,5.705139781991117
13,6.31,5.76061727027598
13,6.4,5.815753686614974
13,6.49,5.8705889595798695
13,6.58,5.925201978921653
13,6.67,5.979249205037247
13,6.76,6.032434271774887
13,6.85,6.085073633962852
13,6.94,6.136930834076107
13,7.03,6.188386391393163
13,7.12,6.239387575558781
13,7.21,6.290117842819055
13,7.3,6.340370308228379
13,7.39,6.390337531125351
13,7.48,6.439981181833835
13,7.57,6.48883747858311
13,7.66,6.5371847207835465
13,7.75,6.58517070608315
13,7.84,6.632604378975703
13,7.93,6.679629524294358
13,8.02,6.726240169413945
13,8.11,6.772646737958158
13,8.2,6.818522894386945
13,8.29,6.864203723548986
13,8.38,6.909673856642849
13,8.47,6.954845976421384
13,8.56,6.999751560341065
13,8.65,7.044162197516833
13,8.74,7.088165931482174
13,8.83,7.1315731991219025
13,8.92,7.174917354261055
13,9.01,7.218066144567683
13,9.1,7.260551080878617
13,9.19,7.302843728861599
13,9.28,7.344830856822529
13,9.37,7.386455350609099
13,9.46,7.427813047673129
13,9.55,7.4691023879256715
13,9.64,7.510070917246381
13,9.73,7.550694557949032
13,9.82,7.590861887533314
13,9.91,7.630715227102557
13,10.0,7.670388282940024
14,1.0,0.23979846543702998
14,1.09,0.4442963598574815
14,1.18,0.6373865360689724
14,1.27,0.819319796479099
14,1.36,0.9922283912355612
14,1.45,1.1575489412466495
14,1.54,1.315272997879935
14,1.63,1.4667323948499313
14,1.72,1.6129193978008094
14,1.81,1.7537498590392544
14,1.9,1.889702080994362
14,1.99,2.0214798746335023
14,2.08,2.148145068957468
14,2.17,2.2713952694583344
14,2.26,2.39111050146764
14,2.35,2.5077788999268384
14,2.44,2.6204662036693094
14,2.53,2.7300631825889883
14,2.62,2.837387104945253
14,2.71,2.941895696548993
14,2.8,3.0440696531754705
14,2.89,3.143536091085544
14,2.98,3.2415480988923058
14,3.07,3.337348500339918
14,3.16,3.431066650026564
14,3.25,3.522927233428002
14,3.34,3.612842055476781
14,3.43,3.7009737795455955
14,3.52,3.7876501553376967
14,3.61,3.8731483731574414
14,3.7,3.956289172339383
14,3.79,4.038357016707897
14,3.88,4.119229327447971
14,3.97,4.198558779367141
14,4.06,4.276608790088123
14,4.15,4.353718359062242
14,4.24,4.4291736163601385
14,4.33,4.503549929197162
14,4.42,4.576884845563479
14,4.51,4.6489721992196404
14,4.6,4.720617134789129
14,4.69,4.790911711814658
14,4.78,4.860348140297575
14,4.87,4.928714263768742
14,4.96,4.996057354751731
14,5.05,5.062577670413701
14,5.14,5.1282804905041885
14,5.23,5.193239082645568
14,5.32,5.2577284921011564
14,5.41,5.321645968546168
14,5.5,5.384173959644607
14,5.59,5.4460933696257205
14,5.68,5.506974145298743
14,5.77,5.567040591210674
14,5.86,5.62659681228249
14,5.95,5.685810734178557
14,6.04,5.744781189512378
14,6.13,5.802923951987728
14,6.22,5.860184325368654
14,6.31,5.916603645083769
14,6.4,5.972375425412332
14,6.49,6.027360528253492
14,6.58,6.082158887431303
14,6.67,6.136572597836201
14,6.76,6.1906414194636765
14,6.85,6.244442457583723
14,6.94,6.297647230808078
14,7.03,6.349972492571846
14,7.12,6.4017232553732875
14,7.21,6.4529621494138825
14,7.3,6.503809624209694
14,7.39,6.554226636877828
14,7.48,6.604163551002845
14,7.57,6.653797433442468
14,7.66,6.702930589322218
14,7.75,6.751748757671288
14,7.84,6.800215992944187
14,7.93,6.848329853754348
14,8.02,6.895929259434027
14,8.11,6.943003823520101
14,8.2,6.989696133873633
14,8.29,7.035823455913956
14,8.38,7.081524479367722
14,8.47,7.127090115415661
14,8.56,7.172305278407041
14,8.65,7.2172936893215365
14,8.74,7.261742614416311
14,8.83,7.305974266323341
14,8.92,7.349974405655821
14,9.01,7.393659706654214
14,9.1,7.437060871227594
14,9.19,7.480302544227523
14,9.28,7.52316347347514
14,9.37,7.565608011795545
14,9.46,7.60745458808329
14,9.55,7.649215619548424
14,9.64,7.690764529980553
14,9.73,7.732033231884586
14,9.82,7.772893667523102
14,9.91,7.813546975662013
14,10.0,7.853884783834011
15,1.0,0.33635311616232144
15,1.09,0.542213145911752
15,1.18,0.7357859217248867
15,1.27,0.9192048930378358
15,1.36,1.09407940955446
15,1.45,1.260843585272158
15,1.54,1.42036732440982
15,1.63,1.5736588949242545
15,1.72,1.7200905660942212
15,1.81,1.8615185867724198
15,1.9,1.9980177919368276
15,1.99,2.1304321399619752
15,2.08,2.259399150584041
15,2.17,2.3835737602086344
15,2.26,2.503897028467895
15,2.35,2.6212286909819333
15,2.44,2.735114268402111
15,2.53,2.84607366240696
15,2.62,2.9538007989863635
15,2.71,3.0595449291842147
15,2.8,3.1626206132618324
15,2.89,3.2631892888466942
15,2.98,3.3615002599934187
15,3.07,3.458257339372144
15,3.16,3.5530706177853575
15,3.25,3.6458194262446435
15,3.34,3.7368386459080836
15,3.43,3.8264129332967762
15,3.52,3.91342724509454
15,3.61,3.999130363852328
15,3.7,4.083419098909417
15,3.79,4.1659734112095395
15,3.88,4.247352942661702
15,3.97,4.327780396892715
15,4.06,4.407104397330898
15,4.15,4.484648625566032
15,4.24,4.560973833070355
15,4.33,4.636123918346296
15,4.42,4.709908313625891
15,4.51,4.783106850161012
15,4.6,4.8548543751815165
15,4.69,4.926083030765622
15,4.78,4.9964578560627935
15,4.87,5.065677528506693
15,4.96,5.133792089064485
15,5.05,5.200998186418334
15,5.14,5.267305051794549
15,5.23,5.332786962439184
15,5.32,5.397711695146982
15,5.41,5.461984150014254
15,5.5,5.525930140021287
15,5.59,5.588511346702933
15,5.68,5.650420615690451
15,5.77,5.711247771584133
15,5.86,5.771210695623911
15,5.95,5.830603758384403
15,6.04,5.889590486509474
15,6.13,5.948371411807244
15,6.22,6.006865742819374
15,6.31,6.064498235772127
15,6.4,6.121218187054767
15,6.49,6.177067006512646
15,6.58,6.232232122977821
15,6.67,6.286929467081665
15,6.76,6.341142125390355
15,6.85,6.395121089752988
15,6.94,6.448677687895074
15,7.03,6.501851354353082
15,7.12,6.554717326049324
15,7.21,6.606961430085602
15,7.3,6.658312874663684
15,7.39,6.709349294009363
15,7.48,6.760005803624772
15,7.57,6.810127967773502
15,7.66,6.85983233266428
15,7.75,6.909082299193665
15,7.84,6.9578310673464365
15,7.93,7.006249442533532
15,8.02,7.05429081609901
15,8.11,7.102119857317225
15,8.2,7.149611063398246
15,8.29,7.1967306053237
15,8.38,7.243476795649312
15,8.47,7.289695631745066
15,8.56,7.335377756834976
15,8.65,7.380836491461002
15,8.74,7.426068924323532
15,8.83,7.4707292093937125
15,8.92,7.514951003471701
15,9.01,7.55901408008872
15,9.1,7.602712440570931
15,9.19,7.646165325950796
15,9.28,7.689369705607656
15,9.37,7.732241627412316
15,9.46,7.774879612596671
15,9.55,7.817270388887399
15,9.64,7.859334349583623
15,9.73,7.901101343453937
15,9.82,7.942691393797755
15,9.91,7.9839074384133
15,10.0,8.025084095820517
16,1.0,0.43413009374846423
16,1.09,0.6413760041762401
16,1.18,0.8366764751935764
16,1.27,1.021854333109186
16,1.36,1.1969637311161352
16,1.45,1.3643015638959968
16,1.54,1.524350406914587
16,1.63,1.6782530696395883
16,1.72,1.8268944844557313
16,1.81,1.9692099378927077
16,1.9,2.1062928578570723
16,1.99,2.239129436019661
16,2.08,2.368310949996932
16,2.17,2.493635902352124
16,2.26,2.6152670890931478
16,2.35,2.7329858372613995
16,2.44,2.8480575317319237
16,2.53,2.9598825840898675
16,2.62,3.068667868837067
16,2.71,3.1746990038412832
16,2.8,3.278693098732769
16,2.89,3.380313097895136
16,2.98,3.479476765097395
16,3.07,3.576535998010343
16,3.16,3.6721073445994077
16,3.25,3.7662410138457774
16,3.34,3.857584652074653
16,3.43,3.947355644363867
16,3.52,4.035471974601772
16,3.61,4.121642102573905
16,3.7,4.206417769514599
16,3.79,4.29002616403409
16,3.88,4.372334371767702
16,3.97,4.453056179845779
16,4.06,4.5327974531745365
16,4.15,4.611176833607839
16,4.24,4.688244862653524
16,4.33,4.7638264476862116
16,4.42,4.838677578529608
16,4.51,4.911974600937704
16,4.6,4.984618841374442
16,4.69,5.0562948185619545
16,4.78,5.127123183197403
16,4.87,5.197162262655125
16,4.96,5.26601743400473
16,5.05,5.333881881782783
16,5.14,5.400768630633296
16,5.23,5.466752927041055
16,5.32,5.532095570070974
16,5.41,5.596708804223615
16,5.5,5.660908770317638
16,5.59,5.724597279864545
16,5.68,5.7871418736845746
16,5.77,5.848956383160172
16,5.86,5.909649588782432
16,5.95,5.969433086392168
16,6.04,6.028591789747086
16,6.13,6.087372715044856
16,6.22,6.145882667936586
16,6.31,6.204127797198863
16,6.4,6.262032347807458
16,6.49,6.319045813573469
16,6.58,6.375121174154558
16,6.67,6.43029976936142
16,6.76,6.4848603445191415
16,6.85,6.539191395877644
16,6.94,6.593020282370719
16,7.03,6.646332032042693
16,7.12,6.699368812931818
16,7.21,6.751950668889118
16,7.3,6.8041165819736715
16,7.39,6.85593986236256
16,7.48,6.90711994666098
16,7.57,6.957967277218352
16,7.66,7.008155453100111
16,7.75,7.058000050039939
16,7.84,7.107439629863487
16,7.93,7.156326755491325
16,8.02,7.204774104121155
16,8.11,7.252747306313331
16,8.2,7.300651263259728
16,8.29,7.34804107674986
16,8.38,7.395079600877329
16,8.47,7.44172272614345
16,8.56,7.488129149280216
16,8.65,7.534178982102716
16,8.74,7.579840324315381
16,8.83,7.625200072827067
16,8.92,7.670425227102026
16,9.01,7.715115375764949
16,9.1,7.759262019861749
16,9.19,7.803166416004682
16,9.28,7.84682622413891
16,9.37,7.889994884923249
16,9.46,7.933044357944228
16,9.55,7.975647922790644
16,9.64,8.01807454808075
16,9.73,8.06012685002354
16,9.82,8.1019196642521
16,9.91,8.143450435299059
16,10.0,8.184642078667732
17,1.0,0.5328990424476725
17,1.09,0.7406956636551253
17,1.18,0.9365002343981527
17,1.27,1.1222647408359065
17,1.36,1.299495492743185
17,1.45,1.4676852609714732
17,1.54,1.628294470198022
17,1.63,1.7826024738549668
17,1.72,1.9314498118921066
17,1.81,2.0748695943504574
17,1.9,2.2132081160573147
17,1.99,2.3464162964479485
17,2.08,2.4758461988581257
17,2.17,2.602061435148744
17,2.26,2.724523653908739
17,2.35,2.843258224318075
17,2.44,2.9586054434027096
17,2.53,3.0713121701419666
17,2.62,3.1811067255235717
17,2.71,3.2879564487411
17,2.8,3.3922406110254406
17,2.89,3.4945883556366244
17,2.98,3.595081489194483
17,3.07,3.69245216393025
17,3.16,3.7880235105193147
17,3.25,3.8823460164701844
17,3.34,3.9747475924015956
17,3.43,4.064966913536582
17,3.52,4.153550698382747
17,3.61,4.240732745285475
17,3.7,4.3263999414563585
17,3.79,4.410290915669032
17,3.88,4.492999705377595
17,3.97,4.574171721338579
17,4.06,4.654264532894672
17,4.15,4.733357022007682
17,4.24,4.810839290819842
17,4.33,4.88744494199378
17,4.42,4.962390619275232
17,4.51,5.036548488482913
17,4.6,5.109622157658921
17,4.69,5.1817335326111795
17,4.78,5.2529443300137935
17,4.87,5.3233876074376205
17,4.96,5.392953765147364
17,5.05,5.4614502293326534
17,5.14,5.528893666318493
17,5.23,5.5953602530588515
17,5.32,5.661104089998007
17,5.41,5.7260444722646024
17,5.5,5.790488255402137
17,5.59,5.854344370597249
17,5.68,5.9177843695197225
17,5.77,5.9802087908345305
17,5.86,6.041849855895429
17,5.95,6.102334423824347
17,6.04,6.1618679446345395
17,6.13,6.220726148342514
17,6.22,6.279323919044694
17,6.31,6.33756904830697
17,6.4,6.395488595919982
17,6.49,6.453090192543136
17,6.58,6.510302768477142
17,6.67,6.5665994241398105
17,6.76,6.621936541278059
17,6.85,6.676364885007312
17,6.94,6.730655772559284
17,7.03,6.784301522406329
17,7.12,6.837676306811488
17,7.21,6.890519559585737
17,7.3,6.942818032555698
17,7.39,6.994805289769754
17,7.48,7.046309615912356
17,7.57,7.097369438111
17,7.66,7.1481270121176985
17,7.75,7.198726995659008
17,7.84,7.248669207178247
17,7.93,7.298252492558381
17,8.02,7.3471642997395525
17,8.11,7.395708347125755
17,8.2,7.443826393815588
17,8.29,7.491665296766229
17,8.38,7.53915382131681
17,8.47,7.586186682644708
17,8.56,7.632731500316478
17,8.65,7.6791775739697385
17,8.74,7.725098376884494
17,8.83,7.770650806384415
17,8.92,7.8159639201209234
17,9.01,7.861061386387397
17,9.1,7.905903356609178
17,9.19,7.950375207020729
17,9.28,7.994446768131085
17,9.37,8.038201902199386
17,9.46,8.08180135687969
17,9.55,8.124903177475757
17,9.64,8.167931791929929
17,9.73,8.210414446142726
17,9.82,8.25264071070383
17,9.91,8.294608693089064
17,10.0,8.336082040309478
18,1.0,0.6313295336096403
18,1.09,0.8399440128475827
18,1.18,1.0362865351502504
18,1.27,1.22244016888267
18,1.36,1.3998686070821051
18,1.45,1.5691185311709128
18,1.54,1.7309331180702545
18,1.63,1.8855978598661227
18,1.72,2.034683650798853
18,1.81,2.1789581058352128
18,1.9,2.3180944182802827
18,1.99,2.4522777880223567
18,2.08,2.58197219406208
18,2.17,2.7081874303526985
18,2.26,2.831496056518754
18,2.35,2.951199526737119
18,2.44,3.067332590506534
18,2.53,3.1803177819429314
18,2.62,3.2908109729554003
18,2.71,3.398936983874305
18,2.8,3.5035201303085515
18,2.89,3.605867874919735
18,2.98,3.706542291713914
18,3.07,3.804928586644115
18,3.16,3.90080349350183
18,3.25,3.9952528348759904
18,3.34,4.088103167231332
18,3.43,4.179293930539688
18,3.52,4.268733583446837
18,3.61,4.356186906855018
18,3.7,4.442238661721856
18,3.79,4.52656183550212
18,3.88,4.609608101908925
18,3.97,4.691464702202428
18,4.06,4.771557513758521
18,4.15,4.851047673047347
18,4.24,4.929513045355108
18,4.33,5.006209461109579
18,4.42,5.081981551318632
18,4.51,5.156551672116012
18,4.6,5.230043323146178
18,4.69,5.3025218335549145
18,4.78,5.374120661004989
18,4.87,5.444739980725841
18,4.96,5.5148126430442925
18,5.05,5.583915842980529
18,5.14,5.651893700576282
18,5.23,5.718823286035936
18,5.32,5.784952269127959
18,5.41,5.85020671358395
18,5.5,5.914884561083255
18,5.59,5.978901577700644
18,5.68,6.042425487828195
18,5.77,6.105625586836273
18,5.86,6.167852167262813
18,5.95,6.229246680252825
18,6.04,6.289453228569432
18,6.13,6.34867125703447
18,6.22,6.40726902773665
18,6.31,6.465588344272722
18,6.4,6.523592196983765
18,6.49,6.581193793606919
18,6.58,6.638420766665165
18,6.67,6.69528202795069
18,6.76,6.751710871827739
18,6.85,6.80720293432759
18,6.94,6.861717743126245
18,7.03,6.91589467129489
18,7.12,6.9693628563759695
18,7.21,7.022649630166759
18,7.3,7.075268743304788
18,7.39,7.1275804838942385
18,7.48,7.179335750981109
18,7.57,7.230522830669746
18,7.66,7.281366912356098
18,7.75,7.3320378059699145
18,7.84,7.382291289659567
18,7.93,7.432078567015323
18,8.02,7.481536996396437
18,8.11,7.5308062149200605
18,8.2,7.5794067880377565
18,8.29,7.62762632270937
18,8.38,7.675402528901185
18,8.47,7.7228812704383705
18,8.56,7.769974099496404
18,8.65,7.816625699303364
18,8.74,7.862977628100207
18,8.83,7.908962058006316
18,8.92,7.954478455542363
18,9.01,7.999746784628605
18,9.1,8.04472161360399
18,9.19,8.08957385521307
18,9.28,8.133894498597433
18,9.37,8.177834606414441
18,9.46,8.221518502177833
18,9.55,8.264969323043493
18,9.64,8.308149217861578
18,9.73,8.351190129420257
18,9.82,8.393961150079233
18,9.91,8.43632441532155
18,10.0,8.47836077689457
19,1.0,0.7276877233750036
19,1.09,0.9373199522390446
19,1.18,1.1348196371075936
19,1.27,1.3213157394533797
19,1.36,1.4989730924325817
19,1.45,1.669043502196278
19,1.54,1.831623968204304
19,1.63,1.9872248917775546
19,1.72,2.1365646061946486
19,1.81,2.280839061231009
19,1.9,2.420787924785897
19,1.99,2.5559014383446392
19,2.08,2.6863502552817518
19,2.17,2.8126580841694384
19,2.26,2.9361414438476805
19,2.35,3.0565156042716746
19,2.44,3.1738739042344104
19,2.53,3.2871461204547177
19,2.62,3.3976393114671866
19,2.71,3.5059393542929587
19,2.8,3.6114974961138615
19,2.89,3.7141366585829494
19,2.98,3.8149328373834877
19,3.07,3.9137499384806618
19,3.16,4.010557429824813
19,3.25,4.10529256231075
19,3.34,4.198678736892858
19,3.43,4.29012992564645
19,3.52,4.379938754901714
19,3.61,4.4678069898947825
19,3.7,4.554182722391932
19,3.79,4.639163097131415
19,3.88,4.722209363538219
19,3.97,4.804447727200506
19,4.06,4.885483643464526
19,4.15,4.964974477401203
19,4.24,5.043526983706275
19,4.33,5.121016755871244
19,4.42,5.197184607606408
19,4.51,5.272155990983778
19,4.6,5.346000092052162
19,4.69,5.418851111306462
19,4.78,5.490618939361681
19,4.87,5.561724503506893
19,4.96,5.631797165825344
19,5.05,5.70148283208249
19,5.14,5.769973733463759
19,5.23,5.837347797693937
19,5.32,5.903846521092712
19,5.41,5.969402465250524
19,5.5,6.034305014537129
19,5.59,6.098476496519904
19,5.68,6.162080961404329
19,5.77,6.225283820201411
19,5.86,6.288252291424486
19,5.95,6.350208899165514
19,6.04,6.4112889947407705
19,6.13,6.471153129611966
19,6.22,6.529994884581806
19,6.31,6.588415648617
19,6.4,6.646419501328043
19,6.49,6.70409231773404
19,6.58,6.761400223686397
19,6.67,6.818261484971922
19,6.76,6.874704150088242
19,6.85,6.930738233986035
19,6.94,6.986301100453938
19,7.03,7.04090990585711
19,7.12,7.094967383723436
19,7.21,7.148469121911042
19,7.3,7.201598166237806
19,7.39,7.2539995714761405
19,7.48,7.306180618738891
19,7.57,7.357675512988872
19,7.66,7.408831098715603
19,7.75,7.45950199232942
19,7.84,7.509996379325571
19,7.93,7.559905823871719
19,8.02,7.6094473006253
19,8.11,7.658784592818531
19,8.2,7.707683987219824
19,8.29,7.7560993541880325
19,8.38,7.804163248886354
19,8.47,7.852010391315423
19,8.56,7.899668052578938
19,8.65,7.946782877756646
19,8.74,7.993500213005623
19,8.83,8.039760817287316
19,8.92,8.085705259824278
19,9.01,8.131249153900736
19,9.1,8.176474508816721
19,9.19,8.221524055533349
19,9.28,8.266258579764518
19,9.37,8.310613407971466
19,9.46,8.354492456182415
19,9.55,8.398107305355053
19,9.64,8.441414744576598
19,9.73,8.484579241891735
19,9.82,8.527591852343882
19,9.91,8.570194236569245
19,10.0,8.612408172941022
20,1.0,0.8228280293114612
20,1.09,1.0332479244233954
20,1.18,1.231482853236281
20,1.27,1.4188776900883542
20,1.36,1.5967788096125457
20,1.45,1.7668492193762424
20,1.54,1.9302097344496938
20,1.63,2.0867035960869456
20,1.72,2.2367675449655335
20,1.81,2.3811308888950795
20,1.9,2.5212474966216663
20,1.99,2.6570048727778124
20,2.08,2.788629916460513
20,2.17,2.915213289140753
20,2.26,3.0386966488189953
20,2.35,3.1590708092429893
20,2.44,3.276596179836318
20,2.53,3.390804391627815
20,2.62,3.501577343783872
20,2.71,3.6099942781357495
20,2.8,3.7159659938769463
20,2.89,3.819500437453013
20,2.98,3.920570975720857
20,3.07,4.019902485355727
20,3.16,4.116959985127303
20,3.25,4.212049526907432
20,3.34,4.3054357014895395
20,3.43,4.397285205364623
20,3.52,4.487405053144987
20,3.61,4.575904201058906
20,3.7,4.662279933556055
20,3.79,4.74762680112957
20,3.88,4.831578448055985
20,3.97,4.9138174593802075
20,4.06,4.994937024281646
20,4.15,5.074827680632991
20,4.24,5.153741986677473
20,4.33,5.231611689907508
20,4.42,5.308164753719463
20,4.51,5.3834744891335236
20,4.6,5.457676198693648
20,4.69,5.530689458528887
20,4.78,5.602924081231491
20,4.87,5.674029645376702
20,4.96,5.744631304836603
20,5.05,5.814347141620373
20,5.14,5.883330565035737
20,5.23,5.9511313288856185
20,5.32,6.017985002978874
20,5.41,6.083830386850435
20,5.5,6.148948649852846
20,5.59,6.213268418586393
20,5.68,6.2769502160374175
20,5.77,6.340155724231943
20,5.86,6.403124195455018
20,5.95,6.46579301836072
20,6.04,6.527412724896952
20,6.13,6.588115465136451
20,6.22,6.647577482256202
20,6.31,6.705998246291395
20,6.4,6.764236323899393
20,6.49,6.822006529904547
20,6.58,6.879314435856903
20,6.67,6.936244068133958
20,6.76,6.9927644288286235
20,6.85,7.0487985127264166
20,6.94,7.104374647584021
20,7.03,7.159503793529217
20,7.12,7.2141271129667475
20,7.21,7.268069144945627
20,7.3,7.321612791417539
20,7.39,7.374579917729708
20,7.48,7.426967330813402
20,7.57,7.47895175900457
20,7.66,7.530193422794229
20,7.75,7.581180245209983
20,7.84,7.631767452373041
20,7.93,7.681972398898081
20,8.02,7.731812919530425
20,8.11,7.781150211723656
20,8.2,7.830280873299189
20,8.29,7.878813520770173
20,8.38,7.926957140946063
20,8.47,7.974869634097954
20,8.56,8.022527295361469
20,8.65,8.06992898897143
20,8.74,8.11683432322514
20,8.83,8.16337110847308
20,8.92,8.20966921586625
20,9.01,8.255755348859969
20,9.1,8.30129079382687
20,9.19,8.3464749468485
20,9.28,8.391560261273717
20,9.37,8.436180216881226
20,9.46,8.480470188293054
20,9.55,8.524349579856299
20,9.64,8.567897523980818
20,9.73,8.611251434199204
20,9.82,8.654278045355275
20,9.91,8.697263754489647
20,10.0,8.739875822435767
21,1.0,0.9167215178042265
21,1.09,1.1271414129161612
21,1.18,1.3261251888318553
21,1.27,1.5143772462253695
21,1.36,1.6929736308325951
21,1.45,1.8631293739337502
21,1.54,2.026650923412032
21,1.63,2.183762893142792
21,1.72,2.3349560196971444
21,1.81,2.4795838856675414
21,1.9,2.6197004933941286
21,1.99,2.7554578695502747
21,2.08,2.8872433010383443
21,2.17,3.0147252294669267
21,2.26,3.1382085891451688
21,2.35,3.2588513202670075
21,2.44,3.376488906725397
21,2.53,3.491094149480377
21,2.62,3.6027265714991334
21,2.71,3.711406890939624
21,2.8,3.8178724388770093
21,2.89,3.9216468905434034
21,2.98,4.023057661733672
21,3.07,4.122389171368542
21,3.16,4.21982905365675
21,3.25,4.315217173220974
21,3.34,4.40868106766875
21,3.43,4.501058528082182
21,3.52,4.591178375862546
21,3.61,4.680029356897135
21,3.7,4.76727425469311
21,3.79,4.852621744022083
21,3.88,4.93665369364042
21,3.97,5.019276534482724
21,4.06,5.100743427133996
21,4.15,5.180998817307804
21,4.24,5.259913123352287
21,4.33,5.338152630176041
21,4.42,5.415030511943219
21,4.51,5.49068355150935
21,4.6,5.5650410120271765
21,4.69,5.638502394723904
21,4.78,5.710737017426508
21,4.87,5.782350418827511
21,4.96,5.852981041992971
21,5.05,5.922780960073741
21,5.14,5.992153123344837
21,5.23,6.060363518829632
21,5.32,6.127557945589591
21,5.41,6.19368119158635
21,5.5,6.259006539755935
21,5.59,6.323468663770223
21,5.68,6.3872247004851825
21,5.77,6.450432752101254
21,5.86,6.51340122332433
21,5.95,6.57607004623003
21,6.04,6.63837347932435
21,6.13,6.699594246086385
21,6.22,6.759861324359708
21,6.31,6.818865928050262
21,6.4,6.877115617666813
21,6.49,6.934885823671967
21,6.58,6.9924185855253995
21,6.67,7.049441711817646
21,6.76,7.10596207251231
21,6.85,7.162061792561972
21,6.94,7.217712515174787
21,7.03,7.272841661119984
21,7.12,7.327477718211628
21,7.21,7.381632451372201
21,7.3,7.435462923582761
21,7.39,7.488973257803287
21,7.48,7.541783352926603
21,7.57,7.594165799177113
21,7.66,7.645950555197653
21,7.75,7.697135488801513
21,7.84,7.747891159194133
21,7.93,7.79839759507315
21,8.02,7.848320750645906
21,8.11,7.897961334488996
21,8.2,7.94718110342476
21,8.29,7.99599743279548
21,8.38,8.044428135094982
21,8.47,8.092340628246873
21,8.56,8.140020292708817
21,8.65,8.18762199960762
21,8.74,8.234639923143995
21,8.83,8.281253244850399
21,8.92,8.327614088937478
21,9.01,8.373700221931198
21,9.1,8.419511060593065
21,9.19,8.464816320507886
21,9.28,8.509961007084454
21,9.37,8.554846096419558
21,9.46,8.599475586093346
21,9.55,8.643875527017162
21,9.64,8.687721157590563
21,9.73,8.731204289861749
21,9.82,8.774567659604108
21,9.91,8.817553368738478
21,10.0,8.860419958989137
22,1.0,1.009068546175474
22,1.09,1.2195703612913684
22,1.18,1.4187087302356995
22,1.27,1.607554171398982
22,1.36,1.7872345665749416
22,1.45,1.9576442508353133
22,1.54,2.121165800313596
22,1.63,2.2782777700443555
22,1.72,2.4296248688918625
22,1.81,2.575115348380668
22,1.9,2.715231956107255
22,1.99,2.8512471601333322
22,2.08,2.98314031885186
22,2.17,3.111003397005386
22,2.26,3.234995781512666
22,2.35,3.3559545788736584
22,2.44,3.4738450150171167
22,2.53,3.5889243366804373
22,2.62,3.700787166465908
22,2.71,3.8097941095119263
22,2.8,3.916259657449311
22,2.89,4.020401196331673
22,2.98,4.122098602194672
22,3.07,4.221504722900583
22,3.16,4.319451443465606
22,3.25,4.4148395630298305
22,3.34,4.508641217273451
22,3.43,4.601018677686882
22,3.52,4.6919729241541175
22,3.61,4.780824502073948
22,3.7,4.868146490454168
22,3.79,4.9538624561205
22,3.88,5.038227840378676
22,3.97,5.121200825690545
22,4.06,5.202667718341817
22,4.15,5.283278119965596
22,4.24,5.3623819746029255
22,4.33,5.440743758070846
22,4.42,5.517951211824013
22,4.51,5.593753772309538
22,4.6,5.668541430774393
22,4.69,5.742002813471121
22,4.78,5.814724959939285
22,4.87,5.886366166497624
22,4.96,5.957077507708203
22,5.05,6.027250616050476
22,5.14,6.096622779321572
22,5.23,6.165226421175886
22,5.32,6.232747970495879
22,5.41,6.299137964132828
22,5.5,6.3646621140629005
22,5.59,6.4292608991466995
22,5.68,6.493088205555037
22,5.77,6.556298698855793
22,5.86,6.619267170078868
22,5.95,6.681935992984569
22,6.04,6.744239426078887
22,6.13,6.806116570336687
22,6.22,6.866880954071645
22,6.31,6.926658416469628
22,6.4,6.985154455330162
22,6.49,7.043238798160479
22,6.58,7.100782707542122
22,6.67,7.157805833834368
22,6.76,7.214542056194067
22,6.85,7.270731530498312
22,6.94,7.3263822531111265
22,7.03,7.381574409762117
22,7.12,7.436282071098763
22,7.21,7.490436804259337
22,7.3,7.544267276469897
22,7.39,7.597789838838373
22,7.48,7.650804127096115
22,7.57,7.703461926055726
22,7.66,7.755768161668289
22,7.75,7.807358870030186
22,7.84,7.8584966377597745
22,7.93,7.909019093504101
22,8.02,7.9594475977531935
22,8.11,8.009278368336865
22,8.2,8.058659861973007
22,8.29,8.107765621123548
22,8.38,8.156275652965844
22,8.47,8.2044793061016
22,8.56,8.252244513629366
22,8.65,8.299846220528169
22,8.74,8.34713647868829
22,8.83,8.394025399233362
22,8.92,8.440386243320441
22,9.01,8.486493499384652
22,9.1,8.532496350803806
22,9.19,8.577909696429987
22,9.28,8.623054383006554
22,9.37,8.668012947341786
22,9.46,8.712702664241725
22,9.55,8.757102605165542
22,9.64,8.801212613686108
22,9.73,8.84481200857476
22,9.82,8.888232375582415
22,9.91,8.931379021470548
22,10.0,8.974339203345936
23,1.0,1.0995590444881267
23,1.09,1.310304643116869
23,1.18,1.509443012061201
23,1.27,1.698288453224483
23,1.36,1.8781166618018708
23,1.45,2.049354455039915
23,1.54,2.212876004518197
23,1.63,2.370235489004091
23,1.72,2.5216860059928377
23,1.81,2.6675423892175893
23,1.9,2.8081476607800524
23,1.99,2.944466288395717
23,2.08,3.0766021828119112
23,2.17,3.204920376717444
23,2.26,3.32913395268077
23,2.35,3.450092750041762
23,2.44,3.568296744846527
23,2.53,3.683376066509847
23,2.62,3.795591300022647
23,2.71,3.9048734123544864
23,2.8,4.0114105869200705
23,2.89,4.116038690548175
23,2.98,4.2177360964111745
23,3.07,4.317466466521096
23,3.16,4.415413187086118
23,3.25,4.511602329389739
23,3.34,4.60540455664319
23,3.43,4.697782017056622
23,3.52,4.788810270484734
23,3.61,4.878015585688427
23,3.7,4.9656576713228935
23,3.79,5.051709775680008
23,3.88,5.136075159938184
23,3.97,5.219388956242025
23,4.06,5.301037815542431
23,4.15,5.3817656027446095
23,4.24,5.461185846488488
23,4.33,5.539547629956409
23,4.42,5.616898623792192
23,4.51,5.693114174306865
23,4.6,5.767901832771721
23,4.69,5.841831238283387
23,4.78,5.914580077702594
23,4.87,5.986298773584247
23,4.96,6.0573683774458695
23,5.05,6.127541485788142
23,5.14,6.196913649059238
23,5.23,6.265894807428289
23,5.32,6.333730394405915
23,5.41,6.4003764657774465
23,5.5,6.466091465397588
23,5.59,6.530821445108117
23,5.68,6.594717170422097
23,5.77,6.65793000774015
23,5.86,6.720898478963226
23,5.95,6.783567301868926
23,6.04,6.8458707349632455
23,6.13,6.907747879221043
23,6.22,6.969142385351934
23,6.31,7.029397260993088
23,6.4,7.088635244212753
23,6.49,7.14671958704307
23,6.58,7.204499991698937
23,6.67,7.26182468934334
23,6.76,7.31857161333012
23,6.85,7.374761087634365
23,6.94,7.430619037445613
23,7.03,7.4858973581810035
23,7.12,7.540605019517649
23,7.21,7.594820242955785
23,7.3,7.648650715166345
23,7.39,7.702242017610022
23,7.48,7.755256305867766
23,7.57,7.807914104827377
23,7.66,7.860232079461971
23,7.75,7.912018813232918
23,7.84,7.963420919563243
23,7.93,8.014443995715911
23,8.02,8.064872499965004
23,8.11,8.115092814316391
23,8.2,8.164841121396023
23,8.29,8.21396225961726
23,8.38,8.26295742618884
23,8.47,8.311343658595554
23,8.56,8.359264121835682
23,8.65,8.406886042304432
23,8.74,8.454433939483234
23,8.83,8.501399016389389
23,8.92,8.548039374060979
23,9.01,8.594228751468378
23,9.1,8.640231602887534
23,9.19,8.68590638975251
23,9.28,8.731167295477672
23,9.37,8.776274215549432
23,9.46,8.82096393244937
23,9.55,8.865384151520859
23,9.64,8.90967849228842
23,9.73,8.953381649459978
23,9.82,8.996802016467631
23,9.91,9.040019198355886
23,10.0,9.082979380231274
24,1.0,1.1868058559059786
24,1.09,1.3983464391532872
24,1.18,1.5974848080976183
24,1.27,1.7865678634258293
24,1.36,1.966495353418807
24,1.45,2.1380844142433597
24,1.54,2.3020750810040824
24,1.63,2.45972585213598
24,1.72,2.6114093953944866
24,1.81,2.7577026897411647
24,1.9,2.898520305101432
24,1.99,3.0348389327170966
24,2.08,3.1672758434481447
24,2.17,3.2955940373536774
24,2.26,3.4201459208952394
24,2.35,3.5411047182562316
24,2.44,3.6595728755753845
24,2.53,3.774720958801776
24,2.62,3.887403294470489
24,2.71,3.9966854068023285
24,2.8,4.103533860795763
24,2.89,4.208161964423867
24,2.98,4.310628352116687
24,3.07,4.410359272316046
24,3.16,4.508305992881069
24,3.25,4.604566181867131
24,3.34,4.6987079969130905
24,3.43,4.791085457326522
24,3.52,4.882421004118711
24,3.61,4.971949012465555
24,3.7,5.059591098100022
24,3.79,5.145970381009428
24,3.88,5.230510453250774
24,3.97,5.313936939709878
24,4.06,5.39588953255257
24,4.15,5.476617319754749
24,4.24,5.55617536197794
24,4.33,5.634537145445861
24,4.42,5.712284609709627
24,4.51,5.7885001602243005
24,4.6,5.863737120591496
24,4.69,5.9376921513361625
24,4.78,6.010515380505751
24,4.87,6.082578008532407
24,4.96,6.153647612394028
24,5.05,6.223820720736302
24,5.14,6.293495412709773
24,5.23,6.362536458230596
24,5.32,6.43067352135955
24,5.41,6.497565427356281
24,5.5,6.563463642678888
24,5.59,6.628319569231078
24,5.68,6.692280976694475
24,5.77,6.755496064269133
24,5.86,6.818464535492208
24,5.95,6.88113335839791
24,6.04,6.9434367914922275
24,6.13,7.005313935750027
24,6.22,7.066708441880916
24,6.31,7.127568235022165
24,6.4,7.187264534955275
24,6.49,7.245917019608754
24,6.58,7.303841549026226
24,6.67,7.361166246670628
24,6.76,7.418140206120663
24,6.85,7.474619188922977
24,6.94,7.530487412296225
24,7.03,7.585765733031614
24,7.12,7.640672332478756
24,7.21,7.6949702734379155
24,7.3,7.7488007456484755
24,7.39,7.802392048092153
24,7.48,7.855464407016355
24,7.57,7.908122205975967
24,7.66,7.960506171082755
24,7.75,8.012292904853703
24,7.84,8.063695011184027
24,7.93,8.114729356797847
24,8.02,8.165213019933892
24,8.11,8.215566359791014
24,8.2,8.265568431927353
24,8.29,8.315170165740598
24,8.38,8.364165332312178
24,8.47,8.412925526735899
24,8.56,8.461198130881778
24,8.65,8.508834815258396
24,8.74,8.556382712437198
24,8.83,8.603813518683465
24,8.92,8.650629152455174
24,9.01,8.696967575346443
24,9.1,8.742989831792746
24,9.19,8.788911952115656
24,9.28,8.834245967947457
24,9.37,8.879352888019216
24,9.46,8.924310937960286
24,9.55,8.968809993521235
24,9.64,9.013104334288798
24,9.73,9.0570584750496
24,9.82,9.100590412439903
24,9.91,9.143950015835225
24,10.0,9.186910197710613
25,1.0,1.2716493998582374
25,1.09,1.4835271999885937
25,1.18,1.683115921524068
25,1.27,1.8724786120324426
25,1.36,2.0526298072443896
25,1.45,2.2246383027459915
25,1.54,2.388832819552607
25,1.63,2.5464835906845047
25,1.72,2.698456109605271
25,1.81,2.844749403951949
25,1.9,2.9858917945873227
25,1.99,3.122210422202987
25,2.08,3.254900928947848
25,2.17,3.383285133953929
25,2.26,3.5082854355651674
25,2.35,3.6292442329261596
25,2.44,3.747712390245313
25,2.53,3.863159301722441
25,2.62,3.975841637391153
25,2.71,4.085861972279622
25,2.8,4.1927109543589145
25,2.89,4.297339057987019
25,2.98,4.399873650494984
25,3.07,4.49993057497515
25,3.16,4.597877295540173
25,3.25,4.694432486155749
25,3.34,4.788884086619134
25,3.43,4.881261547032565
25,3.52,4.972597093824753
25,3.61,5.062439193581798
25,3.7,5.150248979680107
25,3.79,5.236736445138567
25,3.88,5.321568101580508
25,3.97,5.404994588039612
25,4.06,5.487079467422444
25,4.15,5.567807254624623
25,4.24,5.647745908458678
25,4.33,5.7261076919265985
25,4.42,5.803855156190365
25,4.51,5.880502036531285
25,4.6,5.955763597122161
25,4.69,6.0297900420271935
25,4.78,6.102943446055985
25,4.87,6.175006074082639
25,4.96,6.246075677944262
25,5.05,6.316539213840815
25,5.14,6.386271397479988
25,5.23,6.455312443000811
25,5.32,6.523738923235039
25,5.41,6.5908668304719615
25,5.5,6.656940932868936
25,5.59,6.72191776838912
25,5.68,6.785942230715958
25,5.77,6.849159478536957
25,5.86,6.912127949760032
25,5.95,6.974796772665733
25,6.04,7.037100205760052
25,6.13,7.09897735001785
25,6.22,7.160371856148741
25,6.31,7.2212316492899875
25,6.4,7.2815086700231895
25,6.49,7.340601138721574
25,6.58,7.398625717110771
25,6.67,7.456395781933685
25,6.76,7.5135081011548595
25,6.85,7.569987083957175
25,6.94,7.626073261375145
25,7.03,7.6816295102686825
25,7.12,7.736545972335343
25,7.21,7.790843913294502
25,7.3,7.84473398294986
25,7.39,7.898456668534815
25,7.48,7.9516084362792006
25,7.57,8.004266235238813
25,7.66,8.056650200345599
25,7.75,8.10849268195635
25,7.84,8.159894788286673
25,7.93,8.210992484753799
25,8.02,8.261476147889846
25,8.11,8.311829487746968
25,8.2,8.361831559883306
25,8.29,8.411444112379256
25,8.38,8.460492231482311
25,8.47,8.509380130391538
25,8.56,8.557896348991854
25,8.65,8.605994405136801
25,8.74,8.653542302315602
25,8.83,8.700973108561868
25,8.92,8.748147745869906
25,9.01,8.794824224030695
25,9.1,8.840860653828551
25,9.19,8.886782774151461
25,9.28,8.932563890149769
25,9.37,8.977726305959681
25,9.46,9.022797125218712
25,9.55,9.067439264444177
25,9.64,9.111752234037803
25,9.73,9.155943814918219
25,9.82,9.199545938010896
25,9.91,9.242905541406218
25,10.0,9.286098080950556
26,1.0,1.3543384755307966
26,1.09,1.56661893295112
26,1.18,1.7664033505306516
26,1.27,1.955766041039026
26,1.36,2.1361946528867426
26,1.45,2.308203148388345
26,1.54,2.472709449459062
26,1.63,2.6303602205909598
26,1.72,2.7825761916849863
26,1.81,2.9289328566881907
26,1.9,3.0705057286704536
26,1.99,3.206824356286118
26,2.08,3.3395148630309794
26,2.17,3.4681859431577675
26,2.26,3.5931862447690053
26,2.35,3.7147033310284567
26,2.44,3.8333218931035145
26,2.53,3.9487693115430664
26,2.62,4.061451647211779
26,2.71,4.171537458722786
26,2.8,4.278699404911655
26,2.89,4.383327508539759
26,2.98,4.486145302612057
26,3.07,4.586499621092952
26,3.16,4.684446341657974
26,3.25,4.7810015322735495
26,3.34,4.875754660490727
26,3.43,4.968209407657964
26,3.52,5.059628660141636
26,3.61,5.149574615145772
26,3.7,5.237664322076652
26,3.79,5.324151787535111
26,3.88,5.409110439055587
26,3.97,5.492536925514691
26,4.06,5.574987192043952
26,4.15,5.655714979246131
26,4.24,5.735653633080186
26,4.33,5.814345023216044
26,4.42,5.892176957445069
26,4.51,5.968847454000722
26,4.6,6.044177572185551
26,4.69,6.118520984955418
26,4.78,6.191674388984207
26,4.87,6.263737017010864
26,4.96,6.335085431324595
26,5.05,6.405604159220221
26,5.14,6.475336342859395
26,5.23,6.544377388380218
26,5.32,6.613081709035509
26,5.41,6.680436177463015
26,5.5,6.746679131451382
26,5.59,6.81177203958084
26,5.68,6.8758570345765815
26,5.77,6.939076356234067
26,5.86,7.0020448274571425
26,5.95,7.064713650362844
26,6.04,7.127017083457162
26,6.13,7.188894227714962
26,6.22,7.250288733845851
26,6.31,7.3111485269870995
26,6.4,7.371425547720299
26,6.49,7.4310755083867726
26,6.58,7.489522471459078
26,6.67,7.547292536281992
26,6.76,7.604500902516023
26,6.85,7.661407437809709
26,6.94,7.717626440607973
26,7.03,7.773182689501512
26,7.12,7.8283083874511075
26,7.21,7.882873139442087
26,7.3,7.936772677212184
26,7.39,7.990495362797139
26,7.48,8.043647130541524
26,7.57,8.096362143048141
26,7.66,8.148872235970556
26,7.75,8.200790950048681
26,7.84,8.252193056379005
26,7.93,8.303290752846129
26,8.02,8.353827933908386
26,8.11,8.404181273765507
26,8.2,8.454183345901846
26,8.29,8.503856715216969
26,8.38,8.552904834320026
26,8.47,8.601792733229253
26,8.56,8.650308951829569
26,8.65,8.698417393909912
26,8.74,8.745965291088714
26,8.83,8.793446931765196
26,8.92,8.84074416537932
26,9.01,8.887654513416368
26,9.1,8.93413386011182
26,9.19,8.980055980434729
26,9.28,9.025837096433037
26,9.37,9.071344155637824
26,9.46,9.116414974896855
26,9.55,9.16138164718106
26,9.64,9.205708223192175
26,9.73,9.249899804072593
26,9.82,9.293931143325118
26,9.91,9.337344022629065
26,10.0,9.380644820718645
27,1.0,1.4345607273474554
27,1.09,1.6468411847677795
27,1.18,1.8469249152408485
27,1.27,2.036287605749223
27,1.36,2.2169499316832693
27,1.45,2.389019263015137
27,1.54,2.5539388261788676
27,1.63,2.7115895973107653
27,1.72,2.8638055684047923
27,1.81,3.010437633523875
27,1.9,3.152010505506138
27,1.99,3.2888650904643235
27,2.08,3.421699985774853
27,2.17,3.550371552585568
27,2.26,3.6753718541968063
27,2.35,3.7969517980138945
27,2.44,3.915570360088952
27,2.53,4.031318224073697
27,2.62,4.14400055974241
27,2.71,4.254358244755176
27,2.8,4.361805689184744
27,2.89,4.466433792812848
27,2.98,4.569251586885145
27,3.07,4.669895372009681
27,3.16,4.767916287858357
27,3.25,4.864551835937757
27,3.34,4.9594046651921415
27,3.43,5.052128136358647
27,3.52,5.143547388842318
27,3.61,5.233493343846455
27,3.7,5.321704966052728
27,3.79,5.408192431511187
27,3.88,5.493501854692234
27,3.97,5.576928341151339
27,4.06,5.6593786076806
27,4.15,5.740422817283998
27,4.24,5.820442562284701
27,4.33,5.899156623986704
27,4.42,5.976988558215729
27,4.51,6.0537248700615764
27,4.6,6.129359277396646
27,4.69,6.203702690166512
27,4.78,6.276856094195303
27,4.87,6.349186380255984
27,4.96,6.420587778888825
27,5.05,6.491106506784452
27,5.14,6.560838690423624
27,5.23,6.63012885817618
27,5.32,6.69885078340396
27,5.41,6.766422750574427
27,5.5,6.832827802090529
27,5.59,6.898032139924892
27,5.68,6.96217524628278
27,5.77,7.025396558823293
27,5.86,7.0883650300463685
27,5.95,7.15103385295207
27,6.04,7.2133372860463885
27,6.13,7.275214430304186
27,6.22,7.336608936435079
27,6.31,7.3974687295763255
27,6.4,7.457745750309526
27,6.49,7.517395710975998
27,6.58,7.576377866337668
27,6.67,7.634147931160582
27,6.76,7.691761786690398
27,6.85,7.748668321984084
27,6.94,7.80497952991469
27,7.03,7.860946229199945
27,7.12,7.916199439514622
27,7.21,7.970764191505604
27,7.3,8.024864595723317
27,7.39,8.078587281308273
27,7.48,8.131995187643206
27,7.57,8.184719289539972
27,7.66,8.237229382462386
27,7.75,8.289148096540512
27,7.84,8.34060512787596
27,7.93,8.391823907046088
27,8.02,8.442434271277024
27,8.11,8.492787611134146
27,8.2,8.542789683270485
27,8.29,8.592463052585607
27,8.38,8.641562548897825
27,8.47,8.690450447807052
27,8.56,8.738966666407368
27,8.65,8.787133492634117
27,8.74,8.83468138981292
27,8.83,8.882163030489403
27,8.92,8.929460264103525
27,9.01,8.976370612140574
27,9.1,9.022859929334006
27,9.19,9.068782049656917
27,9.28,9.114611966708232
27,9.37,9.160236718366862
27,9.46,9.20546237389398
27,9.55,9.250498724991306
27,9.64,9.295250501224112
27,9.73,9.33944208210453
27,9.82,9.383473421357055
27,9.91,9.427217158320083
27,10.0,9.470517956409662
28,1.0,1.512085794992121
28,1.09,1.7244246548095
28,1.18,1.9249051168918618
28,1.27,2.1142678074002363
28,1.36,2.294930133334283
28,1.45,2.467263848777394
28,1.54,2.6321834119411247
28,1.63,2.7903487021218427
28,1.72,2.942703286238911
28,1.81,3.089335818574564
28,1.9,3.230908690556827
28,1.99,3.3678236187703434
28,2.08,3.500658514080873
28,2.17,3.6296185086149735
28,2.26,3.7546188102262117
28,2.35,3.876459752604989
28,2.44,3.995078314680047
28,2.53,4.111100256975863
28,2.62,4.223782592644575
28,2.71,4.334140277657341
28,2.8,4.441865610064805
28,2.89,4.546564941165216
28,2.98,4.649459878402784
28,3.07,4.75019937652304
28,3.16,4.8484782674110125
28,3.25,4.945113815490412
28,3.34,5.039966644744797
28,3.43,5.13280715457568
28,3.52,5.224226407059351
28,3.61,5.314172362063488
28,3.7,5.402720725063909
28,3.79,5.489208190522369
28,3.88,5.574517613703416
28,3.97,5.658247865667692
28,4.06,5.740775979716935
28,4.15,5.821841954023832
28,4.24,5.901861699024535
28,4.33,5.980638943405125
28,4.42,6.05847087763415
28,4.51,6.135499307064228
28,4.6,6.211133714399296
28,4.69,6.285477127169163
28,4.78,6.3588874829106175
28,4.87,6.431268633917644
28,4.96,6.502670032550486
28,5.05,6.573188760446112
28,5.14,6.643160101427749
28,5.23,6.7124671695698925
28,5.32,6.781189094797672
28,5.41,6.848969860761382
28,5.5,6.915530525904112
28,5.59,6.980841836255181
28,5.68,7.045040729520731
28,5.77,7.10826395330895
28,5.86,7.171232424532025
28,5.95,7.233901247437727
28,6.04,7.296204680532045
28,6.13,7.358081824789845
28,6.22,7.419476330920734
28,6.31,7.480336124061984
28,6.4,7.5406131447951825
28,6.49,7.600263105461655
28,6.58,7.659245260823324
28,6.67,7.717522192181782
28,6.76,7.775142965773845
28,6.85,7.83204950106753
28,6.94,7.888749978722091
28,7.03,7.944716678007345
28,7.12,8.000058405249069
28,7.21,8.0550171896161
28,7.3,8.10924000570429
28,7.39,8.162962691289247
28,7.48,8.21637059762418
28,7.57,8.26928753131066
28,7.66,8.321797624233076
28,7.75,8.373962231358126
28,7.84,8.425427988508117
28,7.93,8.476646767678245
28,8.02,8.527257131909183
28,8.11,8.577610471766304
28,8.2,8.627665271907562
28,8.29,8.677454880617567
28,8.38,8.726624632771717
28,8.47,8.775512531680944
28,8.56,8.824028750281261
28,8.65,8.872195576508009
28,8.74,8.91977825255655
28,8.83,8.96727443648409
28,8.92,9.014571670098213
28,9.01,9.061482018135262
28,9.1,9.108027384109244
28,9.19,9.153949504432154
28,9.28,9.19977942148347
28,9.37,9.245404173142099
28,9.46,9.290629828669218
28,9.55,9.335666179766543
28,9.64,9.380427527677412
28,9.73,9.42461910855783
28,9.82,9.468697296821242
28,9.91,9.512554018539959
28,10.0,9.556003459446902
29,1.0,1.5869467885770945
29,1.09,1.7995394571412664
29,1.18,2.0000199192236288
29,1.27,2.1898765480188707
29,1.36,2.3706719424550373
29,1.45,2.5430061064260547
29,1.54,2.707925669589786
29,1.63,2.8661488892956215
29,1.72,3.01850347341269
29,1.81,3.165412896362793
29,1.9,3.306985768345056
29,1.99,3.4441512551777946
29,2.08,3.5769861504883242
29,2.17,3.706209260201053
29,2.26,3.8312095618122903
29,2.35,3.9530505041910673
29,2.44,4.071669066266125
29,2.53,4.187957781020721
29,2.62,4.300708495062849
29,2.71,4.411140237514274
29,2.8,4.518957454397629
29,2.89,4.623904441535765
29,2.98,4.726799378773333
29,3.07,4.8275388768935885
29,3.16,4.925930124899364
29,3.25,5.022565672978764
29,3.34,5.117418502233149
29,3.43,5.2105822832264135
29,3.52,5.302001535710085
29,3.61,5.391947490714222
29,3.7,5.480495853714644
29,3.79,5.5672749340580685
29,3.88,5.652659090858298
29,3.97,5.736410236937932
29,4.06,5.818938350987176
29,4.15,5.900064980665516
29,4.24,5.980084725666219
29,4.33,6.0591424029276695
29,4.42,6.136974337156695
29,4.51,6.2140027665867725
29,4.6,6.289637173921842
29,4.69,6.364227260335865
29,4.78,6.437686446425811
29,4.87,6.510067597432839
29,4.96,6.58146899606568
29,5.05,6.652217315010072
29,5.14,6.722204880365712
29,5.23,6.791511948507857
29,5.32,6.860233873735637
29,5.41,6.928215086540859
29,5.5,6.994925140765151
29,5.59,7.06033914473226
29,5.68,7.124591593429163
29,5.77,7.187816652015181
29,5.86,7.2507851232382565
29,5.95,7.313453946143957
29,6.04,7.3757573792382765
29,6.13,7.437634523496075
29,6.22,7.499029029626966
29,6.31,7.559888822768213
29,6.4,7.6201658435014155
29,6.49,7.679815804167886
29,6.58,7.738797959529555
29,6.67,7.797074890888012
29,6.76,7.854695664480074
29,6.85,7.912088791647883
29,6.94,7.968795910642199
29,7.03,8.024762609927453
29,7.12,8.080478036104175
29,7.21,8.135436820471204
29,7.3,8.18974461280936
29,7.39,8.243634911661545
29,7.48,8.297253475810258
29,7.57,8.350287924892394
29,7.66,8.40279801781481
29,7.75,8.454962624939862
29,7.84,8.506613500607978
29,7.93,8.557832279778108
29,8.02,8.608678701334092
29,8.11,8.659032041191214
29,8.2,8.709095218114431
29,8.29,8.758884826824438
29,8.38,8.80805457897859
29,8.47,8.856942477887817
29,8.56,8.905509315372857
29,8.65,8.953787731418691
29,8.74,9.001437853075487
29,8.83,9.048934037003026
29,8.92,9.09623127061715
29,9.01,9.1431416186542
29,9.1,9.18968698462818
29,9.19,9.23564249266604
29,9.28,9.281486371238369
29,9.37,9.327111122897
29,9.46,9.372336778424117
29,9.55,9.417373129521444
29,9.64,9.46218828426164
29,9.73,9.506379865142057
29,9.82,9.55045805340547
29,9.91,9.594314775124186
29,10.0,9.63776421603113
30,1.0,1.6596589253330185
30,1.09,1.8722520244839806
30,1.18,2.072732486566344
30,1.27,2.2626447277056982
30,1.36,2.443440122141865
30,1.45,2.6160401011027554
30,1.54,2.780959664266486
30,1.63,2.939423420246775
30,1.72,3.091778004363843
30,1.81,3.2389400178854295
30,1.9,3.3805128898676915
30,1.99,3.5176783767004296
30,2.08,3.650513272010959
30,2.17,3.7799924832841163
30,2.26,3.9050584281338327
30,2.35,4.026970465653722
30,2.44,4.14558902772878
30,2.53,4.261965951580232
30,2.62,4.374954415418575
30,2.71,4.485386157870002
30,2.8,4.593203374753355
30,2.89,4.698258224724582
30,2.98,4.8011531619621515
30,3.07,4.901892660082407
30,3.16,5.000594248404068
30,3.25,5.097229796483468
30,3.34,5.192082625737854
30,3.43,5.28524640673112
30,3.52,5.376665659214791
30,3.61,5.466891564508494
30,3.7,5.55551167178333
30,3.79,5.642310810477499
30,3.88,5.727694967277729
30,3.97,5.811504342513948
30,4.06,5.894032456563193
30,4.15,5.97542830180716
30,4.24,6.055448046807863
30,4.33,6.134505724069313
30,4.42,6.212337658298338
30,4.51,6.289366087728416
30,4.6,6.3652373017618755
30,4.69,6.4398742653104515
30,4.78,6.513333451400399
30,4.87,6.585714602407425
30,4.96,6.657336408447081
30,5.05,6.728100302790517
30,5.14,6.798087868146158
30,5.23,6.867394936288303
30,5.32,6.936116861516083
30,5.41,7.004290503289156
30,5.5,7.0711439710317485
30,5.59,7.136656560870255
30,5.68,7.200960422781258
30,5.77,7.264187242773163
30,5.86,7.327155713996238
30,5.95,7.389824536901939
30,6.04,7.4521279699962575
30,6.13,7.514005114254057
30,6.22,7.575399620384947
30,6.31,7.636259413526195
30,6.4,7.696536434259395
30,6.49,7.756186394925869
30,6.58,7.815168550287536
30,6.67,7.873445481645994
30,6.76,7.931066255238056
30,6.85,7.988459382405863
30,6.94,8.04516650140018
30,7.03,8.101600328884592
30,7.12,8.157322130747477
30,7.21,8.212280915114508
30,7.3,8.266947458430261
30,7.39,8.320837757282444
30,7.48,8.374456321431158
30,7.57,8.42757234771326
30,7.66,8.480243349372216
30,7.75,8.532610187998495
30,7.84,8.584373878446442
30,7.93,8.635592657616572
30,8.02,8.686439079172558
30,8.11,8.73679241902968
30,8.2,8.787033309730298
30,8.29,8.836822918440305
30,8.38,8.886219285626503
30,8.47,8.93510718453573
30,8.56,8.98368206373145
30,8.65,9.031960479777288
30,8.74,9.079610601434085
30,8.83,9.127106785361624
30,8.92,9.174404018975746
30,9.01,9.22136296114213
30,9.1,9.268015453342434
30,9.19,9.31403570916422
30,9.28,9.359879587736549
30,9.37,9.40550433939518
30,9.46,9.450729994922298
30,9.55,9.495766346019623
30,9.64,9.540581500759819
30,9.73,9.584805133846587
30,9.82,9.628896725170174
30,9.91,9.67275344688889
30,10.0,9.716202887795834
31,1.0,1.7295163778323728
31,1.09,1.9423646593736135
31,1.18,2.1428451214559754
31,1.27,2.3329882774188055
31,1.36,2.513783671854972
31,1.45,2.6866261377644864
31,1.54,2.851545700928216
31,1.63,3.0100094569085045
31,1.72,3.162364041025573
31,1.81,3.30977191204517
31,1.9,3.4514078015363725
31,1.99,3.5886415397045783
31,2.08,3.7214764350151084
31,2.17,3.851040327021247
31,2.26,3.97633451167533
31,2.35,4.098246549195221
31,2.44,4.2168651112702795
31,2.53,4.33324203512173
31,2.62,4.44633404727984
31,2.71,4.5567657897312674
31,2.8,4.664583006614621
31,2.89,4.769935783289099
31,2.98,4.872830720526666
31,3.07,4.973570218646923
31,3.16,5.072271806968587
31,3.25,5.1689073550479865
31,3.34,5.264028936580354
31,3.43,5.357261592077058
31,3.52,5.448680844560729
31,3.61,5.538926005871146
31,3.7,5.627546113145984
31,3.79,5.714401151830474
31,3.88,5.799785308630705
31,3.97,5.883853130809926
31,4.06,5.96638124485917
31,4.15,6.0477770901031365
31,4.24,6.12779683510384
31,4.33,6.20685451236529
31,4.42,6.284686446594315
31,4.51,6.361942210454848
31,4.6,6.4378584265374785
31,4.69,6.512495390086055
31,4.78,6.585954576176002
31,4.87,6.658547318293571
31,4.96,6.730184076716308
31,5.05,6.8009479710597445
31,5.14,6.870935536415386
31,5.23,6.940242604557531
31,5.32,7.0089645297853105
31,5.41,7.077322903367522
31,5.5,7.144314048087683
31,5.59,7.20992128036273
31,5.68,7.27427449895927
31,5.77,7.337503009900825
31,5.86,7.4004714811239
31,5.95,7.463140304029602
31,6.04,7.52544373712392
31,6.13,7.587320881381719
31,6.22,7.64871538751261
31,6.31,7.709575180653857
31,6.4,7.769852201387058
31,6.49,7.8295021620535294
31,6.58,7.888484317415201
31,6.67,7.946761248773655
31,6.76,8.004382022365718
31,6.85,8.061775149533526
31,6.94,8.118482268527842
31,7.03,8.174916096012254
31,7.12,8.23063789787514
31,7.21,8.286045125313361
31,7.3,8.340717789287831
31,7.39,8.394608088140016
31,7.48,8.44822665228873
31,7.57,8.501687079509326
31,7.66,8.55435808116828
31,7.75,8.60672491979456
31,7.84,8.658566924354474
31,7.93,8.709940175911683
31,8.02,8.760980739708845
31,8.11,8.811402399227898
31,8.2,8.861683272455224
31,8.29,8.911472881165231
31,8.38,8.96086924835143
31,8.47,9.009757147260657
31,8.56,9.058502631682682
31,8.65,9.10678104772852
31,8.74,9.154648719816082
31,8.83,9.202144903743621
31,8.92,9.249442137357743
31,9.01,9.29640879956638
31,9.1,9.343061291766688
31,9.19,9.389081547588473
31,9.28,9.434925426160802
31,9.37,9.480550177819431
31,9.46,9.525822483710712
31,9.55,9.570858834808037
31,9.64,9.615776830725503
31,9.73,9.660062621684839
31,9.82,9.704154213008426
31,9.91,9.748010934727143
31,10.0,9.791460375634088
32,1.0,1.797046185556956
32,1.09,2.010127254568875
32,1.18,2.2106077166512366
32,1.27,2.4007508726140663
32,1.36,2.5815462670502325
32,1.45,2.7546247561578365
32,1.54,2.9196048161301498
32,1.63,3.078134093392487
32,1.72,3.230488677509556
32,1.81,3.377977842032816
32,1.9,3.5198328417362097
32,1.99,3.6570665799044173
32,2.08,3.7899014752149474
32,2.17,3.919465367221085
32,2.26,4.044858958262144
32,2.35,4.166770995782036
32,2.44,4.285389557857094
32,2.53,4.4017664817085445
32,2.62,4.515144503501776
32,2.71,4.6255762459532015
32,2.8,4.733393462836557
32,2.89,4.838746239511036
32,2.98,4.941641176748605
32,3.07,5.042638677055724
32,3.16,5.141406384900687
32,3.25,5.238041932980087
32,3.34,5.333182000288501
32,3.43,5.426414655785205
32,3.52,5.5178339082688765
32,3.61,5.608132733570002
32,3.7,5.696752840844842
32,3.79,5.783855988594613
32,3.88,5.869240145394843
32,3.97,5.953307967574064
32,4.06,6.035836081623309
32,4.15,6.117231926867275
32,4.24,6.197251671867978
32,4.33,6.276527590182665
32,4.42,6.354359524411691
32,4.51,6.431658490239427
32,4.6,6.507574706322058
32,4.69,6.5822116698706346
32,4.78,6.655873983426702
32,4.87,6.7284810798320285
32,4.96,6.800117838254767
32,5.05,6.870881732598203
32,5.14,6.940869297953845
32,5.23,7.0101763660959895
32,5.32,7.079019728414257
32,5.41,7.147434007442753
32,5.5,7.2145573220613795
32,5.59,7.2802554110755064
32,5.68,7.3446560120901605
32,5.77,7.4078861463433805
32,5.86,7.470854617566456
32,5.95,7.533523440472157
32,6.04,7.595826873566476
32,6.13,7.657704017824274
32,6.22,7.719098523955165
32,6.31,7.779958317096414
32,6.4,7.840235337829613
32,6.49,7.899885298496087
32,6.58,7.958867453857755
32,6.67,8.017144385216213
32,6.76,8.074765158808276
32,6.85,8.13215828597608
32,6.94,8.188865404970397
32,7.03,8.24529923245481
32,7.12,8.301021034317696
32,7.21,8.356428261755916
32,7.3,8.411100925730388
32,7.39,8.465421729930915
32,7.48,8.519040294079629
32,7.57,8.572506597132593
32,7.66,8.625177598791549
32,7.75,8.67754443741783
32,7.84,8.729717066878697
32,7.93,8.781090318435904
32,8.02,8.832130882233068
32,8.11,8.882627723299608
32,8.2,8.932908596526934
32,8.29,8.982846498728538
32,8.38,9.032429242466266
32,8.47,9.081382728250947
32,8.56,9.130166595898611
32,8.65,9.178445011944449
32,8.74,9.226312684032013
32,8.83,9.273808867959552
32,8.92,9.321106101573674
32,9.01,9.368236544799563
32,9.1,9.41488903699987
32,9.19,9.46111814123519
32,9.28,9.506962019807519
32,9.37,9.552586771466148
32,9.46,9.59786648859799
32,9.55,9.642902839695317
32,9.64,9.687820835612786
32,9.73,9.732106626572124
32,9.82,9.77619821789571
32,9.91,9.820054939614424
32,10.0,9.863549164870966
33,1.0,1.8620982769444057
33,1.09,2.075405928226491
33,1.18,2.275944467245093
33,1.27,2.466150523638689
33,1.36,2.6469459180748562
33,1.45,2.8201024489459767
33,1.54,2.9852928547219935
33,1.63,3.1438221319843325
33,1.72,3.2961767161014013
33,1.81,3.44366588062466
33,1.9,3.5856163104595513
33,1.99,3.7228500486277594
33,2.08,3.85568494393829
33,2.17,3.9852488359444265
33,2.26,4.110916996235202
33,2.35,4.232829033755093
33,2.44,4.351447595830151
33,2.53,4.467824519681603
33,2.62,4.581202541474836
33,2.71,4.691634283926263
33,2.8,4.799699182909006
33,2.89,4.905115434325853
33,2.98,5.0080103715634205
33,3.07,5.1090256182155445
33,3.16,5.207793326060508
33,3.25,5.304428874139909
33,3.34,5.399620458879403
33,3.43,5.492853114376109
33,3.52,5.584301387399089
33,3.61,5.674809376863577
33,3.7,5.763429484138414
33,3.79,5.850532631888186
33,3.88,5.935916788688416
33,3.97,6.0199846108676365
33,4.06,6.102512724916881
33,4.15,6.184118081571955
33,4.24,6.264137826572658
33,4.33,6.343455218775861
33,4.42,6.4212871530048865
33,4.51,6.498586118832623
33,4.6,6.5745023349152545
33,4.69,6.649334300831306
33,4.78,6.723010394503621
33,4.87,6.795617490908948
33,4.96,6.867254249331688
33,5.05,6.938018143675124
33,5.14,7.0080057090307655
33,5.23,7.077429356779778
33,5.32,7.146326388326479
33,5.41,7.214740667354975
33,5.5,7.2819908650761285
33,5.59,7.347776176559772
33,5.68,7.412222264695816
33,5.77,7.475453957328234
33,5.86,7.53842242855131
33,5.95,7.60109125145701
33,6.04,7.66339468455133
33,6.13,7.725271828809128
33,6.22,7.786666334940018
33,6.31,7.847526128081267
33,6.4,7.907803148814468
33,6.49,7.967453109480939
33,6.58,8.02643526484261
33,6.67,8.084712196201064
33,6.76,8.142332969793127
33,6.85,8.199726096960937
33,6.94,8.256433215955253
33,7.03,8.312867043439661
33,7.12,8.368588845302547
33,7.21,8.42399607274077
33,7.3,8.47866873671524
33,7.39,8.532989540915768
33,7.48,8.586608105064482
33,7.57,8.640074408117448
33,7.66,8.693158694910812
33,7.75,8.745525533537092
33,7.84,8.797703803797035
33,7.93,8.849077055354241
33,8.02,8.900117619151407
33,8.11,8.950931860122862
33,8.2,9.001212733350188
33,8.29,9.05115063555179
33,8.38,9.100733379289519
33,8.47,9.149759039359788
33,8.56,9.198542907007454
33,8.65,9.246963684805223
33,8.74,9.295010278382255
33,8.83,9.342506462309794
33,8.92,9.389866659324353
33,9.01,9.437033950446855
33,9.1,9.483686442647162
33,9.19,9.529915546882485
33,9.28,9.575759425454814
33,9.37,9.621384177113443
33,9.46,9.666821124021848
33,9.55,9.711857475119173
33,9.64,9.756775471036642
33,9.73,9.801261756472972
33,9.82,9.845353347796557
33,9.91,9.889210069515272
33,10.0,9.932711409562751
34,1.0,1.9248819419280445
34,1.09,2.1382645133031057
34,1.18,2.3390049842932625
34,1.27,2.529211040686861
34,1.36,2.7100064351230277
34,1.45,2.8831629659941473
34,1.54,3.0484449846964017
34,1.63,3.206974261958741
34,1.72,3.35932884607581
34,1.81,3.506818010599068
34,1.9,3.6490320269136873
34,1.99,3.7862657650818936
34,2.08,3.919100660392424
34,2.17,4.048664552398564
34,2.26,4.17433271268934
34,2.35,4.296244750209231
34,2.44,4.415034998730493
34,2.53,4.531478010951154
34,2.62,4.64491696849706
34,2.71,4.7553487109484855
34,2.8,4.863430646422433
34,2.89,4.96884689783928
34,2.98,5.07174183507685
34,3.07,5.17280653846281
34,3.16,5.271574246307776
34,3.25,5.368237654104912
34,3.34,5.463630036441234
34,3.43,5.556862691937939
34,3.52,5.648310964960918
34,3.61,5.738818954425406
34,3.7,5.827439061700244
34,3.79,5.9145422094500155
34,3.88,5.999926366250246
34,3.97,6.08419531938413
34,4.06,6.166723433433374
34,4.15,6.248368605021423
34,4.24,6.328388350022126
34,4.33,6.407705742225329
34,4.42,6.485537676454355
34,4.51,6.562836642282092
34,4.6,6.638940060637498
34,4.69,6.713785255465149
34,4.78,6.787461349137464
34,4.87,6.860068445542792
34,4.96,6.931705203965531
34,5.05,7.002469098308968
34,5.14,7.072568580087203
34,5.23,7.142043750295511
34,5.32,7.210940781842211
34,5.41,7.279355060870707
34,5.5,7.346727066370287
34,5.59,7.412596111424667
34,5.68,7.477085867197245
34,5.77,7.540319055873693
34,5.86,7.603287527096769
34,5.95,7.66595635000247
34,6.04,7.728259783096788
34,6.13,7.790136927354588
34,6.22,7.851531433485478
34,6.31,7.912391226626726
34,6.4,7.972668247359926
34,6.49,8.0323182080264
34,6.58,8.091300363388067
34,6.67,8.149577294746525
34,6.76,8.207198068338588
34,6.85,8.264591195506394
34,6.94,8.32129831450071
34,7.03,8.377732141985124
34,7.12,8.43345394384801
34,7.21,8.488861171286228
34,7.3,8.5435338352607
34,7.39,8.597854639461229
34,7.48,8.651473203609942
34,7.57,8.704939506662907
34,7.66,8.758023793456271
34,7.75,8.81039063208255
34,7.84,8.862568902342494
34,7.93,8.914338907628734
34,8.02,8.9653794714259
34,8.11,9.016199127564466
34,8.2,9.066480000791792
34,8.29,9.116417902993394
34,8.38,9.166000646731126
34,8.47,9.215331010710113
34,8.56,9.264114878357777
34,8.65,9.312535656155545
34,8.74,9.360582249732577
34,8.83,9.408078433660116
34,8.92,9.45550791798884
34,9.01,9.502675209111343
34,9.1,9.549464368593505
34,9.19,9.595865237458717
34,9.28,9.641709116031047
34,9.37,9.687394312554094
34,9.46,9.732866633443248
34,9.55,9.777902984540573
34,9.64,9.822820980458042
34,9.73,9.867307265894375
34,9.82,9.91139885721796
34,9.91,9.955255578936676
34,10.0,9.998907859569655
35,1.0,1.9854200382942895
35,1.09,2.19880260966935
35,1.18,2.3996310290686944
35,1.27,2.5898370854622934
35,1.36,2.77063247989846
35,1.45,2.9437890107695788
35,1.54,3.109324072492372
35,1.63,3.2678533497547098
35,1.72,3.420207933871779
35,1.81,3.56769709839504
35,1.9,3.7099111147096595
35,1.99,3.8471448528778667
35,2.08,3.9801445671767524
35,2.17,4.109771904017332
35,2.26,4.235498562630675
35,2.35,4.3574106001505655
35,2.44,4.476217203703384
35,2.53,4.592660215924044
35,2.62,4.70609917346995
35,2.71,4.816530915921377
35,2.8,4.924660329859808
35,2.89,5.030076581276658
35,2.98,5.132998263843253
35,3.07,5.234255732922168
35,3.16,5.333023440767133
35,3.25,5.429686848564268
35,3.34,5.52507923090059
35,3.43,5.618311886397295
35,3.52,5.7097601594202745
35,3.61,5.800268148884762
35,3.7,5.888888256159601
35,3.79,5.976184489625849
35,3.88,6.061568646426078
35,3.97,6.145875821895619
35,4.06,6.228403935944863
35,4.15,6.310049107532913
35,4.24,6.390068852533616
35,4.33,6.469386244736819
35,4.42,6.5473733310738025
35,4.51,6.6246968589754465
35,4.6,6.700812977085988
35,4.69,6.775658171913638
35,4.78,6.849334265585954
35,4.87,6.921941361991282
35,4.96,6.993578120414021
35,5.05,7.064449454523148
35,5.14,7.134598397862306
35,5.23,7.204073568070615
35,5.32,7.272970599617315
35,5.41,7.341384878645811
35,5.5,7.408873819612678
35,5.59,7.474823248894966
35,5.68,7.539354925598618
35,5.77,7.602589550477335
35,5.86,7.66555802170041
35,5.95,7.728226844606111
35,6.04,7.79053027770043
35,6.13,7.852407421958228
35,6.22,7.91380192808912
35,6.31,7.974661721230367
35,6.4,8.034938741963568
35,6.49,8.09458870263004
35,6.58,8.15357085799171
35,6.67,8.211847789350164
35,6.76,8.269468562942226
35,6.85,8.326861690110036
35,6.94,8.383568809104352
35,7.03,8.440002636588764
35,7.12,8.49572443845165
35,7.21,8.551131665889873
35,7.3,8.605804329864343
35,7.39,8.660125134064867
35,7.48,8.71374369821358
35,7.57,8.767210001266546
35,7.66,8.820294288059912
35,7.75,8.872661126686193
35,7.84,8.924839396946135
35,7.93,8.976609402232375
35,8.02,9.027649966029538
35,8.11,9.078469622168107
35,8.2,9.128858243499103
35,8.29,9.179069281176906
35,8.38,9.228652024914638
35,8.47,9.277987587454051
35,8.56,9.326771455101717
35,8.65,9.375192232899485
35,8.74,9.42323882647652
35,8.83,9.471010489709412
35,8.92,9.518457010485152
35,9.01,9.565624301607654
35,9.1,9.612413461089814
35,9.19,9.658814329955025
35,9.28,9.704658208527354
35,9.37,9.750409920872
35,9.46,9.795882241761156
35,9.55,9.840964305664727
35,9.64,9.88596778936653
35,9.73,9.930618968847558
35,9.82,9.974710560171143
35,9.91,10.0186253089597
35,10.0,10.062311548614199
36,1.0,2.0436210412787044
36,1.09,2.257003612653764
36,1.18,2.4580749533528263
36,1.27,2.648281009746423
36,1.36,2.8290764041825907
36,1.45,3.002232935053712
36,1.54,3.1677679967765053
36,1.63,3.326297274038844
36,1.72,3.478810084384734
36,1.81,3.6263601559490577
36,1.9,3.768630330653341
36,1.99,3.9058640688215474
36,2.08,4.038879483950728
36,2.17,4.168506820791308
36,2.26,4.29423347940465
36,2.35,4.416145516924542
36,2.44,4.534997699803264
36,2.53,4.651440712023924
36,2.62,4.764879669569833
36,2.71,4.875337087537124
36,2.8,4.983651556540792
36,2.89,5.08906780795764
36,2.98,5.191989490524235
36,3.07,5.29324695960315
36,3.16,5.392014667448115
36,3.25,5.48867807524525
36,3.34,5.584070457581572
36,3.43,5.677303113078278
36,3.52,5.768936748389075
36,3.61,5.859444737853563
36,3.7,5.9480648451284
36,3.79,6.0353977720368785
36,3.88,6.120781928837109
36,3.97,6.205089104306649
36,4.06,6.287617218355893
36,4.15,6.369262389943943
36,4.24,6.449431080968286
36,4.33,6.52877205276244
36,4.42,6.606771330864352
36,4.51,6.684094858765996
36,4.6,6.760210976876538
36,4.69,6.835056171704188
36,4.78,6.9087322653765035
36,4.87,6.981339361781832
36,4.96,7.053079262379634
36,5.05,7.123998079587247
36,5.14,7.194147022926406
36,5.23,7.263622193134714
36,5.32,7.332519224681414
36,5.41,7.40093350370991
36,5.5,7.468534702725375
36,5.59,7.534561300866453
36,5.68,7.5991332216639345
36,5.77,7.66236922529683
36,5.86,7.725337696519905
36,5.95,7.788006519425607
36,6.04,7.8503099525199245
36,6.13,7.912187096777724
36,6.22,7.973581602908614
36,6.31,8.034441396049862
36,6.4,8.094718416783063
36,6.49,8.154368377449536
36,6.58,8.213350532811203
36,6.67,8.271627464169661
36,6.76,8.329248237761725
36,6.85,8.38664136492953
36,6.94,8.443348483923845
36,7.03,8.499782311408259
36,7.12,8.555504113271144
36,7.21,8.610911340709366
36,7.3,8.665584004683838
36,7.39,8.719904808884365
36,7.48,8.773523373033079
36,7.57,8.826989676086045
36,7.66,8.880073962879406
36,7.75,8.932440801505685
36,7.84,8.984619071765628
36,7.93,9.03638907705187
36,8.02,9.087429640849036
36,8.11,9.138249296987603
36,8.2,9.1886379183186
36,8.29,9.238848955996403
36,8.38,9.28843169973413
36,8.47,9.337767262273548
36,8.56,9.386654568100735
36,8.65,9.435337555955655
36,8.74,9.483384149532691
36,8.83,9.531160803383592
36,8.92,9.578607324159332
36,9.01,9.625774615281836
36,9.1,9.672563774763995
36,9.19,9.718964643629212
36,9.28,9.76507298233468
36,9.37,9.810841049668461
36,9.46,9.856313370557615
36,9.55,9.901395434461184
36,9.64,9.946398918162988
36,9.73,9.991050097644013
36,9.82,10.035141688967599
36,9.91,10.079120292944891
36,10.0,10.122806532599391
37,1.0,2.0997272085914696
37,1.09,2.3131097799665317
37,1.18,2.514181120665594
37,1.27,2.704387177059192
37,1.36,2.885334468675027
37,1.45,3.058549470305569
37,1.54,3.2241384440824397
37,1.63,3.3826677213447773
37,1.72,3.535195604487751
37,1.81,3.682745676052074
37,1.9,3.8250158507563574
37,1.99,3.9622495889245646
37,2.08,4.0953087602066125
37,2.17,4.224936097047192
37,2.26,4.3506627556605375
37,2.35,4.4725994416756585
37,2.44,4.591629277417009
37,2.53,4.708072289637669
37,2.62,4.821511247183576
37,2.71,4.931968665150867
37,2.8,5.040283134154534
37,2.89,5.145699385571383
37,2.98,5.248621068137978
37,3.07,5.349878537216893
37,3.16,5.448646245061858
37,3.25,5.545487600655299
37,3.34,5.640879982991621
37,3.43,5.734112638488325
37,3.52,5.825781499503663
37,3.61,5.916289488968151
37,3.7,6.004909596242989
37,3.79,6.092242523151467
37,3.88,6.177626679951698
37,3.97,6.261933855421238
37,4.06,6.344604957653177
37,4.15,6.426272765648538
37,4.24,6.506453160767213
37,4.33,6.585794132561367
37,4.42,6.66379341066328
37,4.51,6.741116938564924
37,4.6,6.817233056675466
37,4.69,6.892078251503116
37,4.78,6.965754345175432
37,4.87,7.038460458068821
37,4.96,7.1102459424411695
37,5.05,7.181164759648782
37,5.14,7.251313702987941
37,5.23,7.32078887319625
37,5.32,7.38968590474295
37,5.41,7.458100183771446
37,5.5,7.525809150513563
37,5.59,7.59190983075908
37,5.68,7.656520385886639
37,5.77,7.7197577131235455
37,5.86,7.782726184346621
37,5.95,7.845395007252322
37,6.04,7.907698440346641
37,6.13,7.9695755846044385
37,6.22,8.03097009073533
37,6.31,8.091829883876578
37,6.4,8.152106904609779
37,6.49,8.211756865276252
37,6.58,8.27073902063792
37,6.67,8.329015951996375
37,6.76,8.386636725588438
37,6.85,8.444029852756247
37,6.94,8.500736971750564
37,7.03,8.557170799234973
37,7.12,8.612892601097858
37,7.21,8.668299828536082
37,7.3,8.722972492510552
37,7.39,8.777293296711079
37,7.48,8.830911860859793
37,7.57,8.88437816391276
37,7.66,8.937462450706125
37,7.75,8.989829289332404
37,7.84,9.042007559592347
37,7.93,9.093777564878584
37,8.02,9.144818128675748
37,8.11,9.195637784814316
37,8.2,9.246026406145315
37,8.29,9.296237443823118
37,8.38,9.345820187560848
37,8.47,9.395155750100262
37,8.56,9.444043055927452
37,8.65,9.492726043782373
37,8.74,9.540772637359403
37,8.83,9.58854929121031
37,8.92,9.63599581198605
37,9.01,9.683262403760894
37,9.1,9.73030328489792
37,9.19,9.776704153763134
37,9.28,9.822817283461893
37,9.37,9.868585350795673
37,9.46,9.91405767168483
37,9.55,9.959139735588398
37,9.64,10.004143219290201
37,9.73,10.048794398771232
37,9.82,10.09313987182263
37,9.91,10.137134176589495
37,10.0,10.180820416243991
38,1.0,2.1537349505042087
38,1.09,2.3671736538083143
38,1.18,2.568296750079291
38,1.27,2.758502806472888
38,1.36,2.9394645679739235
38,1.45,3.112679569604465
38,1.54,3.278268543381335
38,1.63,3.436797820643674
38,1.72,3.5893677096934
38,1.81,3.736917781257723
38,1.9,3.879187955962009
38,1.99,4.016445356685637
38,2.08,4.149675074715808
38,2.17,4.279302411556387
38,2.26,4.405029070169731
38,2.35,4.526965756184852
38,2.44,4.645995591926201
38,2.53,4.762438604146861
38,2.62,4.875877561692769
38,2.71,4.98633497966006
38,2.8,5.094649448663728
38,2.89,5.200065700080576
38,2.98,5.303158212531625
38,3.07,5.40441568161054
38,3.16,5.503183389455503
38,3.25,5.600058561725303
38,3.34,5.695450944061625
38,3.43,5.78868359955833
38,3.52,5.8803524605736675
38,3.61,5.970860450038155
38,3.7,6.059480557312995
38,3.79,6.146813484221473
38,3.88,6.232334909677089
38,3.97,6.31666381609765
38,4.06,6.399346154260147
38,4.15,6.481013962255509
38,4.24,6.561194357374185
38,4.33,6.640535329168338
38,4.42,6.718534607270251
38,4.51,6.795858135171895
38,4.6,6.871974253282436
38,4.69,6.946819448110087
38,4.78,7.020590597610942
38,4.87,7.093340470927894
38,4.96,7.165125955300243
38,5.05,7.2360447725078565
38,5.14,7.306193715847016
38,5.23,7.3756688860553234
38,5.32,7.4445659176020245
38,5.41,7.5129801966305205
38,5.5,7.580792620390223
38,5.59,7.646964419456003
38,5.68,7.711612063540435
38,5.77,7.774850661437193
38,5.86,7.837819132660268
38,5.95,7.900487955565969
38,6.04,7.962791388660288
38,6.13,8.024668532918087
38,6.22,8.086063039048977
38,6.31,8.146922832190224
38,6.4,8.207199852923425
38,6.49,8.266849813589898
38,6.58,8.325831968951567
38,6.67,8.384108900310023
38,6.76,8.441729673902087
38,6.85,8.499122801069893
38,6.94,8.555829920064209
38,7.03,8.61226374754862
38,7.12,8.66798554941151
38,7.21,8.723392776849726
38,7.3,8.778065440824198
38,7.39,8.832386245024727
38,7.48,8.886004809173441
38,7.57,8.939471112226405
38,7.66,8.99255539901977
38,7.75,9.04492223764605
38,7.84,9.097100507905994
38,7.93,9.148870513192234
38,8.02,9.199911076989398
38,8.11,9.250730733127966
38,8.2,9.30111935445896
38,8.29,9.351330392136763
38,8.38,9.400913135874493
38,8.47,9.450248698413908
38,8.56,9.499136004241098
38,8.65,9.54781899209602
38,8.74,9.595865585673053
38,8.83,9.643642239523954
38,8.92,9.691088760299694
38,9.01,9.738355352074542
38,9.1,9.785396233211568
38,9.19,9.831797102076779
38,9.28,9.877910231775541
38,9.37,9.923678299109323
38,9.46,9.969245948624724
38,9.55,10.014569665316966
38,9.64,10.05957314901877
38,9.73,10.104224328499798
38,9.82,10.148574400904756
38,9.91,10.192568705671617
38,10.0,10.236254945326118
39,1.0,2.205699845831149
39,1.09,2.4191385491352544
39,1.18,2.620261645406231
39,1.27,2.8104677017998285
39,1.36,2.9914697889713464
39,1.45,3.1646847906018873
39,1.54,3.3302737643787608
39,1.63,3.488825757694303
39,1.72,3.6415593716222276
39,1.81,3.78910944318655
39,1.9,3.931379617890835
39,1.99,4.068637018614463
39,2.08,4.201866736644632
39,2.17,4.331494073485211
39,2.26,4.457220732098556
39,2.35,4.579157418113677
39,2.44,4.698187253855027
39,2.53,4.814630266075687
39,2.62,4.928069223621594
39,2.71,5.038690638277962
39,2.8,5.147005107281629
39,2.89,5.252421358698476
39,2.98,5.355546335158828
39,3.07,5.456803804237744
39,3.16,5.555571512082708
39,3.25,5.652446684352507
39,3.34,5.7478390666888295
39,3.43,5.841071722185536
39,3.52,5.932740583200873
39,3.61,6.023248572665361
39,3.7,6.11200045784937
39,3.79,6.199354246470828
39,3.88,6.284886458419781
39,3.97,6.369215364840342
39,4.06,6.45189770300284
39,4.15,6.5335655109982005
39,4.24,6.613745906116876
39,4.33,6.69308687791103
39,4.42,6.7710861560129425
39,4.51,6.8484096839145865
39,4.6,6.924525802025129
39,4.69,6.999462250448177
39,4.78,7.073275409955652
39,4.87,7.146025283272605
39,4.96,7.217810767644955
39,5.05,7.288729584852568
39,5.14,7.358878528191727
39,5.23,7.428353698400035
39,5.32,7.497250729946735
39,5.41,7.565665008975231
39,5.5,7.633576751471818
39,5.59,7.6998168246050485
39,5.68,7.764500074088079
39,5.77,7.827739891818294
39,5.86,7.8907083630413695
39,5.95,7.95337718594707
39,6.04,8.015680619041389
39,6.13,8.077557763299188
39,6.22,8.138952269430078
39,6.31,8.199812062571326
39,6.4,8.260089083304527
39,6.49,8.319739043971
39,6.58,8.378721199332668
39,6.67,8.436998130691125
39,6.76,8.494618904283186
39,6.85,8.552012031450994
39,6.94,8.60871915044531
39,7.03,8.665152977929722
39,7.12,8.720874779792608
39,7.21,8.77628200723083
39,7.3,8.830954671205303
39,7.39,8.885275475405825
39,7.48,8.938894039554539
39,7.57,8.992360342607505
39,7.66,9.045444629400873
39,7.75,9.097811468027151
39,7.84,9.149989738287093
39,7.93,9.201759743573334
39,8.02,9.252800307370498
39,8.11,9.303619963509068
39,8.2,9.354008584840063
39,8.29,9.404219622517866
39,8.38,9.453802366255596
39,8.47,9.503137928795011
39,8.56,9.552025234622196
39,8.65,9.600708222477119
39,8.74,9.648754816054153
39,8.83,9.696531469905056
39,8.92,9.743977990680795
39,9.01,9.791244582455642
39,9.1,9.83828546359267
39,9.19,9.884686332457882
39,9.28,9.93079946215664
39,9.37,9.97656752949042
39,9.46,10.022135179005826
39,9.55,10.067458895698067
39,9.64,10.11246237939987
39,9.73,10.157113558880896
39,9.82,10.201463631285858
39,9.91,10.245457936052722
39,10.0,10.289235691188416
40,1.0,2.2556248579886753
40,1.09,2.46906356129278
40,1.18,2.670186657563759
40,1.27,2.860414521368433
40,1.36,3.0415737844230213
40,1.45,3.2147887860535613
40,1.54,3.380377759830434
40,1.63,3.5389297531459762
40,1.72,3.6916633670738985
40,1.81,3.8392134386382213
40,1.9,3.9814836133425073
40,1.99,4.118741014066135
40,2.08,4.251970732096305
40,2.17,4.381598068936884
40,2.26,4.507324727550229
40,2.35,4.6294188503868625
40,2.44,4.748448686128212
40,2.53,4.864891698348872
40,2.62,4.978330655894778
40,2.71,5.088983236000077
40,2.8,5.197297705003745
40,2.89,5.302713956420592
40,2.98,5.405838932880944
40,3.07,5.50709640195986
40,3.16,5.605864109804826
40,3.25,5.702739282074625
40,3.34,5.798131664410947
40,3.43,5.891490826700457
40,3.52,5.983179714960255
40,3.61,6.073687704424743
40,3.7,6.162449944642355
40,3.79,6.249803733263812
40,3.88,6.3353359452127656
40,3.97,6.419664851633326
40,4.06,6.502347189795824
40,4.15,6.5840149977911855
40,4.24,6.6641953929098605
40,4.33,6.743536364704013
40,4.42,6.8215356428059275
40,4.51,6.8988591707075715
40,4.6,6.975062892269695
40,4.69,7.050039670299099
40,4.78,7.123852829806575
40,4.87,7.196602703123529
40,4.96,7.268388187495877
40,5.05,7.339307004703491
40,5.14,7.409455948042649
40,5.23,7.478931118250958
40,5.32,7.547828149797658
40,5.41,7.616242428826154
40,5.5,7.684249517310148
40,5.59,7.750555133548132
40,5.68,7.815272564213817
40,5.77,7.878513552984151
40,5.86,7.941482024207226
40,5.95,8.004150847112928
40,6.04,8.066454280207244
40,6.13,8.128331424465044
40,6.22,8.189725930595936
40,6.31,8.250585723737183
40,6.4,8.310862744470382
40,6.49,8.370512705136857
40,6.58,8.429494860498526
40,6.67,8.48777179185698
40,6.76,8.545392565449044
40,6.85,8.602785692616852
40,6.94,8.659492811611166
40,7.03,8.715926639095578
40,7.12,8.771648440958465
40,7.21,8.827055668396687
40,7.3,8.881728332371157
40,7.39,8.936049136571684
40,7.48,8.989667700720398
40,7.57,9.043134003773366
40,7.66,9.096218290566725
40,7.75,9.148585129193005
40,7.84,9.20076339945295
40,7.93,9.252533404739193
40,8.02,9.303573968536355
40,8.11,9.354393624674923
40,8.2,9.404782246005919
40,8.29,9.454993283683722
40,8.38,9.504576027421452
40,8.47,9.553911589960869
40,8.56,9.602798895788055
40,8.65,9.651481883642978
40,8.74,9.699528477220012
40,8.83,9.747305131070915
40,8.92,9.794751651846655
40,9.01,9.842018243621496
40,9.1,9.889059124758525
40,9.19,9.935459993623738
40,9.28,9.981573123322496
40,9.37,10.027341190656278
40,9.46,10.072908840171682
40,9.55,10.118232556863926
40,9.64,10.16323604056573
40,9.73,10.207887220046755
40,9.82,10.252237292451714
40,9.91,10.296231597218576
40,10.0,10.340009352354274
41,1.0,2.303724693622283
41,1.09,2.517163396926387
41,1.18,2.7182864931973656
41,1.27,2.908514357002039
41,1.36,3.089673620056625
41,1.45,3.262888621687166
41,1.54,3.4284775954640394
41,1.63,3.5870295887795813
41,1.72,3.739763202707505
41,1.81,3.887313274271827
41,1.9,4.029583448976112
41,1.99,4.166991989048393
41,2.08,4.300221707078562
41,2.17,4.429849043919142
41,2.26,4.555575702532485
41,2.35,4.677699744200093
41,2.44,4.796729579941443
41,2.53,4.913172592162104
41,2.62,5.02661154970801
41,2.71,5.137264129813308
41,2.8,5.2455785988169765
41,2.89,5.350994850233826
41,2.98,5.4541198266941775
41,3.07,5.555377295773093
41,3.16,5.65426645013915
41,3.25,5.751160848563632
41,3.34,5.8465532308999535
41,3.43,5.9399223340217215
41,3.52,6.031611222281519
41,3.61,6.122119211746007
41,3.7,6.21088145196362
41,3.79,6.298235240585077
41,3.88,6.38376745253403
41,3.97,6.468096358954591
41,4.06,6.550778697117088
41,4.15,6.6324465051124495
41,4.24,6.712626900231125
41,4.33,6.791967872025279
41,4.42,6.870051249440711
41,4.51,6.947374777342355
41,4.6,7.0236172153265795
41,4.69,7.098593993355984
41,4.78,7.17240715286346
41,4.87,7.245157026180414
41,4.96,7.316942510552764
41,5.05,7.387861327760376
41,5.14,7.4580102710995355
41,5.23,7.527485441307843
41,5.32,7.596382472854543
41,5.41,7.664796751883039
41,5.5,7.732895372514946
41,5.59,7.799263910133492
41,5.68,7.864014154734527
41,5.77,7.927256267703373
41,5.86,7.9902247389264485
41,5.95,8.05289356183215
41,6.04,8.11519699492647
41,6.13,8.177074139184265
41,6.22,8.238468645315157
41,6.31,8.299328438456406
41,6.4,8.359605459189607
41,6.49,8.419255419856079
41,6.58,8.478237575217749
41,6.67,8.536514506576204
41,6.76,8.594135280168267
41,6.85,8.651528407336073
41,6.94,8.70823552633039
41,7.03,8.764669353814801
41,7.12,8.820391155677687
41,7.21,8.875798383115908
41,7.3,8.93047104709038
41,7.39,8.984791851290908
41,7.48,9.038410415439621
41,7.57,9.091876718492585
41,7.66,9.14496100528595
41,7.75,9.19732784391223
41,7.84,9.249506114172176
41,7.93,9.30127611945841
41,8.02,9.352316683255575
41,8.11,9.403136339394145
41,8.2,9.453524960725144
41,8.29,9.503735998402947
41,8.38,9.553318742140675
41,8.47,9.60265430468009
41,8.56,9.651541610507277
41,8.65,9.7002245983622
41,8.74,9.748271191939233
41,8.83,9.796047845790138
41,8.92,9.843494366565878
41,9.01,9.89076095834072
41,9.1,9.93780183947775
41,9.19,9.984202708342963
41,9.28,10.030315838041721
41,9.37,10.076083905375503
41,9.46,10.121651554890903
41,9.55,10.166975271583146
41,9.64,10.21197875528495
41,9.73,10.256629934765977
41,9.82,10.300980007170935
41,9.91,10.344974311937799
41,10.0,10.388752067073495
42,1.0,2.3499005358305425
42,1.09,2.5633392391346477
42,1.18,2.764462335405627
42,1.27,2.9546901992102996
42,1.36,3.135849462264887
42,1.45,3.309064463895427
42,1.54,3.4746534376722997
42,1.63,3.633350524762549
42,1.72,3.7860841386904722
42,1.81,3.933634210254795
42,1.9,4.075904384959078
42,1.99,4.213341647109094
42,2.08,4.3465713651392655
42,2.17,4.476198701979844
42,2.26,4.601925360593188
42,2.35,4.724049402260795
42,2.44,4.8430792380021455
42,2.53,4.959522250222806
42,2.62,5.072961207768714
42,2.71,5.183613787874012
42,2.8,5.29192825687768
42,2.89,5.3974610969547765
42,2.98,5.500604530523624
42,3.07,5.601861999602539
42,3.16,5.700760697167564
42,3.25,5.797655095592045
42,3.34,5.893047477928367
42,3.43,5.986416581050136
42,3.52,6.078105469309934
42,3.61,6.168613458774422
42,3.7,6.257375698992034
42,3.79,6.344729487613491
42,3.88,6.430261699562444
42,3.97,6.514590605983004
42,4.06,6.5972729441455025
42,4.15,6.678940752140864
42,4.24,6.759201882600518
42,4.33,6.838542854394672
42,4.42,6.91666339957532
42,4.51,6.993986927476964
42,4.6,7.07022936546119
42,4.69,7.1452061434905945
42,4.78,7.2190193029980705
42,4.87,7.291769176315025
42,4.96,7.363554660687373
42,5.05,7.434473477894987
42,5.14,7.504622421234145
42,5.23,7.574097591442453
42,5.32,7.642994622989153
42,5.41,7.711477777737173
42,5.5,7.779595393511551
42,5.59,7.8460243356554376
42,5.68,7.910806081634407
42,5.77,7.974049273833827
42,5.86,8.037017745056902
42,5.95,8.099686567962603
42,6.04,8.161990001056921
42,6.13,8.223867145314722
42,6.22,8.28526165144561
42,6.31,8.346121444586858
42,6.4,8.406398465320061
42,6.49,8.466048425986534
42,6.58,8.525030581348203
42,6.67,8.583307512706659
42,6.76,8.640928286298722
42,6.85,8.698321413466529
42,6.94,8.755028532460845
42,7.03,8.811462359945255
42,7.12,8.867184161808142
42,7.21,8.922591389246362
42,7.3,8.977264053220834
42,7.39,9.031584857421361
42,7.48,9.085203421570075
42,7.57,9.13866972462304
42,7.66,9.191754011416405
42,7.75,9.244120850042684
42,7.84,9.296299120302626
42,7.93,9.348069125588866
42,8.02,9.399109689386032
42,8.11,9.449929345524602
42,8.2,9.500317966855594
42,8.29,9.550529004533397
42,8.38,9.600111748271125
42,8.47,9.649447310810544
42,8.56,9.698334616637734
42,8.65,9.747017604492655
42,8.74,9.795064198069687
42,8.83,9.84284085192059
42,8.92,9.89028737269633
42,9.01,9.937553964471174
42,9.1,9.984594845608202
42,9.19,10.030995714473415
42,9.28,10.077108844172177
42,9.37,10.122876911505957
42,9.46,10.168444561021357
42,9.55,10.213768277713603
42,9.64,10.258771761415407
42,9.73,10.303422940896432
42,9.82,10.34777301330139
42,9.91,10.391767318068254
42,10.0,10.435545073203947
43,1.0,2.394229344350474
43,1.09,2.6076680476545784
43,1.18,2.8087911439255566
43,1.27,2.9991582977539486
43,1.36,3.180317560808536
43,1.45,3.353532562439077
43,1.54,3.5191215362159474
43,1.63,3.6778461965008225
43,1.72,3.8305798104287465
43,1.81,3.9781298819930693
43,1.9,4.1204000566973535
43,1.99,4.2578373188473675
43,2.08,4.391067036877539
43,2.17,4.520694373718118
43,2.26,4.646421032331463
43,2.35,4.7685450739990705
43,2.44,4.8875749097404215
43,2.53,5.004017921961082
43,2.62,5.117568804620826
43,2.71,5.228239103550281
43,2.8,5.336553572553948
43,2.89,5.442095574102055
43,2.98,5.545239007670901
43,3.07,5.646496476749816
43,3.16,5.745395174314842
43,3.25,5.842289572739324
43,3.34,5.937681955075646
43,3.43,6.031051058197414
43,3.52,6.122739946457211
43,3.61,6.213247935921699
43,3.7,6.302010176139311
43,3.79,6.3893639647607685
43,3.88,6.474896176709722
43,3.97,6.559225083130283
43,4.06,6.641984927220119
43,4.15,6.723652735215482
43,4.24,6.803949546729743
43,4.33,6.883290518523896
43,4.42,6.961411063704546
43,4.51,7.03873459160619
43,4.6,7.114977029590416
43,4.69,7.18995380761982
43,4.78,7.263766967127298
43,4.87,7.33651684044425
43,4.96,7.4083023248166
43,5.05,7.479221142024212
43,5.14,7.549370085363371
43,5.23,7.618845255571679
43,5.32,7.687808407809122
43,5.41,7.756309797893913
43,5.5,7.8244274136682925
43,5.59,7.8909143441565055
43,5.68,7.955726331458292
43,5.77,8.018970559719063
43,5.86,8.081939030942138
43,5.95,8.14460785384784
43,6.04,8.206911286942157
43,6.13,8.268788431199955
43,6.22,8.330182937330848
43,6.31,8.391042730472094
43,6.4,8.451319751205293
43,6.49,8.51096971187177
43,6.58,8.569951867233438
43,6.67,8.628228798591895
43,6.76,8.685849572183958
43,6.85,8.743242699351764
43,6.94,8.79994981834608
43,7.03,8.856383645830492
43,7.12,8.912105447693378
43,7.21,8.967512675131598
43,7.3,9.02218533910607
43,7.39,9.076506143306595
43,7.48,9.130124707455309
43,7.57,9.183591010508275
43,7.66,9.236675297301641
43,7.75,9.28904213592792
43,7.84,9.341220406187864
43,7.93,9.392990411474104
43,8.02,9.444030975271266
43,8.11,9.494850631409834
43,8.2,9.545239252740831
43,8.29,9.595450290418635
43,8.38,9.645033034156365
43,8.47,9.694368596695782
43,8.56,9.743255902522964
43,8.65,9.791938890377887
43,8.74,9.83998548395492
43,8.83,9.887762137805826
43,8.92,9.935208658581566
43,9.01,9.982475250356412
43,9.1,10.02951613149344
43,9.19,10.07591700035865
43,9.28,10.122030130057409
43,9.37,10.16779819739119
43,9.46,10.213365846906594
43,9.55,10.258689563598836
43,9.64,10.303693047300639
43,9.73,10.348344226781666
43,9.82,10.392694299186628
43,9.91,10.43668860395349
43,10.0,10.480466359089183
44,1.0,2.436918718952377
44,1.09,2.6503574222564823
44,1.18,2.8514805185274583
44,1.27,3.0418741426226914
44,1.36,3.2230334056772794
44,1.45,3.3962484073078203
44,1.54,3.5618373810846915
44,1.63,3.720562041369565
44,1.72,3.873295655297489
44,1.81,4.020845726861813
44,1.9,4.163115901566098
44,1.99,4.3005531637161125
44,2.08,4.433782881746284
44,2.17,4.5634102185868635
44,2.26,4.689244325309492
44,2.35,4.811385377048289
44,2.44,4.9304152127896375
44,2.53,5.046858225010298
44,2.62,5.160417902682213
44,2.71,5.271088201611667
44,2.8,5.379402670615334
44,2.89,5.484944672163441
44,2.98,5.588088105732288
44,3.07,5.689345574811203
44,3.16,5.788244272376229
44,3.25,5.88513867080071
44,3.34,5.980531053137032
44,3.43,6.0739001562588
44,3.52,6.1655890445185975
44,3.61,6.256097033983085
44,3.7,6.344859274200697
44,3.79,6.432213062822155
44,3.88,6.517819680461354
44,3.97,6.602148586881915
44,4.06,6.684942684784175
44,4.15,6.766610492779537
44,4.24,6.846907304293799
44,4.33,6.926248276087953
44,4.42,7.004368821268603
44,4.51,7.081692349170247
44,4.6,7.157934787154472
44,4.69,7.232911565183879
44,4.78,7.306724724691353
44,4.87,7.379474598008309
44,4.96,7.451260082380656
44,5.05,7.522178899588269
44,5.14,7.5923278429274275
44,5.23,7.661866488998848
44,5.32,7.730847147159592
44,5.41,7.799348537244386
44,5.5,7.867466153018764
44,5.59,7.93400875231753
44,5.68,7.998849771289223
44,5.77,8.06209499416889
44,5.86,8.125063465391966
44,5.95,8.187732288297665
44,6.04,8.250035721391983
44,6.13,8.311912865649782
44,6.22,8.373307371780673
44,6.31,8.434167164921922
44,6.4,8.494444185655121
44,6.49,8.554094146321592
44,6.58,8.613076301683265
44,6.67,8.671353233041721
44,6.76,8.728974006633784
44,6.85,8.786367133801592
44,6.94,8.843074252795908
44,7.03,8.899508080280318
44,7.12,8.955229882143204
44,7.21,9.010637109581426
44,7.3,9.065309773555898
44,7.39,9.119630577756423
44,7.48,9.173249141905137
44,7.57,9.226715444958103
44,7.66,9.279799731751465
44,7.75,9.332166570377744
44,7.84,9.384344840637688
44,7.93,9.43611484592393
44,8.02,9.487155409721094
44,8.11,9.537975065859662
44,8.2,9.58836368719066
44,8.29,9.638574724868462
44,8.38,9.688157468606189
44,8.47,9.737493031145606
44,8.56,9.786380336972794
44,8.65,9.835063324827715
44,8.74,9.883109918404749
44,8.83,9.930886572255654
44,8.92,9.978333093031393
44,9.01,10.025599684806235
44,9.1,10.072640565943262
44,9.19,10.119041434808473
44,9.28,10.165154564507237
44,9.37,10.210922631841017
44,9.46,10.25649028135642
44,9.55,10.301813998048665
44,9.64,10.346817481750469
44,9.73,10.391468661231492
44,9.82,10.43581873363645
44,9.91,10.479813038403314
44,10.0,10.523590793539011
45,1.0,2.477925930026371
45,1.09,2.6913646333304757
45,1.18,2.8924877296014526
45,1.27,3.082881353696684
45,1.36,3.264040616751272
45,1.45,3.4372556183818137
45,1.54,3.602844592158686
45,1.63,3.76156925244356
45,1.72,3.914302866371484
45,1.81,4.061852937935808
45,1.9,4.204226262825005
45,1.99,4.341679854643362
45,2.08,4.474909572673531
45,2.17,4.604536909514111
45,2.26,4.7303794594484225
45,2.35,4.85252051118722
45,2.44,4.971550346928568
45,2.53,5.087993359149229
45,2.62,5.201553036821144
45,2.71,5.3122233357505975
45,2.8,5.420537804754266
45,2.89,5.526079806302373
45,2.98,5.6292232398712185
45,3.07,5.730480708950134
45,3.16,5.829379406515159
45,3.25,5.92627380493964
45,3.34,6.0216661872759625
45,3.43,6.1150352903977305
45,3.52,6.206724178657529
45,3.61,6.297232168122017
45,3.7,6.386065837802264
45,3.79,6.4734196264237225
45,3.88,6.559059127722847
45,3.97,6.643388034143409
45,4.06,6.726182132045669
45,4.15,6.807849940041031
45,4.24,6.888146751555294
45,4.33,6.967487723349448
45,4.42,7.045608268530097
45,4.51,7.122931796431741
45,4.6,7.199174234415969
45,4.69,7.274151012445372
45,4.78,7.3479641719528495
45,4.87,7.4207140452698015
45,4.96,7.49249952964215
45,5.05,7.5634183468497636
45,5.14,7.63362822701751
45,5.23,7.7031836787753
45,5.32,7.772164336936046
45,5.41,7.840665727020838
45,5.5,7.908783342795218
45,5.59,7.975379384152115
45,5.68,8.040248273526915
45,5.77,8.103494451240723
45,5.86,8.166462922463799
45,5.95,8.2291317453695
45,6.04,8.291435178463816
45,6.13,8.353312322721616
45,6.22,8.414706828852507
45,6.31,8.475566621993755
45,6.4,8.535843642726956
45,6.49,8.595493603393427
45,6.58,8.654475758755096
45,6.67,8.712752690113554
45,6.76,8.770373463705617
45,6.85,8.827766590873425
45,6.94,8.884473709867741
45,7.03,8.940907537352153
45,7.12,8.996629339215039
45,7.21,9.052036566653259
45,7.3,9.10670923062773
45,7.39,9.161030034828256
45,7.48,9.21464859897697
45,7.57,9.268114902029938
45,7.66,9.3211991888233
45,7.75,9.373566027449579
45,7.84,9.425744297709523
45,7.93,9.477514302995761
45,8.02,9.528554866792925
45,8.11,9.579374522931493
45,8.2,9.629763144262492
45,8.29,9.679974181940295
45,8.38,9.729556925678024
45,8.47,9.77889248821744
45,8.56,9.82777979404463
45,8.65,9.87646278189955
45,8.74,9.92450937547658
45,8.83,9.972286029327485
45,8.92,10.019732550103225
45,9.01,10.066999141878071
45,9.1,10.114040023015097
45,9.19,10.16044089188031
45,9.28,10.206554021579072
45,9.37,10.252322088912852
45,9.46,10.29788973842825
45,9.55,10.343213455120495
45,9.64,10.388216938822298
45,9.73,10.432868118303324
45,9.82,10.477218190708285
45,9.91,10.521212495475147
45,10.0,10.564990250610844
46,1.0,2.5172928526574037
46,1.09,2.7307315559615093
46,1.18,2.931854652232487
46,1.27,3.1222482763277193
46,1.36,3.3034075393823072
46,1.45,3.4766225410128495
46,1.54,3.6423105389672363
46,1.63,3.8010508757337194
46,1.72,3.9537844896616416
46,1.81,4.101334561225965
46,1.9,4.243715991598378
46,1.99,4.381169583416735
46,2.08,4.514399301446905
46,2.17,4.644026638287484
46,2.26,4.769869188221796
46,2.35,4.892010239960593
46,2.44,5.011040075701944
46,2.53,5.127483087922604
46,2.62,5.241042765594519
46,2.71,5.351713064523971
46,2.8,5.460027533527639
46,2.89,5.5655695350757455
46,2.98,5.668712968644592
46,3.07,5.769970437723507
46,3.16,5.8688691352885325
46,3.25,5.965763533713015
46,3.34,6.061155916049337
46,3.43,6.154593591455234
46,3.52,6.246282479715033
46,3.61,6.336790469179521
46,3.7,6.425655707173298
46,3.79,6.513009495794757
46,3.88,6.598648997093882
46,3.97,6.682977903514442
46,4.06,6.765772001416705
46,4.15,6.847439809412067
46,4.24,6.9277366209263285
46,4.33,7.007077592720482
46,4.42,7.085198137901133
46,4.51,7.162521665802777
46,4.6,7.238764103787002
46,4.69,7.3137408818164085
46,4.78,7.387554041323883
46,4.87,7.4603039146408365
46,4.96,7.532089399013185
46,5.05,7.603066715576243
46,5.14,7.673292729202903
46,5.23,7.742848180960696
46,5.32,7.81182883912144
46,5.41,7.880330229206233
46,5.5,7.9484478449806115
46,5.59,8.015095190713316
46,5.68,8.079990835675101
46,5.77,8.143237930029683
46,5.86,8.206206401252759
46,5.95,8.26887522415846
46,6.04,8.331178657252778
46,6.13,8.393055801510574
46,6.22,8.454450307641467
46,6.31,8.515310100782715
46,6.4,8.575587121515914
46,6.49,8.635237082182389
46,6.58,8.694219237544056
46,6.67,8.752496168902512
46,6.76,8.810116942494576
46,6.85,8.867510069662384
46,6.94,8.9242171886567
46,7.03,8.980651016141111
46,7.12,9.036372818003999
46,7.21,9.09178004544222
46,7.3,9.14645270941669
46,7.39,9.200773513617216
46,7.48,9.25439207776593
46,7.57,9.307858380818896
46,7.66,9.36094266761226
46,7.75,9.413309506238539
46,7.84,9.465487776498485
46,7.93,9.517257781784723
46,8.02,9.568298345581885
46,8.11,9.619118001720455
46,8.2,9.66950662305145
46,8.29,9.719717660729254
46,8.38,9.769300404466982
46,8.47,9.818635967006397
46,8.56,9.867523272833587
46,8.65,9.91620626068851
46,8.74,9.964252854265542
46,8.83,10.012029508116447
46,8.92,10.059476028892187
46,9.01,10.106742620667033
46,9.1,10.153783501804059
46,9.19,10.200184370669268
46,9.28,10.246297500368028
46,9.37,10.29206556770181
46,9.46,10.337633217217213
46,9.55,10.382956933909455
46,9.64,10.427960417611258
46,9.73,10.472611597092286
46,9.82,10.516961669497247
46,9.91,10.56095597426411
46,10.0,10.6047337293998
47,1.0,2.5550850983831976
47,1.09,2.7685238016873037
47,1.18,2.9697419611686957
47,1.27,3.160150634686272
47,1.36,3.3413098977408584
47,1.45,3.5145248993714002
47,1.54,3.6802206785896754
47,1.63,3.8389610153561575
47,1.72,3.9916946292840807
47,1.81,4.139244700848404
47,1.9,4.2816261312208175
47,1.99,4.419079723039173
47,2.08,4.552309441069346
47,2.17,4.681936777909924
47,2.26,4.807779327844236
47,2.35,4.929920379583032
47,2.44,5.048950215324382
47,2.53,5.165393227545042
47,2.62,5.278952905216957
47,2.71,5.38962320414641
47,2.8,5.497937673150077
47,2.89,5.603479674698184
47,2.98,5.706623108267031
47,3.07,5.807880577345947
47,3.16,5.906845104303736
47,3.25,6.0037395027282185
47,3.34,6.099131885064541
47,3.43,6.1925998660514265
47,3.52,6.284288754311226
47,3.61,6.374796743775714
47,3.7,6.463661981769492
47,3.79,6.551015770390949
47,3.88,6.636655271690077
47,3.97,6.720984178110637
47,4.06,6.803778276012897
47,4.15,6.88544608400826
47,4.24,6.965742895522523
47,4.33,7.045083867316677
47,4.42,7.1232044124973255
47,4.51,7.2005279403989695
47,4.6,7.276770378383197
47,4.69,7.3517471564126
47,4.78,7.425560315920077
47,4.87,7.49831018923703
47,4.96,7.5701518329906055
47,5.05,7.64114463767422
47,5.14,7.711370651300884
47,5.23,7.7809261030586745
47,5.32,7.84990676121942
47,5.41,7.918408151304211
47,5.5,7.986525767078591
47,5.59,8.053222365012068
47,5.68,8.11814369533736
47,5.77,8.181391669667084
47,5.86,8.24436014089016
47,5.95,8.307028963795862
47,6.04,8.36933239689018
47,6.13,8.431209541147977
47,6.22,8.492604047278867
47,6.31,8.553463840420116
47,6.4,8.613740861153317
47,6.49,8.673390821819789
47,6.58,8.732372977181459
47,6.67,8.790649908539914
47,6.76,8.848270682131977
47,6.85,8.905663809299785
47,6.94,8.962370928294101
47,7.03,9.018804755778513
47,7.12,9.074526557641398
47,7.21,9.12993378507962
47,7.3,9.184606449054092
47,7.39,9.23892725325462
47,7.48,9.292545817403333
47,7.57,9.346012120456297
47,7.66,9.399096407249662
47,7.75,9.45146324587594
47,7.84,9.503641516135884
47,7.93,9.555411521422124
47,8.02,9.606452085219289
47,8.11,9.657271741357858
47,8.2,9.707660362688854
47,8.29,9.757871400366657
47,8.38,9.807454144104383
47,8.47,9.8567897066438
47,8.56,9.905677012470989
47,8.65,9.95436000032591
47,8.74,10.002406593902942
47,8.83,10.050183247753845
47,8.92,10.097629768529584
47,9.01,10.144896360304433
47,9.1,10.19193724144146
47,9.19,10.238338110306671
47,9.28,10.284451240005433
47,9.37,10.330219307339213
47,9.46,10.375786956854618
47,9.55,10.42111067354686
47,9.64,10.466114157248663
47,9.73,10.510765336729685
47,9.82,10.555115409134645
47,9.91,10.599109713901509
47,10.0,10.642887469037206
48,1.0,2.5914713624074066
48,1.09,2.8049100657115122
48,1.18,3.0061356952062375
48,1.27,3.196544368723813
48,1.36,3.3777036317784
48,1.45,3.5509186334089415
48,1.54,3.7166144126272167
48,1.63,3.875354749393698
48,1.72,4.028088363321624
48,1.81,4.175638434885946
48,1.9,4.31801986525836
48,1.99,4.455473457076715
48,2.08,4.588703175106886
48,2.17,4.718330511947465
48,2.26,4.844173061881777
48,2.35,4.966314113620573
48,2.44,5.085343949361922
48,2.53,5.201786961582583
48,2.62,5.315346639254497
48,2.71,5.426016938183952
48,2.8,5.5343314071876195
48,2.89,5.639936604952779
48,2.98,5.743080038521627
48,3.07,5.844337507600542
48,3.16,5.943331127916081
48,3.25,6.0402255263405635
48,3.34,6.135617908676886
48,3.43,6.229085889663773
48,3.52,6.320774777923571
48,3.61,6.411282767388059
48,3.7,6.500148005381838
48,3.79,6.587501794003296
48,3.88,6.673141295302421
48,3.97,6.757470201722982
48,4.06,6.840264299625245
48,4.15,6.921932107620607
48,4.24,7.0022289191348674
48,4.33,7.081569890929021
48,4.42,7.159690436109672
48,4.51,7.237013964011316
48,4.6,7.313256401995541
48,4.69,7.3882331800249466
48,4.78,7.462046339532423
48,4.87,7.534850125855353
48,4.96,7.606706638204663
48,5.05,7.677699442888281
48,5.14,7.747925456514944
48,5.23,7.817480908272735
48,5.32,7.8864615664334785
48,5.41,7.954962956518273
48,5.5,8.02308057229265
48,5.59,8.08982445233887
48,5.68,8.154770440613127
48,5.77,8.21801925971899
48,5.86,8.280987730942066
48,5.95,8.343656553847767
48,6.04,8.405959986942085
48,6.13,8.467837131199884
48,6.22,8.529231637330774
48,6.31,8.59009143047202
48,6.4,8.650368451205223
48,6.49,8.710018411871696
48,6.58,8.769000567233363
48,6.67,8.82727749859182
48,6.76,8.884898272183884
48,6.85,8.94229139935169
48,6.94,8.998998518346006
48,7.03,9.055432345830418
48,7.12,9.111154147693304
48,7.21,9.166561375131526
48,7.3,9.221234039105996
48,7.39,9.275554843306523
48,7.48,9.329173407455237
48,7.57,9.382639710508203
48,7.66,9.435723997301569
48,7.75,9.488090835927848
48,7.84,9.54026910618779
48,7.93,9.59203911147403
48,8.02,9.643079675271194
48,8.11,9.693899331409762
48,8.2,9.744287952740759
48,8.29,9.794498990418562
48,8.38,9.84408173415629
48,8.47,9.893417296695707
48,8.56,9.942304602522896
48,8.65,9.990987590377816
48,8.74,10.039034183954847
48,8.83,10.086810837805752
48,8.92,10.134257358581491
48,9.01,10.181523950356338
48,9.1,10.228564831493363
48,9.19,10.274965700358575
48,9.28,10.321078830057335
48,9.37,10.366846897391115
48,9.46,10.412414546906522
48,9.55,10.457738263598765
48,9.64,10.502741747300568
48,9.73,10.547392926781592
48,9.82,10.591742999186554
48,9.91,10.635737303953416
48,10.0,10.679515059089114
49,1.0,2.6264093470834466
49,1.09,2.8398480503875523
49,1.18,3.041073679882277
49,1.27,3.231482353399852
49,1.36,3.4126416164544415
49,1.45,3.585856618084982
49,1.54,3.751552397303257
49,1.63,3.9102927340697384
49,1.72,4.0630263479976625
49,1.81,4.210576419561985
49,1.9,4.352957849934398
49,1.99,4.490411441752754
49,2.08,4.623641159782925
49,2.17,4.753268496623504
49,2.26,4.879111046557815
49,2.35,5.001252098296613
49,2.44,5.120281934037963
49,2.53,5.236724946258623
49,2.62,5.3503452922989085
49,2.71,5.461015591228363
49,2.8,5.569330060232032
49,2.89,5.67496318762063
49,2.98,5.778106621189479
49,3.07,5.8793640902683935
49,3.16,5.978357710583934
49,3.25,6.0752521090084155
49,3.34,6.170644491344737
49,3.43,6.264112472331626
49,3.52,6.355801360591424
49,3.61,6.446309350055912
49,3.7,6.5351745880496885
49,3.79,6.622528376671147
49,3.88,6.708167877970275
49,3.97,6.792496784390835
49,4.06,6.875290882293095
49,4.15,6.956958690288457
49,4.24,7.03725550180272
49,4.33,7.116596473596874
49,4.42,7.194717018777523
49,4.51,7.272040546679167
49,4.6,7.348282984663394
49,4.69,7.4232597626927985
49,4.78,7.4971246786860135
49,4.87,7.569942738860849
49,4.96,7.641799251210162
49,5.05,7.712792055893779
49,5.14,7.783018069520441
49,5.23,7.852573521278231
49,5.32,7.921554179438978
49,5.41,7.9900555695237685
49,5.5,8.058173185298148
49,5.59,8.1249624561726
49,5.68,8.189932116077864
49,5.77,8.253181746168819
49,5.86,8.316150217391895
49,5.95,8.378819040297596
49,6.04,8.441122473391914
49,6.13,8.502999617649712
49,6.22,8.564394123780605
49,6.31,8.625253916921851
49,6.4,8.685530937655049
49,6.49,8.745180898321525
49,6.58,8.804163053683194
49,6.67,8.862439985041648
49,6.76,8.920060758633712
49,6.85,8.97745388580152
49,6.94,9.034161004795836
49,7.03,9.090594832280248
49,7.12,9.146316634143133
49,7.21,9.201723861581355
49,7.3,9.256396525555825
49,7.39,9.310717329756352
49,7.48,9.364335893905066
49,7.57,9.41780219695803
49,7.66,9.470886483751396
49,7.75,9.523253322377675
49,7.84,9.575431592637619
49,7.93,9.627201597923861
49,8.02,9.678242161721023
49,8.11,9.729061817859591
49,8.2,9.779450439190587
49,8.29,9.82966147686839
49,8.38,9.87924422060612
49,8.47,9.928579783145535
49,8.56,9.977467088972723
49,8.65,10.026150076827646
49,8.74,10.074196670404678
49,8.83,10.121973324255583
49,8.92,10.169419845031323
49,9.01,10.216686436806167
49,9.1,10.263727317943195
49,9.19,10.310128186808404
49,9.28,10.356241316507164
49,9.37,10.402009383840946
49,9.46,10.44757703335635
49,9.55,10.492900750048591
49,9.64,10.537904233750394
49,9.73,10.58255541323142
49,9.82,10.62690548563638
49,9.91,10.670899790403242
49,10.0,10.714677545538942
50,1.0,2.6599498123724463
50,1.09,2.873388515676551
50,1.18,3.074614145171276
50,1.27,3.2650228186888506
50,1.36,3.4461820817434385
50,1.45,3.619397083373979
50,1.54,3.785092862592255
50,1.63,3.9438331993587363
50,1.72,4.0965668132866595
50,1.81,4.244116884850983
50,1.9,4.386498315223395
50,1.99,4.523951907041752
50,2.08,4.657181625071924
50,2.17,4.786808961912503
50,2.26,4.91270975348045
50,2.35,5.034850805219248
50,2.44,5.153880640960598
50,2.53,5.270323653181259
50,2.62,5.3839708116600455
50,2.71,5.494641110589501
50,2.8,5.602955579593169
50,2.89,5.708588706981769
50,2.98,5.811732140550617
50,3.07,5.9129896096295305
50,3.16,6.011983229945073
50,3.25,6.108877628369553
50,3.34,6.2042700107058755
50,3.43,6.297737991692762
50,3.52,6.389426879952561
50,3.61,6.479934869417049
50,3.7,6.568800107410828
50,3.79,6.6561538960322855
50,3.88,6.741793397331411
50,3.97,6.826122303751971
50,4.06,6.908916401654234
50,4.15,6.990584209649596
50,4.24,7.070881021163858
50,4.33,7.150221992958011
50,4.42,7.228342538138662
50,4.51,7.305666066040306
50,4.6,7.381908504024532
50,4.69,7.456934968280246
50,4.78,7.53081358717129
50,4.87,7.603631647346127
50,4.96,7.67548815969544
50,5.05,7.746480964379057
50,5.14,7.816706978005717
50,5.23,7.88626242976351
50,5.32,7.955243087924254
50,5.41,8.023744478009046
50,5.5,8.091862093783426
50,5.59,8.158694939852982
50,5.68,8.223687324524011
50,5.77,8.286937733160656
50,5.86,8.34990620438373
50,5.95,8.412575027289433
50,6.04,8.47487846038375
50,6.13,8.536755604641549
50,6.22,8.598150110772439
50,6.31,8.65900990391369
50,6.4,8.719286924646887
50,6.49,8.778936885313358
50,6.58,8.83791904067503
50,6.67,8.896195972033485
50,6.76,8.953816745625549
50,6.85,9.011209872793355
50,6.94,9.067916991787671
50,7.03,9.124350819272083
50,7.12,9.18007262113497
50,7.21,9.23547984857319
50,7.3,9.290152512547662
50,7.39,9.34447331674819
50,7.48,9.398091880896903
50,7.57,9.451558183949867
50,7.66,9.504642470743232
50,7.75,9.557009309369512
50,7.84,9.609187579629454
50,7.93,9.660957584915696
50,8.02,9.711998148712858
50,8.11,9.762817804851428
50,8.2,9.813206426182425
50,8.29,9.863417463860229
50,8.38,9.913000207597957
50,8.47,9.962335770137372
50,8.56,10.011223075964558
50,8.65,10.059906063819481
50,8.74,10.107952657396515
50,8.83,10.155729311247416
50,8.92,10.203175832023156
50,9.01,10.250442423798003
50,9.1,10.297483304935032
50,9.19,10.343884173800243
50,9.28,10.389997303499003
50,9.37,10.435765370832785
50,9.46,10.481333020348188
50,9.55,10.52665673704043
50,9.64,10.571660220742233
50,9.73,10.616311400223257
50,9.82,10.660661472628217
50,9.91,10.704655777395079
50,10.0,10.748433532530777
51,1.0,2.6921486590498835
51,1.09,2.905587362353988
51,1.18,3.106812991848714
51,1.27,3.2972216653662887
51,1.36,3.4783809284208758
51,1.45,3.6515959300514176
51,1.54,3.817291709269692
51,1.63,3.976032046036174
51,1.72,4.128765659964098
51,1.81,4.276315731528422
51,1.9,4.418753073869125
51,1.99,4.5562066656874824
51,2.08,4.689436383717654
51,2.17,4.819063720558233
51,2.26,4.944990252067142
51,2.35,5.06713130380594
51,2.44,5.1861611395472895
51,2.53,5.30260415176795
51,2.62,5.416251310246739
51,2.71,5.526921609176194
51,2.8,5.63523607817986
51,2.89,5.740869205568463
51,2.98,5.844012639137309
51,3.07,5.945270108216224
51,3.16,6.044263728531763
51,3.25,6.141158126956245
51,3.34,6.2365505092925675
51,3.43,6.330018490279456
51,3.52,6.421707378539254
51,3.61,6.512215368003742
51,3.7,6.601080605997519
51,3.79,6.688434394618977
51,3.88,6.774073895918105
51,3.97,6.858402802338665
51,4.06,6.941196900240926
51,4.15,7.022864708236287
51,4.24,7.103161519750551
51,4.33,7.182502491544705
51,4.42,7.260623036725354
51,4.51,7.337946564626998
51,4.6,7.4142367013884805
51,4.69,7.489276320426111
51,4.78,7.563154939317155
51,4.87,7.635972999491994
51,4.96,7.7078295118413065
51,5.05,7.778822316524922
51,5.14,7.849048330151586
51,5.23,7.9186037819093755
51,5.32,7.987584440070121
51,5.41,8.056085830154913
51,5.5,8.124203445929293
51,5.59,8.191078124186147
51,5.68,8.256092324632313
51,5.77,8.319343480672819
51,5.86,8.382311951895893
51,5.95,8.444980774801595
51,6.04,8.507284207895914
51,6.13,8.56916135215371
51,6.22,8.630555858284602
51,6.31,8.69141565142585
51,6.4,8.751692672159052
51,6.49,8.811342632825523
51,6.58,8.87032478818719
51,6.67,8.928601719545648
51,6.76,8.986222493137712
51,6.85,9.043615620305518
51,6.94,9.100322739299834
51,7.03,9.156756566784244
51,7.12,9.212478368647131
51,7.21,9.267885596085353
51,7.3,9.322558260059825
51,7.39,9.37687906426035
51,7.48,9.430497628409064
51,7.57,9.48396393146203
51,7.66,9.537048218255395
51,7.75,9.589415056881675
51,7.84,9.641593327141617
51,7.93,9.693363332427857
51,8.02,9.744403896225021
51,8.11,9.79522355236359
51,8.2,9.845612173694587
51,8.29,9.89582321137239
51,8.38,9.945405955110118
51,8.47,9.994741517649535
51,8.56,10.043628823476723
51,8.65,10.092311811331646
51,8.74,10.140358404908678
51,8.83,10.188135058759581
51,8.92,10.23558157953532
51,9.01,10.282848171310164
51,9.1,10.329889052447193
51,9.19,10.376289921312406
51,9.28,10.422403051011162
51,9.37,10.468171118344944
51,9.46,10.51373876786035
51,9.55,10.559062484552593
51,9.64,10.604065968254396
51,9.73,10.648717147735422
51,9.82,10.693067220140382
51,9.91,10.737061524907245
51,10.0,10.780839280042942
52,1.0,2.7230595518602234
52,1.09,2.936498255164329
52,1.18,3.137723884659053
52,1.27,3.3281325581766286
52,1.36,3.5092918212312165
52,1.45,3.6825068228617592
52,1.54,3.8482562775695923
52,1.63,4.006996614336075
52,1.72,4.159730228263999
52,1.81,4.307280299828323
52,1.9,4.44974235251235
52,1.99,4.587195944330707
52,2.08,4.720425662360878
52,2.17,4.8500529992014565
52,2.26,4.975979530710368
52,2.35,5.098120582449165
52,2.44,5.2171504181905135
52,2.53,5.333593430411174
52,2.62,5.447240588889965
52,2.71,5.557910887819418
52,2.8,5.666225356823086
52,2.89,5.771858484211685
52,2.98,5.875001917780533
52,3.07,5.976259386859448
52,3.16,6.0752530071749895
52,3.25,6.17214740559947
52,3.34,6.267539787935792
52,3.43,6.361007768922679
52,3.52,6.452696657182477
52,3.61,6.543204646646965
52,3.7,6.632069884640745
52,3.79,6.719423673262202
52,3.88,6.805063174561329
52,3.97,6.889392080981888
52,4.06,6.972186178884151
52,4.15,7.053853986879513
52,4.24,7.134150798393775
52,4.33,7.213491770187929
52,4.42,7.291658106194745
52,4.51,7.368981634096389
52,4.6,7.445284399448512
52,4.69,7.520324018486141
52,4.78,7.5942026373771885
52,4.87,7.667020697552026
52,4.96,7.738877209901337
52,5.05,7.8098700145849556
52,5.14,7.880096028211616
52,5.23,7.949651479969408
52,5.32,8.018632138130153
52,5.41,8.087133528214945
52,5.5,8.155251143989325
52,5.59,8.222165981145986
52,5.68,8.287201124736281
52,5.77,8.350452998284496
52,5.86,8.41342146950757
52,5.95,8.476090292413271
52,6.04,8.53839372550759
52,6.13,8.600270869765389
52,6.22,8.661665375896277
52,6.31,8.722525169037526
52,6.4,8.782802189770726
52,6.49,8.842452150437202
52,6.58,8.901434305798869
52,6.67,8.959711237157322
52,6.76,9.017332010749385
52,6.85,9.074725137917195
52,6.94,9.131432256911511
52,7.03,9.187866084395921
52,7.12,9.243587886258808
52,7.21,9.298995113697027
52,7.3,9.3536677776715
52,7.39,9.407988581872027
52,7.48,9.461607146020741
52,7.57,9.515073449073707
52,7.66,9.56815773586707
52,7.75,9.62052457449335
52,7.84,9.672702844753294
52,7.93,9.724472850039534
52,8.02,9.775513413836698
52,8.11,9.826333069975266
52,8.2,9.876721691306262
52,8.29,9.926932728984065
52,8.38,9.976515472721795
52,8.47,10.02585103526121
52,8.56,10.074738341088398
52,8.65,10.123421328943321
52,8.74,10.171467922520353
52,8.83,10.219244576371256
52,8.92,10.266691097146996
52,9.01,10.313957688921843
52,9.1,10.360998570058872
52,9.19,10.407399438924083
52,9.28,10.453512568622841
52,9.37,10.499280635956623
52,9.46,10.544848285472025
52,9.55,10.590172002164268
52,9.64,10.635175485866071
52,9.73,10.679826665347099
52,9.82,10.724176737752055
52,9.91,10.768171042518917
52,10.0,10.811948797654617
53,1.0,2.7527340089581505
53,1.09,2.966172712262257
53,1.18,3.1674498702269576
53,1.27,3.357858543744534
53,1.36,3.539017806799122
53,1.45,3.712232808429664
53,1.54,3.8780059850670883
53,1.63,4.036746321833571
53,1.72,4.1894799357614945
53,1.81,4.337030007325817
53,1.9,4.4794920600098465
53,1.99,4.616945651828203
53,2.08,4.750175369858373
53,2.17,4.8798027066989516
53,2.26,5.005729238207865
53,2.35,5.12787028994666
53,2.44,5.24690012568801
53,2.53,5.363343137908671
53,2.62,5.476990296387458
53,2.71,5.587660595316913
53,2.8,5.695975064320581
53,2.89,5.801608191709183
53,2.98,5.9047516252780285
53,3.07,6.006009094356944
53,3.16,6.105002714672484
53,3.25,6.2018971130969645
53,3.34,6.2972894954332865
53,3.43,6.390757476420176
53,3.52,6.482446364679974
53,3.61,6.5729543541444615
53,3.7,6.66181959213824
53,3.79,6.7491733807596965
53,3.88,6.8348128820588245
53,3.97,6.9191417884793855
53,4.06,7.001935886381646
53,4.15,7.083603694377008
53,4.24,7.163944465084391
53,4.33,7.243285436878544
53,4.42,7.321463896332375
53,4.51,7.398787424234019
53,4.6,7.47509018958614
53,4.69,7.550129808623773
53,4.78,7.624008427514818
53,4.87,7.6968264876896555
53,4.96,7.76868300003897
53,5.05,7.839675804722584
53,5.14,7.909901818349247
53,5.23,7.979457270107038
53,5.32,8.048437928267782
53,5.41,8.116939318352577
53,5.5,8.185056934126955
53,5.59,8.252010323827431
53,5.68,8.317065572836093
53,5.77,8.380318135191704
53,5.86,8.44328660641478
53,5.95,8.505955429320482
53,6.04,8.568258862414798
53,6.13,8.630136006672597
53,6.22,8.691530512803489
53,6.31,8.752390305944735
53,6.4,8.812667326677936
53,6.49,8.872317287344408
53,6.58,8.93129944270608
53,6.67,8.989576374064534
53,6.76,9.047197147656597
53,6.85,9.104590274824401
53,6.94,9.161297393818717
53,7.03,9.217731221303131
53,7.12,9.273453023166018
53,7.21,9.328860250604237
53,7.3,9.38353291457871
53,7.39,9.437853718779234
53,7.48,9.491472282927948
53,7.57,9.544938585980915
53,7.66,9.59802287277428
53,7.75,9.65038971140056
53,7.84,9.702567981660504
53,7.93,9.75433798694674
53,8.02,9.805378550743907
53,8.11,9.856198206882475
53,8.2,9.906586828213472
53,8.29,9.956797865891275
53,8.38,10.006380609629005
53,8.47,10.05571617216842
53,8.56,10.104603477995607
53,8.65,10.15328646585053
53,8.74,10.201333059427562
53,8.83,10.249109713278465
53,8.92,10.296556234054204
53,9.01,10.34382282582905
53,9.1,10.390863706966078
53,9.19,10.437264575831291
53,9.28,10.48337770553005
53,9.37,10.529145772863831
53,9.46,10.574713422379233
53,9.55,10.62003713907148
53,9.64,10.665040622773283
53,9.73,10.709691802254309
53,9.82,10.754041874659267
53,9.91,10.798036179426129
53,10.0,10.841813934561825
54,1.0,2.7812709551033397
54,1.09,2.9947096584074453
54,1.18,3.1960095894245537
54,1.27,3.38641826294213
54,1.36,3.567577525996717
54,1.45,3.7407925276272582
54,1.54,3.9065657042646844
54,1.63,4.065306041031167
54,1.72,4.21803965495909
54,1.81,4.365589726523412
54,1.9,4.508051779207443
54,1.99,4.6455053710257985
54,2.08,4.778735089055969
54,2.17,4.908362425896549
54,2.26,5.034288957405458
54,2.35,5.156430009144255
54,2.44,5.275459844885606
54,2.53,5.391902857106266
54,2.62,5.505550015585056
54,2.71,5.616220314514509
54,2.8,5.724534783518177
54,2.89,5.830167910906777
54,2.98,5.933311344475623
54,3.07,6.034568813554539
54,3.16,6.133562433870081
54,3.25,6.2304568322945615
54,3.34,6.325849214630884
54,3.43,6.419317195617771
54,3.52,6.511006083877568
54,3.61,6.601514073342056
54,3.7,6.690379311335836
54,3.79,6.7777330999572944
54,3.88,6.86337260125642
54,3.97,6.947701507676981
54,4.06,7.030537806404638
54,4.15,7.112205614399999
54,4.24,7.192558023616515
54,4.33,7.271898995410669
54,4.42,7.350077454864499
54,4.51,7.427400982766143
54,4.6,7.503703748118268
54,4.69,7.578743367155898
54,4.78,7.6526219860469435
54,4.87,7.725440046221784
54,4.96,7.797296558571093
54,5.05,7.86828936325471
54,5.14,7.938515376881372
54,5.23,8.008070828639163
54,5.32,8.07705148679991
54,5.41,8.1455528768847
54,5.5,8.21367049265908
54,5.59,8.280660892801619
54,5.68,8.345735443011911
54,5.77,8.408988666622625
54,5.86,8.4719571378457
54,5.95,8.534625960751402
54,6.04,8.59692939384572
54,6.13,8.658806538103518
54,6.22,8.72020104423441
54,6.31,8.781060837375657
54,6.4,8.841337858108856
54,6.49,8.900987818775329
54,6.58,8.959969974136998
54,6.67,9.018246905495458
54,6.76,9.075867679087521
54,6.85,9.133260806255326
54,6.94,9.18996792524964
54,7.03,9.24640175273405
54,7.12,9.302123554596935
54,7.21,9.357530782035159
54,7.3,9.41220344600963
54,7.39,9.466524250210155
54,7.48,9.520142814358868
54,7.57,9.573609117411836
54,7.66,9.626693404205199
54,7.75,9.679060242831477
54,7.84,9.731238513091423
54,7.93,9.783008518377663
54,8.02,9.834049082174829
54,8.11,9.884868738313397
54,8.2,9.93525735964439
54,8.29,9.985468397322194
54,8.38,10.035051141059924
54,8.47,10.084386703599339
54,8.56,10.133274009426529
54,8.65,10.18195699728145
54,8.74,10.230003590858484
54,8.83,10.277780244709387
54,8.92,10.325226765485127
54,9.01,10.372493357259971
54,9.1,10.419534238396999
54,9.19,10.46593510726221
54,9.28,10.51204823696097
54,9.37,10.55781630429475
54,9.46,10.603383953810155
54,9.55,10.648707670502398
54,9.64,10.693711154204202
54,9.73,10.738362333685227
54,9.82,10.782712406090186
54,9.91,10.82670671085705
54,10.0,10.870484465992744
55,1.0,2.8086882855330306
55,1.09,3.0221269888371363
55,1.18,3.223426919854246
55,1.27,3.4138355933718225
55,1.36,3.594994856426409
55,1.45,3.7682098580569496
55,1.54,3.9339830346943767
55,1.63,4.092723371460859
55,1.72,4.245456985388782
55,1.81,4.393007056953105
55,1.9,4.535469109637133
55,1.99,4.67292270145549
55,2.08,4.806152419485661
55,2.17,4.93577975632624
55,2.26,5.061706287835152
55,2.35,5.183847339573948
55,2.44,5.302877175315298
55,2.53,5.419320187535958
55,2.62,5.532967346014747
55,2.71,5.643637644944199
55,2.8,5.751952113947867
55,2.89,5.85758524133647
55,2.98,5.960728674905316
55,3.07,6.061986143984232
55,3.16,6.160979764299772
55,3.25,6.257874162724252
55,3.34,6.353266545060574
55,3.43,6.4467345260474636
55,3.52,6.538423414307262
55,3.61,6.62893140377175
55,3.7,6.717796641765528
55,3.79,6.805150430386986
55,3.88,6.8908304444784925
55,3.97,6.975159350899052
55,4.06,7.058006822595477
55,4.15,7.1396746305908385
55,4.24,7.220027039807354
55,4.33,7.299368011601508
55,4.42,7.37754647105534
55,4.51,7.454869998956984
55,4.6,7.531172764309106
55,4.69,7.6062123833467385
55,4.78,7.680091002237786
55,4.87,7.752909062412621
55,4.96,7.824765574761933
55,5.05,7.89575837944555
55,5.14,7.965984393072212
55,5.23,8.035539844830005
55,5.32,8.104520502990749
55,5.41,8.173021893075541
55,5.5,8.24113950884992
55,5.59,8.30816543901684
55,5.68,8.373258518380696
55,5.77,8.436512376796308
55,5.86,8.499480848019385
55,5.95,8.562149670925086
55,6.04,8.624453104019404
55,6.13,8.686330248277203
55,6.22,8.747724754408093
55,6.31,8.80858454754934
55,6.4,8.868861568282542
55,6.49,8.928511528949013
55,6.58,8.987493684310682
55,6.67,9.045770615669138
55,6.76,9.103391389261201
55,6.85,9.160784516429011
55,6.94,9.217491635423327
55,7.03,9.273925462907737
55,7.12,9.329647264770621
55,7.21,9.385054492208841
55,7.3,9.439727156183311
55,7.39,9.49404796038384
55,7.48,9.547666524532554
55,7.57,9.60113282758552
55,7.66,9.654217114378882
55,7.75,9.706583953005161
55,7.84,9.758762223265107
55,7.93,9.810532228551345
55,8.02,9.86157279234851
55,8.11,9.91239244848708
55,8.2,9.962781069818076
55,8.29,10.01299210749588
55,8.38,10.06257485123361
55,8.47,10.111910413773025
55,8.56,10.160797719600211
55,8.65,10.209480707455132
55,8.74,10.257527301032166
55,8.83,10.305303954883069
55,8.92,10.352750475658809
55,9.01,10.400017067433657
55,9.1,10.447057948570682
55,9.19,10.493458817435895
55,9.28,10.539571947134656
55,9.37,10.585340014468436
55,9.46,10.630907663983837
55,9.55,10.676231380676082
55,9.64,10.721234864377886
55,9.73,10.76588604385891
55,9.82,10.81023611626387
55,9.91,10.854230421030731
55,10.0,10.89800817616643
56,1.0,2.8350089227455353
56,1.09,3.04844762604964
56,1.18,3.2497475570667507
56,1.27,3.4401562305843263
56,1.36,3.6213154936389134
56,1.45,3.7945304952694547
56,1.54,3.96030367190688
56,1.63,4.119044008673362
56,1.72,4.271777622601286
56,1.81,4.419327694165609
56,1.9,4.561789746849639
56,1.99,4.699243338667994
56,2.08,4.8324730566981655
56,2.17,4.962100393538744
56,2.26,5.088026925047655
56,2.35,5.210167976786451
56,2.44,5.3291978125278
56,2.53,5.445640824748461
56,2.62,5.559287983227252
56,2.71,5.669958282156705
56,2.8,5.778272751160373
56,2.89,5.883905878548974
56,2.98,5.987049312117819
56,3.07,6.088306781196734
56,3.16,6.187300401512276
56,3.25,6.284194799936759
56,3.34,6.37958718227308
56,3.43,6.473055163259968
56,3.52,6.564744051519766
56,3.61,6.655252040984254
56,3.7,6.744156171258718
56,3.79,6.831509959880174
56,3.88,6.917200700021698
56,3.97,7.001529606442258
56,4.06,7.084377078138682
56,4.15,7.166044886134044
56,4.24,7.246397295350562
56,4.33,7.3257382671447155
56,4.42,7.4039167265985455
56,4.51,7.4812402545001895
56,4.6,7.5575430198523135
56,4.69,7.632582638889947
56,4.78,7.706461257780989
56,4.87,7.779279317955828
56,4.96,7.85113583030514
56,5.05,7.9221286349887565
56,5.14,7.992354648615421
56,5.23,8.06191010037321
56,5.32,8.130890758533955
56,5.41,8.199392148618749
56,5.5,8.267509764393127
56,5.59,8.33456980338345
56,5.68,8.39968067073473
56,5.77,8.462935138563045
56,5.86,8.525903609786122
56,5.95,8.588572432691823
56,6.04,8.65087586578614
56,6.13,8.712753010043938
56,6.22,8.77414751617483
56,6.31,8.835007309316078
56,6.4,8.895284330049277
56,6.49,8.954934290715752
56,6.58,9.013916446077419
56,6.67,9.072193377435873
56,6.76,9.129814151027936
56,6.85,9.187207278195745
56,6.94,9.24391439719006
56,7.03,9.300348224674474
56,7.12,9.356070026537362
56,7.21,9.411477253975582
56,7.3,9.46614991795005
56,7.39,9.520470722150575
56,7.48,9.574089286299289
56,7.57,9.627555589352253
56,7.66,9.68063987614562
56,7.75,9.7330067147719
56,7.84,9.785184985031844
56,7.93,9.836954990318082
56,8.02,9.887995554115244
56,8.11,9.938815210253816
56,8.2,9.98920383158481
56,8.29,10.039414869262613
56,8.38,10.088997613000343
56,8.47,10.13833317553976
56,8.56,10.18722048136695
56,8.65,10.23590346922187
56,8.74,10.283950062798905
56,8.83,10.331726716649808
56,8.92,10.379173237425547
56,9.01,10.42643982920039
56,9.1,10.473480710337418
56,9.19,10.51988157920263
56,9.28,10.565994708901389
56,9.37,10.611762776235171
56,9.46,10.657330425750576
56,9.55,10.702654142442817
56,9.64,10.74765762614462
56,9.73,10.792308805625648
56,9.82,10.836658878030608
56,9.91,10.88065318279747
56,10.0,10.924430937933165
57,1.0,2.8602767344695392
57,1.09,3.073715437773645
57,1.18,3.2750153687907537
57,1.27,3.4654240423083293
57,1.36,3.6465833053629173
57,1.45,3.8197983069934587
57,1.54,3.9855714836308858
57,1.63,4.144311820397366
57,1.72,4.297045434325291
57,1.81,4.444595505889613
57,1.9,4.587057558573641
57,1.99,4.724511150391997
57,2.08,4.857740868422168
57,2.17,4.987368205262747
57,2.26,5.1132947367716595
57,2.35,5.235435788510457
57,2.44,5.354465624251806
57,2.53,5.470908636472466
57,2.62,5.584555794951256
57,2.71,5.695226093880708
57,2.8,5.8035405628843755
57,2.89,5.909173690272978
57,2.98,6.012317123841826
57,3.07,6.11357459292074
57,3.16,6.21256821323628
57,3.25,6.309462611660763
57,3.34,6.404854993997085
57,3.43,6.49836031157343
57,3.52,6.590049199833227
57,3.61,6.680557189297715
57,3.7,6.769471616580194
57,3.79,6.8568254052016515
57,3.88,6.942516145343174
57,3.97,7.026845051763734
57,4.06,7.109692523460161
57,4.15,7.191360331455523
57,4.24,7.271712740672039
57,4.33,7.351053712466193
57,4.42,7.429232171920025
57,4.51,7.506555699821669
57,4.6,7.5828584651737945
57,4.69,7.657898084211421
57,4.78,7.731776703102469
57,4.87,7.804594763277307
57,4.96,7.876451275626619
57,5.05,7.947444080310237
57,5.14,8.017670093936896
57,5.23,8.087225545694688
57,5.32,8.156206203855435
57,5.41,8.224707593940225
57,5.5,8.292825209714605
57,5.59,8.359917993175397
57,5.68,8.425045936994602
57,5.77,8.488300989859113
57,5.86,8.551269461082189
57,5.95,8.61393828398789
57,6.04,8.676241717082208
57,6.13,8.738118861340006
57,6.22,8.799513367470897
57,6.31,8.860373160612145
57,6.4,8.920650181345344
57,6.49,8.980300142011817
57,6.58,9.039282297373488
57,6.67,9.097559228731942
57,6.76,9.155180002324006
57,6.85,9.21257312949181
57,6.94,9.269280248486126
57,7.03,9.325714075970538
57,7.12,9.381435877833425
57,7.21,9.436843105271649
57,7.3,9.49151576924612
57,7.39,9.545836573446646
57,7.48,9.59945513759536
57,7.57,9.652921440648322
57,7.66,9.706005727441687
57,7.75,9.758372566067965
57,7.84,9.810550836327907
57,7.93,9.86232084161415
57,8.02,9.913361405411313
57,8.11,9.964181061549883
57,8.2,10.014569682880879
57,8.29,10.064780720558682
57,8.38,10.114363464296408
57,8.47,10.163699026835827
57,8.56,10.212586332663012
57,8.65,10.261269320517934
57,8.74,10.309315914094968
57,8.83,10.357092567945873
57,8.92,10.404539088721613
57,9.01,10.45180568049646
57,9.1,10.498846561633487
57,9.19,10.5452474304987
57,9.28,10.591360560197458
57,9.37,10.63712862753124
57,9.46,10.682696277046642
57,9.55,10.728019993738883
57,9.64,10.773023477440686
57,9.73,10.817674656921714
57,9.82,10.862024729326672
57,9.91,10.906019034093536
57,10.0,10.949796789229234
58,1.0,2.8845338337245834
58,1.09,3.0979725370286886
58,1.18,3.299272468045799
58,1.27,3.489681141563373
58,1.36,3.670840404617962
58,1.45,3.8440554062485024
58,1.54,4.009828582885928
58,1.63,4.168568919652409
58,1.72,4.321302533580333
58,1.81,4.468852605144656
58,1.9,4.611314657828686
58,1.99,4.748768249647043
58,2.08,4.881997967677213
58,2.17,5.011625304517793
58,2.26,5.137551836026704
58,2.35,5.2596928877655
58,2.44,5.378722723506848
58,2.53,5.495165735727508
58,2.62,5.6088128942063005
58,2.71,5.719483193135755
58,2.8,5.827797662139421
58,2.89,5.933430789528022
58,2.98,6.03657422309687
58,3.07,6.1378316921757845
58,3.16,6.236861155617205
58,3.25,6.3337555540416846
58,3.34,6.429147936378007
58,3.43,6.522663139082048
58,3.52,6.6143520273418455
58,3.61,6.704860016806333
58,3.7,6.793774444088812
58,3.79,6.881128232710269
58,3.88,6.966818972851795
58,3.97,7.051147879272355
58,4.06,7.13399535096878
58,4.15,7.215663158964142
58,4.24,7.296015568180659
58,4.33,7.375356539974812
58,4.42,7.453534999428647
58,4.51,7.530858527330291
58,4.6,7.6071612926824095
58,4.69,7.6822009117200425
58,4.78,7.756079530611089
58,4.87,7.828897590785926
58,4.96,7.900754103135239
58,5.05,7.971746907818853
58,5.14,8.041972921445517
58,5.23,8.111528373203308
58,5.32,8.180509031364052
58,5.41,8.249010421448846
58,5.5,8.317128037223224
58,5.59,8.384252255375667
58,5.68,8.44939659260408
58,5.77,8.512652207103336
58,5.86,8.575620678326413
58,5.95,8.638289501232116
58,6.04,8.700592934326432
58,6.13,8.762470078584231
58,6.22,8.823864584715121
58,6.31,8.88472437785637
58,6.4,8.94500139858957
58,6.49,9.004651359256043
58,6.58,9.063633514617711
58,6.67,9.121910445976168
58,6.76,9.179531219568231
58,6.85,9.236924346736037
58,6.94,9.293631465730353
58,7.03,9.350065293214762
58,7.12,9.405787095077649
58,7.21,9.461194322515869
58,7.3,9.515866986490343
58,7.39,9.570187790690872
58,7.48,9.623806354839585
58,7.57,9.677272657892551
58,7.66,9.730356944685914
58,7.75,9.782723783312194
58,7.84,9.834902053572135
58,7.93,9.886672058858373
58,8.02,9.937712622655537
58,8.11,9.988532278794104
58,8.2,10.038920900125103
58,8.29,10.089131937802906
58,8.38,10.138714681540636
58,8.47,10.188050244080053
58,8.56,10.236937549907239
58,8.65,10.285620537762162
58,8.74,10.33366713133919
58,8.83,10.381443785190097
58,8.92,10.428890305965837
58,9.01,10.47615689774068
58,9.1,10.523197778877707
58,9.19,10.569598647742922
58,9.28,10.615711777441682
58,9.37,10.661479844775464
58,9.46,10.707047494290865
58,9.55,10.75237121098311
58,9.64,10.797374694684914
58,9.73,10.842025874165941
58,9.82,10.8863759465709
58,9.91,10.930370251337761
58,10.0,10.974148006473458
59,1.0,2.907820649009426
59,1.09,3.1212593523135306
59,1.18,3.3225592833306394
59,1.27,3.5129679568482146
59,1.36,3.694127219902802
59,1.45,3.8673422215333435
59,1.54,4.033115398170771
59,1.63,4.191855734937253
59,1.72,4.344589348865177
59,1.81,4.4921394204295
59,1.9,4.634601473113529
59,1.99,4.772055064931884
59,2.08,4.905284782962053
59,2.17,5.034912119802633
59,2.26,5.160838651311546
59,2.35,5.282979703050344
59,2.44,5.402009538791692
59,2.53,5.518452551012352
59,2.62,5.632099709491142
59,2.71,5.742770008420597
59,2.8,5.851084477424264
59,2.89,5.956752014213709
59,2.98,6.059895447782554
59,3.07,6.16115291686147
59,3.16,6.260191870025477
59,3.25,6.357086268449959
59,3.34,6.45247865078628
59,3.43,6.54599385349032
59,3.52,6.637682741750118
59,3.61,6.728190731214606
59,3.7,6.817105158497087
59,3.79,6.9044589471185445
59,3.88,6.990149687260068
59,3.97,7.074478593680628
59,4.06,7.157326065377054
59,4.15,7.238993873372417
59,4.24,7.319346282588937
59,4.33,7.3986872543830895
59,4.42,7.476865713836917
59,4.51,7.554189241738561
59,4.6,7.630492007090686
59,4.69,7.705531626128318
59,4.78,7.779410245019363
59,4.87,7.852228305194202
59,4.96,7.924084817543512
59,5.05,7.995077622227129
59,5.14,8.065303635853791
59,5.23,8.13485908761158
59,5.32,8.203839745772328
59,5.41,8.27234113585712
59,5.5,8.340458751631498
59,5.59,8.407613147087925
59,5.68,8.472773221989177
59,5.77,8.536029375657792
59,5.86,8.598997846880868
59,5.95,8.66166666978657
59,6.04,8.72397010288089
59,6.13,8.785847247138685
59,6.22,8.847241753269579
59,6.31,8.908101546410824
59,6.4,8.968378567144025
59,6.49,9.028028527810498
59,6.58,9.087010683172167
59,6.67,9.145287614530622
59,6.76,9.202908388122685
59,6.85,9.260301515290493
59,6.94,9.317008634284809
59,7.03,9.37344246176922
59,7.12,9.429164263632106
59,7.21,9.484571491070325
59,7.3,9.539244155044797
59,7.39,9.593564959245322
59,7.48,9.647183523394036
59,7.57,9.700649826447004
59,7.66,9.75373411324037
59,7.75,9.80610095186665
59,7.84,9.858279222126594
59,7.93,9.910049227412832
59,8.02,9.961089791209996
59,8.11,10.011909447348563
59,8.2,10.062298068679556
59,8.29,10.11250910635736
59,8.38,10.16209185009509
59,8.47,10.211427412634503
59,8.56,10.260314718461693
59,8.65,10.308997706316616
59,8.74,10.35704429989365
59,8.83,10.404820953744554
59,8.92,10.452267474520294
59,9.01,10.499534066295137
59,9.1,10.546574947432166
59,9.19,10.592975816297374
59,9.28,10.639088945996136
59,9.37,10.684857013329918
59,9.46,10.73042466284532
59,9.55,10.77574837953756
59,9.64,10.820751863239364
59,9.73,10.865403042720393
59,9.82,10.909753115125353
59,9.91,10.953747419892217
59,10.0,10.997525175027912
60,1.0,2.9301759916828725
60,1.09,3.143614694986978
60,1.18,3.3449146260040887
60,1.27,3.5353232995216644
60,1.36,3.716482562576252
60,1.45,3.889697564206794
60,1.54,4.055470740844219
60,1.63,4.214211077610701
60,1.72,4.366944691538623
60,1.81,4.514494763102946
60,1.9,4.656956815786977
60,1.99,4.794410407605335
60,2.08,4.927640125635504
60,2.17,5.057267462476083
60,2.26,5.183193993984994
60,2.35,5.305335045723792
60,2.44,5.4243648814651415
60,2.53,5.540807893685802
60,2.62,5.654488085189402
60,2.71,5.765158384118854
60,2.8,5.8734728531225215
60,2.89,5.979149500045651
60,2.98,6.0822929336144975
60,3.07,6.183550402693412
60,3.16,6.282589355857419
60,3.25,6.3794837542819005
60,3.34,6.474876136618222
60,3.43,6.568391339322265
60,3.52,6.660080227582062
60,3.61,6.75058821704655
60,3.7,6.83950264432903
60,3.79,6.926856432950487
60,3.88,7.0125471730920115
60,3.97,7.096876079512573
60,4.06,7.179723551209001
60,4.15,7.261391359204363
60,4.24,7.3417437684208755
60,4.33,7.421084740215029
60,4.42,7.499263199668862
60,4.51,7.576586727570506
60,4.6,7.65288949292263
60,4.69,7.727929111960261
60,4.78,7.801807730851307
60,4.87,7.874625791026143
60,4.96,7.946482303375456
60,5.05,8.017475108059072
60,5.14,8.087701121685734
60,5.23,8.157256573443526
60,5.32,8.226237231604271
60,5.41,8.294738621689064
60,5.5,8.362856237463442
60,5.59,8.430039603131695
60,5.68,8.495214786198872
60,5.77,8.55847145747007
60,5.86,8.621439928693146
60,5.95,8.684108751598847
60,6.04,8.746412184693165
60,6.13,8.808289328950965
60,6.22,8.869683835081853
60,6.31,8.930543628223104
60,6.4,8.990820648956301
60,6.49,9.050470609622776
60,6.58,9.109452764984445
60,6.67,9.1677296963429
60,6.76,9.225350469934963
60,6.85,9.282743597102769
60,6.94,9.339450716097085
60,7.03,9.395884543581497
60,7.12,9.451606345444384
60,7.21,9.507013572882604
60,7.3,9.561686236857076
60,7.39,9.6160070410576
60,7.48,9.669625605206313
60,7.57,9.72309190825928
60,7.66,9.776176195052642
60,7.75,9.828543033678923
60,7.84,9.880721303938868
60,7.93,9.93249130922511
60,8.02,9.983531873022274
60,8.11,10.034351529160844
60,8.2,10.084740150491838
60,8.29,10.13495118816964
60,8.38,10.18453393190737
60,8.47,10.233869494446784
60,8.56,10.282756800273969
60,8.65,10.331439788128892
60,8.74,10.379486381705926
60,8.83,10.427263035556827
60,8.92,10.474709556332567
60,9.01,10.521976148107413
60,9.1,10.569017029244442
60,9.19,10.615417898109655
60,9.28,10.661531027808415
60,9.37,10.707299095142197
60,9.46,10.752866744657599
60,9.55,10.798190461349842
60,9.64,10.843193945051645
60,9.73,10.887845124532667
60,9.82,10.932195196937629
60,9.91,10.976189501704493
60,10.0,11.019967256840188
61,1.0,2.9516371206493845
61,1.09,3.1650758239534906
61,1.18,3.3663757549705995
61,1.27,3.556784428488174
61,1.36,3.737943691542761
61,1.45,3.9111586931733022
61,1.54,4.07693186981073
61,1.63,4.235672206577214
61,1.72,4.3884058205051355
61,1.81,4.535955892069459
61,1.9,4.6784179447534875
61,1.99,4.815871536571845
61,2.08,4.949101254602016
61,2.17,5.078728591442594
61,2.26,5.204686834655324
61,2.35,5.326827886394119
61,2.44,5.445857722135469
61,2.53,5.562300734356129
61,2.62,5.6759896715880656
61,2.71,5.786659970517519
61,2.8,5.894974439521186
61,2.89,6.000651086444315
61,2.98,6.103794520013162
61,3.07,6.205051989092076
61,3.16,6.304090942256085
61,3.25,6.400985340680567
61,3.34,6.496377723016889
61,3.43,6.589892925720929
61,3.52,6.681581813980727
61,3.61,6.772089803445215
61,3.7,6.861004230727696
61,3.79,6.948358019349155
61,3.88,7.03404875949068
61,3.97,7.118377665911241
61,4.06,7.201225137607663
61,4.15,7.282892945603025
61,4.24,7.363245354819543
61,4.33,7.4425863266136965
61,4.42,7.520764786067528
61,4.51,7.598088313969172
61,4.6,7.674391079321295
61,4.69,7.749430698358927
61,4.78,7.82330931724997
61,4.87,7.8961273774248095
61,4.96,7.967983889774121
61,5.05,8.03897669445774
61,5.14,8.109202708084402
61,5.23,8.178758159842191
61,5.32,8.247738818002937
61,5.41,8.316240208087729
61,5.5,8.384357823862107
61,5.59,8.451569000933713
61,5.68,8.516758687840179
61,5.77,8.580015856009856
61,5.86,8.642984327232933
61,5.95,8.705653150138634
61,6.04,8.767956583232952
61,6.13,8.82983372749075
61,6.22,8.891228233621641
61,6.31,8.952088026762887
61,6.4,9.01236504749609
61,6.49,9.07201500816256
61,6.58,9.130997163524231
61,6.67,9.189274094882686
61,6.76,9.24689486847475
61,6.85,9.304287995642555
61,6.94,9.360995114636872
61,7.03,9.417428942121282
61,7.12,9.473150743984169
61,7.21,9.52855797142239
61,7.3,9.583230635396863
61,7.39,9.637551439597388
61,7.48,9.691170003746102
61,7.57,9.744636306799068
61,7.66,9.797720593592429
61,7.75,9.850087432218709
61,7.84,9.902265702478653
61,7.93,9.954035707764891
61,8.02,10.005076271562055
61,8.11,10.055895927700627
61,8.2,10.106284549031624
61,8.29,10.156495586709427
61,8.38,10.206078330447157
61,8.47,10.255413892986574
61,8.56,10.30430119881376
61,8.65,10.352984186668682
61,8.74,10.401030780245716
61,8.83,10.448807434096617
61,8.92,10.496253954872357
61,9.01,10.543520546647198
61,9.1,10.590561427784227
61,9.19,10.63696229664944
61,9.28,10.683075426348196
61,9.37,10.728843493681978
61,9.46,10.774411143197383
61,9.55,10.819734859889627
61,9.64,10.86473834359143
61,9.73,10.909389523072457
61,9.82,10.953739595477417
61,9.91,10.997733900244281
61,10.0,11.041511655379976
62,1.0,2.972239804457233
62,1.09,3.185678507761338
62,1.18,3.38697843877845
62,1.27,3.5773871122960275
62,1.36,3.7585463753506123
62,1.45,3.9317613769811546
62,1.54,4.09753455361858
62,1.63,4.256274890385063
62,1.72,4.409008504312987
62,1.81,4.556558575877309
62,1.9,4.699051071797004
62,1.99,4.836504663615359
62,2.08,4.969734381645529
62,2.17,5.099361718486109
62,2.26,5.225328357598041
62,2.35,5.347469409336838
62,2.44,5.466499245078187
62,2.53,5.582942257298847
62,2.62,5.6966311945307835
62,2.71,5.807301493460237
62,2.8,5.915615962463903
62,2.89,6.021292609387035
62,2.98,6.124436042955882
62,3.07,6.2256935120347965
62,3.16,6.324732465198803
62,3.25,6.421626863623285
62,3.34,6.517019245959607
62,3.43,6.610534448663649
62,3.52,6.702223336923448
62,3.61,6.792731326387936
62,3.7,6.881645753670417
62,3.79,6.968999542291876
62,3.88,7.054690282433397
62,3.97,7.139019188853957
62,4.06,7.221866660550383
62,4.15,7.303534468545745
62,4.24,7.383886877762262
62,4.33,7.463227849556416
62,4.42,7.541406309010247
62,4.51,7.618729836911891
62,4.6,7.695032602264015
62,4.69,7.770072221301644
62,4.78,7.84395084019269
62,4.87,7.916768900367528
62,4.96,7.988625412716842
62,5.05,8.059618217400459
62,5.14,8.12984423102712
62,5.23,8.199399682784911
62,5.32,8.268380340945654
62,5.41,8.336881731030447
62,5.5,8.404999346804825
62,5.59,8.472237222823649
62,5.68,8.537440833415834
62,5.77,8.60069847860805
62,5.86,8.663666949831127
62,5.95,8.726335772736828
62,6.04,8.788639205831146
62,6.13,8.850516350088945
62,6.22,8.911910856219835
62,6.31,8.972770649361085
62,6.4,9.033047670094282
62,6.49,9.092697630760757
62,6.58,9.151679786122425
62,6.67,9.209956717480882
62,6.76,9.267577491072945
62,6.85,9.324970618240751
62,6.94,9.381677737235067
62,7.03,9.438111564719478
62,7.12,9.493833366582365
62,7.21,9.549240594020583
62,7.3,9.603913257995057
62,7.39,9.658234062195584
62,7.48,9.711852626344298
62,7.57,9.765318929397264
62,7.66,9.818403216190626
62,7.75,9.870770054816905
62,7.84,9.922948325076849
62,7.93,9.974718330363086
62,8.02,10.025758894160251
62,8.11,10.07657855029882
62,8.2,10.126967171629815
62,8.29,10.177178209307618
62,8.38,10.226760953045346
62,8.47,10.276096515584767
62,8.56,10.324983821411955
62,8.65,10.373666809266876
62,8.74,10.42171340284391
62,8.83,10.469490056694815
62,8.92,10.516936577470554
62,9.01,10.564203169245399
62,9.1,10.611244050382425
62,9.19,10.657644919247637
62,9.28,10.703758048946396
62,9.37,10.749526116280178
62,9.46,10.795093765795574
62,9.55,10.84041748248782
62,9.64,10.885420966189624
62,9.73,10.930072145670652
62,9.82,10.974422218075608
62,9.91,11.01841652284247
62,10.0,11.06219427797817
63,1.0,2.9920183809127705
63,1.09,3.2054570842168766
63,1.18,3.4067570152339854
63,1.27,3.597165688751562
63,1.36,3.7783249518061504
63,1.45,3.951539953436691
63,1.54,4.117342355580356
63,1.63,4.2760826923468365
63,1.72,4.42881630627476
63,1.81,4.576366377839084
63,1.9,4.718866933822013
63,1.99,4.856320525640369
63,2.08,4.989550243670539
63,2.17,5.119177580511118
63,2.26,5.24514421962305
63,2.35,5.367285271361847
63,2.44,5.486315107103195
63,2.53,5.602758119323855
63,2.62,5.716447056555794
63,2.71,5.827117355485248
63,2.8,5.935431824488916
63,2.89,6.041108471412044
63,2.98,6.144251904980891
63,3.07,6.2455093740598056
63,3.16,6.344548327223814
63,3.25,6.441442725648297
63,3.34,6.536835107984619
63,3.43,6.630350310688661
63,3.52,6.72203919894846
63,3.61,6.812547188412948
63,3.7,6.901461615695426
63,3.79,6.988815404316883
63,3.88,7.074506144458407
63,3.97,7.158835050878968
63,4.06,7.2416825225753945
63,4.15,7.323350330570756
63,4.24,7.403702739787272
63,4.33,7.483043711581426
63,4.42,7.561222171035258
63,4.51,7.638545698936902
63,4.6,7.714848464289023
63,4.69,7.789888083326655
63,4.78,7.863766702217701
63,4.87,7.93658476239254
63,4.96,8.008441274741854
63,5.05,8.079434079425468
63,5.14,8.14966009305213
63,5.23,8.21921554480992
63,5.32,8.288196202970665
63,5.41,8.356697593055456
63,5.5,8.424815208829834
63,5.59,8.49207871583799
63,5.68,8.557295693168463
63,5.77,8.620553796302318
63,5.86,8.683522267525394
63,5.95,8.746191090431095
63,6.04,8.808494523525413
63,6.13,8.87037166778321
63,6.22,8.931766173914104
63,6.31,8.99262596705535
63,6.4,9.052902987788551
63,6.49,9.112552948455022
63,6.58,9.171535103816693
63,6.67,9.229812035175149
63,6.76,9.287432808767212
63,6.85,9.344825935935019
63,6.94,9.401533054929335
63,7.03,9.457966882413745
63,7.12,9.513688684276632
63,7.21,9.569095911714852
63,7.3,9.623768575689324
63,7.39,9.678089379889848
63,7.48,9.731707944038561
63,7.57,9.785174247091529
63,7.66,9.838258533884893
63,7.75,9.890625372511174
63,7.84,9.942803642771118
63,7.93,9.994573648057356
63,8.02,10.045614211854518
63,8.11,10.096433867993088
63,8.2,10.146822489324082
63,8.29,10.197033527001885
63,8.38,10.246616270739615
63,8.47,10.29595183327903
63,8.56,10.344839139106217
63,8.65,10.39352212696114
63,8.74,10.441568720538172
63,8.83,10.48934537438908
63,8.92,10.53679189516482
63,9.01,10.584058486939664
63,9.1,10.631099368076692
63,9.19,10.677500236941905
63,9.28,10.723613366640665
63,9.37,10.769381433974447
63,9.46,10.81494908348985
63,9.55,10.86027280018209
63,9.64,10.905276283883893
63,9.73,10.94992746336492
63,9.82,10.994277535769879
63,9.91,11.038271840536742
63,10.0,11.082049595672432
64,1.0,3.011005814310087
64,1.09,3.2244445176141916
64,1.18,3.425772505117291
64,1.27,3.6161811786348643
64,1.36,3.797340441689452
64,1.45,3.970555443319994
64,1.54,4.136365583124364
64,1.63,4.295105919890846
64,1.72,4.44783953381877
64,1.81,4.595389605383092
64,1.9,4.737890161366021
64,1.99,4.875343753184377
64,2.08,5.008573471214547
64,2.17,5.138200808055125
64,2.26,5.26416744716706
64,2.35,5.386308498905858
64,2.44,5.505338334647207
64,2.53,5.621781346867867
64,2.62,5.735470284099803
64,2.71,5.846140583029257
64,2.8,5.954455052032924
64,2.89,6.060131698956054
64,2.98,6.163275132524903
64,3.07,6.264532601603818
64,3.16,6.363571554767827
64,3.25,6.460465953192308
64,3.34,6.55585833552863
64,3.43,6.64937353823267
64,3.52,6.7410624264924675
64,3.61,6.831570415956955
64,3.7,6.920484843239436
64,3.79,7.007838631860894
64,3.88,7.093529372002418
64,3.97,7.1778582784229785
64,4.06,7.260705750119404
64,4.15,7.342373558114765
64,4.24,7.422725967331282
64,4.33,7.502066939125436
64,4.42,7.580245398579266
64,4.51,7.65756892648091
64,4.6,7.733871691833034
64,4.69,7.808911310870665
64,4.78,7.882789929761712
64,4.87,7.955607989936552
64,4.96,8.027464502285861
64,5.05,8.098457306969479
64,5.14,8.16868332059614
64,5.23,8.23823877235393
64,5.32,8.307219430514673
64,5.41,8.375720820599465
64,5.5,8.443838436373843
64,5.59,8.511126549131754
64,5.68,8.576356358530987
64,5.77,8.639614901288814
64,5.86,8.70258337251189
64,5.95,8.765252195417592
64,6.04,8.82755562851191
64,6.13,8.889432772769707
64,6.22,8.950827278900597
64,6.31,9.011687072041848
64,6.4,9.071964092775046
64,6.49,9.13161405344152
64,6.58,9.190596208803187
64,6.67,9.248873140161644
64,6.76,9.306493913753707
64,6.85,9.363887040921515
64,6.94,9.420594159915831
64,7.03,9.477027987400241
64,7.12,9.532749789263129
64,7.21,9.588157016701349
64,7.3,9.64282968067582
64,7.39,9.697150484876346
64,7.48,9.75076904902506
64,7.57,9.804235352078026
64,7.66,9.857319638871386
64,7.75,9.909686477497667
64,7.84,9.961864747757613
64,7.93,10.013634753043853
64,8.02,10.064675316841017
64,8.11,10.115494972979587
64,8.2,10.16588359431058
64,8.29,10.216094631988383
64,8.38,10.265677375726112
64,8.47,10.315012938265529
64,8.56,10.363900244092715
64,8.65,10.412583231947636
64,8.74,10.46062982552467
64,8.83,10.508406479375573
64,8.92,10.555853000151313
64,9.01,10.603119591926156
64,9.1,10.650160473063185
64,9.19,10.696561341928396
64,9.28,10.74267447162716
64,9.37,10.788442538960942
64,9.46,10.834010188476345
64,9.55,10.879333905168586
64,9.64,10.92433738887039
64,9.73,10.968988568351417
64,9.82,11.013338640756377
64,9.91,11.05733294552324
64,10.0,11.101110700658937
65,1.0,3.0292606845980563
65,1.09,3.2426993879021624
65,1.18,3.4440348035595387
65,1.27,3.634443477077114
65,1.36,3.8156027401317014
65,1.45,3.988817741762242
65,1.54,4.154627881566612
65,1.63,4.3133682183330935
65,1.72,4.466101832261017
65,1.81,4.613651903825339
65,1.9,4.756152459808271
65,1.99,4.8936060516266275
65,2.08,5.026835769656798
65,2.17,5.156463106497377
65,2.26,5.282429745609309
65,2.35,5.404570797348106
65,2.44,5.523600633089455
65,2.53,5.640043645310115
65,2.62,5.753732582542053
65,2.71,5.864402881471508
65,2.8,5.972717350475176
65,2.89,6.078393997398306
65,2.98,6.181537430967153
65,3.07,6.282794900046069
65,3.16,6.3818338532100745
65,3.25,6.478728251634555
65,3.34,6.574120633970877
65,3.43,6.667635836674919
65,3.52,6.759324724934718
65,3.61,6.849832714399206
65,3.7,6.938747141681686
65,3.79,7.026100930303143
65,3.88,7.111791670444667
65,3.97,7.196120576865227
65,4.06,7.278968048561653
65,4.15,7.360635856557015
65,4.24,7.440988265773531
65,4.33,7.520329237567685
65,4.42,7.598507697021517
65,4.51,7.675831224923161
65,4.6,7.752133990275284
65,4.69,7.827173609312916
65,4.78,7.901052228203964
65,4.87,7.973870288378799
65,4.96,8.045726800728113
65,5.05,8.116719605411728
65,5.14,8.186945619038388
65,5.23,8.256501070796176
65,5.32,8.325481728956923
65,5.41,8.393983119041714
65,5.5,8.462100734816092
65,5.59,8.529412469093769
65,5.68,8.594654597279009
65,5.77,8.65791356207585
65,5.86,8.720882033298926
65,5.95,8.783550856204629
65,6.04,8.845854289298945
65,6.13,8.907731433556744
65,6.22,8.969125939687634
65,6.31,9.029985732828882
65,6.4,9.090262753562085
65,6.49,9.149912714228556
65,6.58,9.208894869590226
65,6.67,9.26717180094868
65,6.76,9.324792574540743
65,6.85,9.38218570170855
65,6.94,9.438892820702867
65,7.03,9.495326648187278
65,7.12,9.551048450050166
65,7.21,9.606455677488384
65,7.3,9.661128341462858
65,7.39,9.715449145663383
65,7.48,9.769067709812097
65,7.57,9.822534012865063
65,7.66,9.875618299658425
65,7.75,9.927985138284706
65,7.84,9.98016340854465
65,7.93,10.031933413830886
65,8.02,10.08297397762805
65,8.11,10.13379363376662
65,8.2,10.184182255097618
65,8.29,10.23439329277542
65,8.38,10.28397603651315
65,8.47,10.333311599052568
65,8.56,10.382198904879754
65,8.65,10.430881892734675
65,8.74,10.478928486311707
65,8.83,10.52670514016261
65,8.92,10.57415166093835
65,9.01,10.621418252713195
65,9.1,10.668459133850222
65,9.19,10.714860002715435
65,9.28,10.760973132414193
65,9.37,10.806741199747975
65,9.46,10.852308849263377
65,9.55,10.89763256595562
65,9.64,10.942636049657423
65,9.73,10.987287229138449
65,9.82,11.031637301543412
65,9.91,11.075631606310274
65,10.0,11.119409361445973
66,1.0,3.046792491102616
66,1.09,3.2602311944067206
66,1.18,3.4615666100640965
66,1.27,3.6519752835816712
66,1.36,3.8331345466362587
66,1.45,4.006349548266799
66,1.54,4.172159688071172
66,1.63,4.330900024837654
66,1.72,4.4836336387655775
66,1.81,4.631183710329901
66,1.9,4.77368426631283
66,1.99,4.911137858131187
66,2.08,5.044367576161356
66,2.17,5.173994913001935
66,2.26,5.299961552113869
66,2.35,5.422102603852667
66,2.44,5.541132439594017
66,2.53,5.657575451814678
66,2.62,5.771264389046615
66,2.71,5.881934687976068
66,2.8,5.990249156979736
66,2.89,6.0959258039028645
66,2.98,6.1990692374717105
66,3.07,6.300326706550625
66,3.16,6.399365659714634
66,3.25,6.496260058139116
66,3.34,6.591652440475438
66,3.43,6.685167643179479
66,3.52,6.776856531439277
66,3.61,6.867364520903765
66,3.7,6.956278948186245
66,3.79,7.0436327368077025
66,3.88,7.129323476949227
66,3.97,7.213652383369787
66,4.06,7.296499855066212
66,4.15,7.378167663061574
66,4.24,7.458520072278091
66,4.33,7.537861044072245
66,4.42,7.616039503526076
66,4.51,7.69336303142772
66,4.6,7.769665796779844
66,4.69,7.8447054158174785
66,4.78,7.91858403470852
66,4.87,7.991402094883361
66,4.96,8.06325860723267
66,5.05,8.134251411916287
66,5.14,8.204477425542946
66,5.23,8.274032877300737
66,5.32,8.34301353546148
66,5.41,8.411514925546273
66,5.5,8.479632541320651
66,5.59,8.546966952257304
66,5.68,8.612220906477111
66,5.77,8.675480276431404
66,5.86,8.73844874765448
66,5.95,8.801117570560182
66,6.04,8.863421003654501
66,6.13,8.925298147912299
66,6.22,8.98669265404319
66,6.31,9.047552447184437
66,6.4,9.107829467917638
66,6.49,9.167479428584112
66,6.58,9.22646158394578
66,6.67,9.284738515304237
66,6.76,9.3423592888963
66,6.85,9.399752416064105
66,6.94,9.456459535058421
66,7.03,9.512893362542833
66,7.12,9.568615164405719
66,7.21,9.62402239184394
66,7.3,9.678695055818412
66,7.39,9.733015860018936
66,7.48,9.78663442416765
66,7.57,9.840100727220618
66,7.66,9.893185014013982
66,7.75,9.94555185264026
66,7.84,9.997730122900204
66,7.93,10.049500128186443
66,8.02,10.100540691983609
66,8.11,10.151360348122177
66,8.2,10.20174896945317
66,8.29,10.251960007130974
66,8.38,10.301542750868702
66,8.47,10.35087831340812
66,8.56,10.39976561923531
66,8.65,10.44844860709023
66,8.74,10.496495200667264
66,8.83,10.544271854518168
66,8.92,10.591718375293908
66,9.01,10.638984967068753
66,9.1,10.686025848205778
66,9.19,10.73242671707099
66,9.28,10.77853984676975
66,9.37,10.82430791410353
66,9.46,10.869875563618933
66,9.55,10.915199280311176
66,9.64,10.96020276401298
66,9.73,11.004853943494005
66,9.82,11.049204015898964
66,9.91,11.093198320665827
66,10.0,11.136976075801522
67,1.0,3.063623025346991
67,1.09,3.2770617286510952
67,1.18,3.478397144308474
67,1.27,3.6688058178260503
67,1.36,3.849965080880637
67,1.45,4.023180082511178
67,1.54,4.188990222315549
67,1.63,4.347730559082031
67,1.72,4.500464173009954
67,1.81,4.648014244574276
67,1.9,4.790514800557207
67,1.99,4.927968392375565
67,2.08,5.061198110405736
67,2.17,5.190825447246315
67,2.26,5.316792086358248
67,2.35,5.438933138097045
67,2.44,5.557962973838395
67,2.53,5.674405986059055
67,2.62,5.78809492329099
67,2.71,5.898765222220444
67,2.8,6.007079691224111
67,2.89,6.112756338147241
67,2.98,6.215899771716089
67,3.07,6.317157240795004
67,3.16,6.416196193959012
67,3.25,6.5130905923834925
67,3.34,6.608482974719815
67,3.43,6.701998177423857
67,3.52,6.793687065683654
67,3.61,6.884195055148142
67,3.7,6.973109482430623
67,3.79,7.06046327105208
67,3.88,7.1461540111936035
67,3.97,7.230482917614164
67,4.06,7.31333038931059
67,4.15,7.394998197305951
67,4.24,7.475350606522468
67,4.33,7.554691578316621
67,4.42,7.632870037770454
67,4.51,7.710193565672098
67,4.6,7.786496331024225
67,4.69,7.861535950061851
67,4.78,7.9354145689529005
67,4.87,8.008232629127736
67,4.96,8.080089141477048
67,5.05,8.15108194616066
67,5.14,8.221307959787323
67,5.23,8.290863411545113
67,5.32,8.359844069705858
67,5.41,8.42834545979065
67,5.5,8.496463075565028
67,5.59,8.563819256094297
67,5.68,8.629084563307288
67,5.77,8.692344322212737
67,5.86,8.755312793435813
67,5.95,8.817981616341514
67,6.04,8.880285049435832
67,6.13,8.942162193693633
67,6.22,9.003556699824523
67,6.31,9.064416492965771
67,6.4,9.12469351369897
67,6.49,9.184343474365443
67,6.58,9.243325629727114
67,6.67,9.301602561085568
67,6.76,9.359223334677631
67,6.85,9.416616461845441
67,6.94,9.473323580839756
67,7.03,9.529757408324166
67,7.12,9.585479210187051
67,7.21,9.640886437625273
67,7.3,9.695559101599743
67,7.39,9.74987990580027
67,7.48,9.803498469948984
67,7.57,9.85696477300195
67,7.66,9.910049059795313
67,7.75,9.962415898421591
67,7.84,10.014594168681537
67,7.93,10.066364173967777
67,8.02,10.117404737764941
67,8.11,10.16822439390351
67,8.2,10.218613015234505
67,8.29,10.268824052912308
67,8.38,10.318406796650038
67,8.47,10.367742359189453
67,8.56,10.41662966501664
67,8.65,10.46531265287156
67,8.74,10.513359246448593
67,8.83,10.5611359002995
67,8.92,10.608582421075239
67,9.01,10.655849012850087
67,9.1,10.70288989398711
67,9.19,10.749290762852324
67,9.28,10.795403892551086
67,9.37,10.841171959884866
67,9.46,10.88673960940027
67,9.55,10.93206332609251
67,9.64,10.977066809794314
67,9.73,11.021717989275338
67,9.82,11.066068061680298
67,9.91,11.11006236644716
67,10.0,11.153840121582856
68,1.0,3.0797803382215942
68,1.09,3.2932190415256994
68,1.18,3.4945544571830753
68,1.27,3.684963130700651
68,1.36,3.8661223937552385
68,1.45,4.039337395385779
68,1.54,4.205147535190151
68,1.63,4.363887871956634
68,1.72,4.516621485884558
68,1.81,4.664171557448881
68,1.9,4.806672113431811
68,1.99,4.944125705250168
68,2.08,5.077355423280339
68,2.17,5.206982760120917
68,2.26,5.332949399232849
68,2.35,5.455090450971645
68,2.44,5.574120286712994
68,2.53,5.690563298933655
68,2.62,5.804252236165592
68,2.71,5.914922535095046
68,2.8,6.023237004098715
68,2.89,6.128913651021844
68,2.98,6.23205708459069
68,3.07,6.333314553669605
68,3.16,6.432353506833613
68,3.25,6.529247905258095
68,3.34,6.624640287594417
68,3.43,6.718155490298458
68,3.52,6.809844378558257
68,3.61,6.9003523680227445
68,3.7,6.989266795305224
68,3.79,7.076620583926681
68,3.88,7.162311324068206
68,3.97,7.246640230488766
68,4.06,7.329487702185192
68,4.15,7.411155510180553
68,4.24,7.491507919397071
68,4.33,7.570848891191225
68,4.42,7.649027350645059
68,4.51,7.726350878546703
68,4.6,7.8026536438988225
68,4.69,7.877693262936457
68,4.78,7.951571881827499
68,4.87,8.024389942002339
68,4.96,8.096246454351647
68,5.05,8.167239259035263
68,5.14,8.237465272661924
68,5.23,8.307020724419715
68,5.32,8.37600138258046
68,5.41,8.444502772665253
68,5.5,8.51262038843963
68,5.59,8.57999746777781
68,5.68,8.645273673864258
68,5.77,8.708533806162816
68,5.86,8.771502277385892
68,5.95,8.834171100291595
68,6.04,8.896474533385911
68,6.13,8.95835167764371
68,6.22,9.019746183774604
68,6.31,9.080605976915852
68,6.4,9.14088299764905
68,6.49,9.200532958315522
68,6.58,9.259515113677192
68,6.67,9.317792045035649
68,6.76,9.375412818627712
68,6.85,9.432805945795518
68,6.94,9.489513064789834
68,7.03,9.545946892274248
68,7.12,9.601668694137134
68,7.21,9.657075921575352
68,7.3,9.711748585549824
68,7.39,9.766069389750351
68,7.48,9.819687953899065
68,7.57,9.873154256952029
68,7.66,9.926238543745393
68,7.75,9.978605382371672
68,7.84,10.030783652631616
68,7.93,10.082553657917854
68,8.02,10.133594221715018
68,8.11,10.184413877853588
68,8.2,10.234802499184585
68,8.29,10.285013536862389
68,8.38,10.334596280600117
68,8.47,10.383931843139534
68,8.56,10.432819148966722
68,8.65,10.481502136821643
68,8.74,10.529548730398675
68,8.83,10.577325384249578
68,8.92,10.624771905025318
68,9.01,10.672038496800162
68,9.1,10.719079377937188
68,9.19,10.765480246802401
68,9.28,10.811593376501163
68,9.37,10.857361443834945
68,9.46,10.902929093350348
68,9.55,10.94825281004259
68,9.64,10.993256293744393
68,9.73,11.03790747322542
68,9.82,11.08225754563038
68,9.91,11.126251850397242
68,10.0,11.170029605532939
69,1.0,3.0952913585812114
69,1.09,3.308730061885316
69,1.18,3.5100654775426943
69,1.27,3.7004741510602708
69,1.36,3.8816334141148583
69,1.45,4.0548484157454
69,1.54,4.220658555549771
69,1.63,4.379398892316253
69,1.72,4.532132506244177
69,1.81,4.679682577808499
69,1.9,4.822183133791428
69,1.99,4.9596367256097835
69,2.08,5.092866443639954
69,2.17,5.222493780480533
69,2.26,5.348460419592466
69,2.35,5.470601471331264
69,2.44,5.589631307072614
69,2.53,5.706074319293275
69,2.62,5.819763256525212
69,2.71,5.930433555454664
69,2.8,6.038748024458331
69,2.89,6.144424671381461
69,2.98,6.247568104950308
69,3.07,6.348825574029224
69,3.16,6.447864527193231
69,3.25,6.544758925617713
69,3.34,6.640151307954035
69,3.43,6.733666510658076
69,3.52,6.825355398917874
69,3.61,6.915863388382362
69,3.7,7.004777815664842
69,3.79,7.092131604286299
69,3.88,7.177822344427824
69,3.97,7.262151250848383
69,4.06,7.34499872254481
69,4.15,7.426666530540172
69,4.24,7.5070189397566915
69,4.33,7.586359911550845
69,4.42,7.6645383710046735
69,4.51,7.7418618989063175
69,4.6,7.818164664258444
69,4.69,7.893204283296072
69,4.78,7.967082902187119
69,4.87,8.039900962361953
69,4.96,8.111757474711265
69,5.05,8.18275027939488
69,5.14,8.252976293021543
69,5.23,8.322531744779333
69,5.32,8.391512402940078
69,5.41,8.46001379302487
69,5.5,8.528131408799249
69,5.59,8.595528550993983
69,5.68,8.66081521999895
69,5.77,8.724075710754892
69,5.86,8.787044181977969
69,5.95,8.84971300488367
69,6.04,8.91201643797799
69,6.13,8.973893582235785
69,6.22,9.035288088366677
69,6.31,9.096147881507928
69,6.4,9.156424902241127
69,6.49,9.2160748629076
69,6.58,9.275057018269267
69,6.67,9.333333949627724
69,6.76,9.390954723219787
69,6.85,9.448347850387595
69,6.94,9.505054969381911
69,7.03,9.561488796866321
69,7.12,9.617210598729208
69,7.21,9.672617826167432
69,7.3,9.727290490141902
69,7.39,9.781611294342426
69,7.48,9.83522985849114
69,7.57,9.888696161544106
69,7.66,9.94178044833747
69,7.75,9.99414728696375
69,7.84,10.046325557223692
69,7.93,10.098095562509933
69,8.02,10.149136126307095
69,8.11,10.199955782445665
69,8.2,10.250344403776658
69,8.29,10.300555441454462
69,8.38,10.350138185192192
69,8.47,10.399473747731609
69,8.56,10.448361053558799
69,8.65,10.49704404141372
69,8.74,10.545090634990752
69,8.83,10.592867288841656
69,8.92,10.640313809617396
69,9.01,10.68758040139224
69,9.1,10.734621282529268
69,9.19,10.78102215139448
69,9.28,10.827135281093238
69,9.37,10.87290334842702
69,9.46,10.918470997942421
69,9.55,10.963794714634663
69,9.64,11.008798198336466
69,9.73,11.053449377817493
69,9.82,11.097799450222455
69,9.91,11.141793754989319
69,10.0,11.185571510125015
70,1.0,3.1101819381264466
70,1.09,3.323620641430552
70,1.18,3.5249560570879286
70,1.27,3.715364730605504
70,1.36,3.8965239936600926
70,1.45,4.069738995290633
70,1.54,4.2355491350950025
70,1.63,4.394289471861484
70,1.72,4.547023085789408
70,1.81,4.69457315735373
70,1.9,4.83707371333666
70,1.99,4.974527305155018
70,2.08,5.107757023185189
70,2.17,5.237384360025768
70,2.26,5.363350999137701
70,2.35,5.4854920508764975
70,2.44,5.604521886617846
70,2.53,5.720964898838506
70,2.62,5.834653836070443
70,2.71,5.945324134999898
70,2.8,6.053638604003566
70,2.89,6.159315250926695
70,2.98,6.262458684495542
70,3.07,6.363716153574457
70,3.16,6.462755106738465
70,3.25,6.5596495051629455
70,3.34,6.655041887499268
70,3.43,6.74855709020331
70,3.52,6.840245978463107
70,3.61,6.930753967927595
70,3.7,7.019668395210076
70,3.79,7.107022183831532
70,3.88,7.192712923973057
70,3.97,7.2770418303936175
70,4.06,7.359889302090046
70,4.15,7.441557110085408
70,4.24,7.521909519301922
70,4.33,7.601250491096075
70,4.42,7.6794289505499105
70,4.51,7.7567524784515545
70,4.6,7.833055243803674
70,4.69,7.908094862841307
70,4.78,7.981973481732348
70,4.87,8.054791541907187
70,4.96,8.126648054256497
70,5.05,8.197640858940115
70,5.14,8.267866872566776
70,5.23,8.337422324324567
70,5.32,8.406402982485313
70,5.41,8.474904372570103
70,5.5,8.543021988344481
70,5.59,8.610438390881509
70,5.68,8.675735104288254
70,5.77,8.738995939163285
70,5.86,8.801964410386361
70,5.95,8.864633233292064
70,6.04,8.92693666638638
70,6.13,8.988813810644182
70,6.22,9.05020831677507
70,6.31,9.111068109916319
70,6.4,9.171345130649522
70,6.49,9.230995091315993
70,6.58,9.289977246677662
70,6.67,9.348254178036116
70,6.76,9.40587495162818
70,6.85,9.463268078795988
70,6.94,9.519975197790304
70,7.03,9.576409025274716
70,7.12,9.632130827137603
70,7.21,9.687538054575821
70,7.3,9.742210718550295
70,7.39,9.796531522750822
70,7.48,9.850150086899536
70,7.57,9.903616389952502
70,7.66,9.956700676745863
70,7.75,10.009067515372141
70,7.84,10.061245785632085
70,7.93,10.113015790918325
70,8.02,10.164056354715491
70,8.11,10.214876010854057
70,8.2,10.265264632185055
70,8.29,10.315475669862858
70,8.38,10.365058413600584
70,8.47,10.414393976140003
70,8.56,10.463281281967188
70,8.65,10.51196426982211
70,8.74,10.560010863399143
70,8.83,10.607787517250047
70,8.92,10.655234038025787
70,9.01,10.702500629800635
70,9.1,10.74954151093766
70,9.19,10.795942379802874
70,9.28,10.842055509501634
70,9.37,10.887823576835416
70,9.46,10.933391226350818
70,9.55,10.97871494304306
70,9.64,11.023718426744864
70,9.73,11.06836960622589
70,9.82,11.112719678630848
70,9.91,11.15671398339771
70,10.0,11.200491738533406
71,1.0,3.1244768944898715
71,1.09,3.337915597793976
71,1.18,3.5392510134513513
71,1.27,3.729659686968926
71,1.36,3.9108189500235144
71,1.45,4.084033951654055
71,1.54,4.249844091458426
71,1.63,4.408584428224909
71,1.72,4.561318042152833
71,1.81,4.708868113717156
71,1.9,4.851368669700086
71,1.99,4.988822261518442
71,2.08,5.122051979548612
71,2.17,5.251679316389191
71,2.26,5.377645955501124
71,2.35,5.499787007239921
71,2.44,5.618816842981271
71,2.53,5.735259855201932
71,2.62,5.848948792433868
71,2.71,5.959619091363321
71,2.8,6.067933560366989
71,2.89,6.173610207290119
71,2.98,6.276753640858965
71,3.07,6.37801110993788
71,3.16,6.477050063101888
71,3.25,6.57394446152637
71,3.34,6.669336843862692
71,3.43,6.762852046566733
71,3.52,6.85454093482653
71,3.61,6.945048924291018
71,3.7,7.0339633515735
71,3.79,7.121317140194957
71,3.88,7.207007880336484
71,3.97,7.291336786757045
71,4.06,7.374184258453467
71,4.15,7.455852066448829
71,4.24,7.5362044756653495
71,4.33,7.615545447459503
71,4.42,7.6937239069133305
71,4.51,7.7710474348149745
71,4.6,7.847350200167099
71,4.69,7.922389819204727
71,4.78,7.996268438095774
71,4.87,8.06908649827061
71,4.96,8.140943010619923
71,5.05,8.211935815303539
71,5.14,8.282161828930201
71,5.23,8.351717280687991
71,5.32,8.420697938848734
71,5.41,8.489199328933527
71,5.5,8.557316944707905
71,5.59,8.624751837173534
71,5.68,8.690058193205985
71,5.77,8.753319358435343
71,5.86,8.81628782965842
71,5.95,8.87895665256412
71,6.04,8.94126008565844
71,6.13,9.003137229916236
71,6.22,9.06453173604713
71,6.31,9.125391529188375
71,6.4,9.185668549921576
71,6.49,9.245318510588053
71,6.58,9.30430066594972
71,6.67,9.362577597308174
71,6.76,9.420198370900238
71,6.85,9.477591498068044
71,6.94,9.53429861706236
71,7.03,9.590732444546772
71,7.12,9.64645424640966
71,7.21,9.70186147384788
71,7.3,9.756534137822353
71,7.39,9.810854942022877
71,7.48,9.86447350617159
71,7.57,9.917939809224558
71,7.66,9.971024096017922
71,7.75,10.023390934644203
71,7.84,10.075569204904147
71,7.93,10.127339210190383
71,8.02,10.178379773987546
71,8.11,10.229199430126116
71,8.2,10.279588051457111
71,8.29,10.329799089134914
71,8.38,10.379381832872646
71,8.47,10.42871739541206
71,8.56,10.477604701239247
71,8.65,10.52628768909417
71,8.74,10.5743342826712
71,8.83,10.622110936522107
71,8.92,10.669557457297847
71,9.01,10.716824049072688
71,9.1,10.763864930209717
71,9.19,10.810265799074928
71,9.28,10.856378928773688
71,9.37,10.90214699610747
71,9.46,10.947714645622877
71,9.55,10.993038362315117
71,9.64,11.03804184601692
71,9.73,11.082693025497948
71,9.82,11.127043097902908
71,9.91,11.17103740266977
71,10.0,11.214815157805466
72,1.0,3.1382000525987563
72,1.09,3.351638755902861
72,1.18,3.552974171560238
72,1.27,3.7433828450778144
72,1.36,3.924542108132403
72,1.45,4.097757109762944
72,1.54,4.263567249567315
72,1.63,4.422307586333797
72,1.72,4.575041200261719
72,1.81,4.722591271826042
72,1.9,4.865091827808972
72,1.99,5.002545419627329
72,2.08,5.1357751376575
72,2.17,5.265402474498079
72,2.26,5.391369113610011
72,2.35,5.513510165348808
72,2.44,5.632540001090158
72,2.53,5.748983013310818
72,2.62,5.862671950542755
72,2.71,5.973342249472208
72,2.8,6.081656718475876
72,2.89,6.187333365399006
72,2.98,6.290476798967853
72,3.07,6.3917342680467675
72,3.16,6.490773221210775
72,3.25,6.587667619635256
72,3.34,6.683060001971578
72,3.43,6.776575204675621
72,3.52,6.868264092935418
72,3.61,6.958772082399906
72,3.7,7.047686509682389
72,3.79,7.1350402983038475
72,3.88,7.2207310384453685
72,3.97,7.305059944865929
72,4.06,7.387907416562357
72,4.15,7.46957522455772
72,4.24,7.5499276337742325
72,4.33,7.629268605568386
72,4.42,7.707447065022219
72,4.51,7.784770592923863
72,4.6,7.861073358275982
72,4.69,7.936112977313615
72,4.78,8.009991596204658
72,4.87,8.082809656379498
72,4.96,8.15466616872881
72,5.05,8.225658973412427
72,5.14,8.295884987039088
72,5.23,8.365440438796877
72,5.32,8.434421096957621
72,5.41,8.502922487042413
72,5.5,8.571040102816792
72,5.59,8.638492745613878
72,5.68,8.703808358567008
72,5.77,8.767069840936518
72,5.86,8.830038312159594
72,5.95,8.892707135065296
72,6.04,8.955010568159613
72,6.13,9.016887712417414
72,6.22,9.078282218548303
72,6.31,9.139142011689552
72,6.4,9.199419032422751
72,6.49,9.259068993089224
72,6.58,9.318051148450897
72,6.67,9.376328079809351
72,6.76,9.433948853401414
72,6.85,9.49134198056922
72,6.94,9.548049099563535
72,7.03,9.604482927047947
72,7.12,9.660204728910832
72,7.21,9.715611956349054
72,7.3,9.770284620323526
72,7.39,9.824605424524052
72,7.48,9.878223988672765
72,7.57,9.931690291725733
72,7.66,9.984774578519096
72,7.75,10.037141417145374
72,7.84,10.08931968740532
72,7.93,10.14108969269156
72,8.02,10.192130256488726
72,8.11,10.242949912627294
72,8.2,10.293338533958288
72,8.29,10.34354957163609
72,8.38,10.393132315373817
72,8.47,10.442467877913234
72,8.56,10.491355183740424
72,8.65,10.540038171595343
72,8.74,10.588084765172379
72,8.83,10.63586141902328
72,8.92,10.68330793979902
72,9.01,10.730574531573867
72,9.1,10.777615412710894
72,9.19,10.824016281576103
72,9.28,10.870129411274867
72,9.37,10.915897478608647
72,9.46,10.961465128124047
72,9.55,11.006788844816292
72,9.64,11.051792328518095
72,9.73,11.096443507999119
72,9.82,11.140793580404079
72,9.91,11.184787885170943
72,10.0,11.228565640306643
73,1.0,3.151374284383289
73,1.09,3.3648129876873947
73,1.18,3.566148403344772
73,1.27,3.7565570768623466
73,1.36,3.9377163399169324
73,1.45,4.110931341547475
73,1.54,4.276741481351845
73,1.63,4.435481818118328
73,1.72,4.588215432046252
73,1.81,4.735765503610574
73,1.9,4.8782660595935035
73,1.99,5.015719651411859
73,2.08,5.148949369442031
73,2.17,5.27857670628261
73,2.26,5.4045433453945435
73,2.35,5.526684397133339
73,2.44,5.645714232874688
73,2.53,5.762157245095349
73,2.62,5.875846182327287
73,2.71,5.98651648125674
73,2.8,6.094830950260407
73,2.89,6.200507597183536
73,2.98,6.303651030752383
73,3.07,6.404908499831298
73,3.16,6.503947452995307
73,3.25,6.600841851419789
73,3.34,6.69623423375611
73,3.43,6.789749436460155
73,3.52,6.881438324719953
73,3.61,6.971946314184441
73,3.7,7.060860741466918
73,3.79,7.148214530088375
73,3.88,7.2339052702299025
73,3.97,7.3182341766504635
73,4.06,7.401081648346885
73,4.15,7.482749456342248
73,4.24,7.563101865558766
73,4.33,7.642442837352919
73,4.42,7.720621296806747
73,4.51,7.797944824708391
73,4.6,7.8742475900605156
73,4.69,7.949287209098145
73,4.78,8.02316582798919
73,4.87,8.09598388816403
73,4.96,8.167840400513343
73,5.05,8.238833205196958
73,5.14,8.309059218823618
73,5.23,8.378614670581408
73,5.32,8.447595328742153
73,5.41,8.516096718826944
73,5.5,8.584214334601322
73,5.59,8.651684017716608
73,5.68,8.71700851731359
73,5.77,8.780270304137646
73,5.86,8.843238775360723
73,5.95,8.905907598266424
73,6.04,8.968211031360742
73,6.13,9.03008817561854
73,6.22,9.091482681749433
73,6.31,9.152342474890679
73,6.4,9.21261949562388
73,6.49,9.272269456290353
73,6.58,9.331251611652021
73,6.67,9.38952854301048
73,6.76,9.447149316602543
73,6.85,9.50454244377035
73,6.94,9.561249562764665
73,7.03,9.617683390249075
73,7.12,9.67340519211196
73,7.21,9.728812419550183
73,7.3,9.783485083524653
73,7.39,9.83780588772518
73,7.48,9.891424451873894
73,7.57,9.94489075492686
73,7.66,9.997975041720222
73,7.75,10.050341880346503
73,7.84,10.102520150606448
73,7.93,10.154290155892687
73,8.02,10.205330719689849
73,8.11,10.25615037582842
73,8.2,10.306538997159416
73,8.29,10.35675003483722
73,8.38,10.406332778574951
73,8.47,10.455668341114366
73,8.56,10.50455564694155
73,8.65,10.553238634796474
73,8.74,10.601285228373504
73,8.83,10.649061882224409
73,8.92,10.696508403000148
73,9.01,10.743774994774995
73,9.1,10.79081587591202
73,9.19,10.837216744777235
73,9.28,10.883329874475992
73,9.37,10.929097941809774
73,9.46,10.974665591325177
73,9.55,11.01998930801742
73,9.64,11.064992791719224
73,9.73,11.109643971200247
73,9.82,11.153994043605211
73,9.91,11.197988348372073
73,10.0,11.241766103507766
74,1.0,3.1640215468964374
74,1.09,3.377460250200544
74,1.18,3.5787956658579203
74,1.27,3.769204339375497
74,1.36,3.9503636024300843
74,1.45,4.123578604060625
74,1.54,4.289388743864995
74,1.63,4.448129080631477
74,1.72,4.600862694559401
74,1.81,4.7484127661237245
74,1.9,4.8909133221066545
74,1.99,5.02836691392501
74,2.08,5.16159663195518
74,2.17,5.29122396879576
74,2.26,5.417190607907694
74,2.35,5.53933165964649
74,2.44,5.6583614953878385
74,2.53,5.774804507608499
74,2.62,5.888493444840436
74,2.71,5.9991637437698895
74,2.8,6.1074782127735565
74,2.89,6.2131548596966875
74,2.98,6.316298293265534
74,3.07,6.417555762344449
74,3.16,6.51659471550846
74,3.25,6.613489113932942
74,3.34,6.708881496269264
74,3.43,6.802396698973302
74,3.52,6.8940855872331
74,3.61,6.984593576697588
74,3.7,7.073508003980071
74,3.79,7.160861792601529
74,3.88,7.246552532743049
74,3.97,7.33088143916361
74,4.06,7.413728910860037
74,4.15,7.495396718855399
74,4.24,7.575749128071912
74,4.33,7.655090099866066
74,4.42,7.733268559319899
74,4.51,7.810592087221543
74,4.6,7.886894852573664
74,4.69,7.961934471611296
74,4.78,8.035813090502343
74,4.87,8.108631150677182
74,4.96,8.180487663026492
74,5.05,8.251480467710106
74,5.14,8.321706481336768
74,5.23,8.391261933094558
74,5.32,8.460242591255302
74,5.41,8.528743981340094
74,5.5,8.596861597114472
74,5.59,8.66434763893523
74,5.68,8.729680669710307
74,5.77,8.792942748810729
74,5.86,8.855911220033805
74,5.95,8.918580042939507
74,6.04,8.980883476033824
74,6.13,9.042760620291624
74,6.22,9.104155126422514
74,6.31,9.165014919563763
74,6.4,9.225291940296962
74,6.49,9.284941900963435
74,6.58,9.343924056325104
74,6.67,9.40220098768356
74,6.76,9.459821761275624
74,6.85,9.517214888443434
74,6.94,9.57392200743775
74,7.03,9.63035583492216
74,7.12,9.686077636785045
74,7.21,9.741484864223265
74,7.3,9.796157528197737
74,7.39,9.850478332398264
74,7.48,9.904096896546978
74,7.57,9.957563199599942
74,7.66,10.010647486393307
74,7.75,10.063014325019585
74,7.84,10.11519259527953
74,7.93,10.166962600565768
74,8.02,10.218003164362933
74,8.11,10.268822820501503
74,8.2,10.319211441832499
74,8.29,10.369422479510302
74,8.38,10.419005223248028
74,8.47,10.468340785787449
74,8.56,10.517228091614637
74,8.65,10.565911079469556
74,8.74,10.613957673046592
74,8.83,10.661734326897495
74,8.92,10.709180847673235
74,9.01,10.756447439448078
74,9.1,10.803488320585105
74,9.19,10.849889189450316
74,9.28,10.896002319149076
74,9.37,10.941770386482858
74,9.46,10.98733803599826
74,9.55,11.032661752690503
74,9.64,11.077665236392306
74,9.73,11.122316415873335
74,9.82,11.16666648827829
74,9.91,11.210660793045154
74,10.0,11.25443854818085
75,1.0,3.1761629189090637
75,1.09,3.389601622213168
75,1.18,3.5909370378705443
75,1.27,3.78134571138812
75,1.36,3.9625049744427074
75,1.45,4.13571997607325
75,1.54,4.301530115877621
75,1.63,4.460270452644101
75,1.72,4.613004066572024
75,1.81,4.7605541381363485
75,1.9,4.9030546941192785
75,1.99,5.040508285937635
75,2.08,5.173738003967804
75,2.17,5.303365340808384
75,2.26,5.429331979920317
75,2.35,5.551473031659113
75,2.44,5.6705028674004625
75,2.53,5.786945879621123
75,2.62,5.900634816853061
75,2.71,6.011305115782514
75,2.8,6.119619584786181
75,2.89,6.225296231709314
75,2.98,6.328439665278161
75,3.07,6.429697134357077
75,3.16,6.528736087521081
75,3.25,6.625630485945563
75,3.34,6.721022868281885
75,3.43,6.814538070985929
75,3.52,6.9062269592457275
75,3.61,6.996734948710215
75,3.7,7.085649375992692
75,3.79,7.17300316461415
75,3.88,7.258693904755675
75,3.97,7.343022811176236
75,4.06,7.4258702828726575
75,4.15,7.50753809086802
75,4.24,7.587890500084538
75,4.33,7.667231471878692
75,4.42,7.745409931332521
75,4.51,7.822733459234165
75,4.6,7.899036224586289
75,4.69,7.974075843623922
75,4.78,8.047954462514967
75,4.87,8.120772522689805
75,4.96,8.192629035039115
75,5.05,8.263621839722731
75,5.14,8.333847853349392
75,5.23,8.403403305107181
75,5.32,8.472383963267927
75,5.41,8.540885353352719
75,5.5,8.609002969127097
75,5.59,8.676504715305105
75,5.68,8.741845936011156
75,5.77,8.805108295696888
75,5.86,8.868076766919964
75,5.95,8.930745589825667
75,6.04,8.993049022919983
75,6.13,9.054926167177783
75,6.22,9.116320673308675
75,6.31,9.177180466449922
75,6.4,9.237457487183123
75,6.49,9.297107447849596
75,6.58,9.356089603211265
75,6.67,9.41436653456972
75,6.76,9.471987308161783
75,6.85,9.52938043532959
75,6.94,9.586087554323907
75,7.03,9.64252138180832
75,7.12,9.698243183671208
75,7.21,9.753650411109426
75,7.3,9.808323075083898
75,7.39,9.862643879284423
75,7.48,9.916262443433137
75,7.57,9.969728746486103
75,7.66,10.022813033279467
75,7.75,10.075179871905748
75,7.84,10.127358142165688
75,7.93,10.179128147451928
75,8.02,10.230168711249092
75,8.11,10.28098836738766
75,8.2,10.331376988718656
75,8.29,10.381588026396459
75,8.38,10.431170770134191
75,8.47,10.480506332673608
75,8.56,10.529393638500796
75,8.65,10.578076626355717
75,8.74,10.626123219932746
75,8.83,10.673899873783654
75,8.92,10.721346394559394
75,9.01,10.76861298633424
75,9.1,10.815653867471264
75,9.19,10.86205473633648
75,9.28,10.908167866035239
75,9.37,10.95393593336902
75,9.46,10.999503582884419
75,9.55,11.044827299576664
75,9.64,11.089830783278467
75,9.73,11.134481962759493
75,9.82,11.178832035164453
75,9.91,11.222826339931315
75,10.0,11.266604095067011
76,1.0,3.1878186360411815
76,1.09,3.401257339345288
76,1.18,3.6025927550026653
76,1.27,3.793001428520239
76,1.36,3.9741606915748258
76,1.45,4.147375693205368
76,1.54,4.313185833009739
76,1.63,4.471926169776221
76,1.72,4.624659783704144
76,1.81,4.772209855268467
76,1.9,4.914710411251397
76,1.99,5.052164003069753
76,2.08,5.185393721099923
76,2.17,5.315021057940503
76,2.26,5.440987697052437
76,2.35,5.563128748791233
76,2.44,5.682158584532582
76,2.53,5.798601596753242
76,2.62,5.912290533985183
76,2.71,6.022960832914636
76,2.8,6.131275301918304
76,2.89,6.236951948841431
76,2.98,6.3400953824102775
76,3.07,6.441352851489193
76,3.16,6.540391804653203
76,3.25,6.637286203077685
76,3.34,6.732678585414007
76,3.43,6.8261937881180454
76,3.52,6.917882676377844
76,3.61,7.008390665842332
76,3.7,7.097305093124812
76,3.79,7.18465888174627
76,3.88,7.2703496218877905
76,3.97,7.354678528308352
76,4.06,7.4375260000047785
76,4.15,7.519193808000141
76,4.24,7.5995462172166555
76,4.33,7.678887189010809
76,4.42,7.757065648464641
76,4.51,7.834389176366285
76,4.6,7.91069194171841
76,4.69,7.985731560756041
76,4.78,8.059610179647086
76,4.87,8.132428239821923
76,4.96,8.204284752171235
76,5.05,8.27527755685485
76,5.14,8.34550357048151
76,5.23,8.415059022239301
76,5.32,8.484039680400047
76,5.41,8.552541070484837
76,5.5,8.620658686259215
76,5.59,8.688175508620187
76,5.68,8.753524591659971
76,5.77,8.816787220707601
76,5.86,8.879755691930677
76,5.95,8.942424514836379
76,6.04,9.004727947930698
76,6.13,9.066605092188496
76,6.22,9.127999598319388
76,6.31,9.188859391460635
76,6.4,9.249136412193835
76,6.49,9.30878637286031
76,6.58,9.367768528221978
76,6.67,9.426045459580434
76,6.76,9.483666233172498
76,6.85,9.541059360340304
76,6.94,9.597766479334618
76,7.03,9.654200306819032
76,7.12,9.709922108681917
76,7.21,9.765329336120141
76,7.3,9.820002000094613
76,7.39,9.874322804295137
76,7.48,9.92794136844385
76,7.57,9.981407671496816
76,7.66,10.03449195829018
76,7.75,10.08685879691646
76,7.84,10.139037067176403
76,7.93,10.190807072462643
76,8.02,10.24184763625981
76,8.11,10.292667292398374
76,8.2,10.343055913729371
76,8.29,10.393266951407174
76,8.38,10.442849695144902
76,8.47,10.492185257684318
76,8.56,10.541072563511506
76,8.65,10.589755551366427
76,8.74,10.637802144943462
76,8.83,10.685578798794367
76,8.92,10.733025319570107
76,9.01,10.780291911344953
76,9.1,10.827332792481979
76,9.19,10.873733661347186
76,9.28,10.919846791045952
76,9.37,10.965614858379732
76,9.46,11.011182507895136
76,9.55,11.056506224587377
76,9.64,11.10150970828918
76,9.73,11.14616088777021
76,9.82,11.190510960175168
76,9.91,11.234505264942031
76,10.0,11.278283020077723
77,1.0,3.1990081244880155
77,1.09,3.4124468277921216
77,1.18,3.6137822434494984
77,1.27,3.804190916967074
77,1.36,3.9853501800216606
77,1.45,4.158565181652202
77,1.54,4.324375321456573
77,1.63,4.4831156582230545
77,1.72,4.6358492721509785
77,1.81,4.783399343715302
77,1.9,4.925899899698233
77,1.99,5.0633534915165885
77,2.08,5.196583209546758
77,2.17,5.326210546387337
77,2.26,5.4521771854992735
77,2.35,5.57431823723807
77,2.44,5.69334807297942
77,2.53,5.8097910852000805
77,2.62,5.923480022432014
77,2.71,6.034150321361468
77,2.8,6.142464790365136
77,2.89,6.248141437288268
77,2.98,6.351284870857115
77,3.07,6.45254233993603
77,3.16,6.551581293100035
77,3.25,6.648475691524517
77,3.34,6.743868073860839
77,3.43,6.83738327656488
77,3.52,6.929072164824679
77,3.61,7.019580154289167
77,3.7,7.108494581571644
77,3.79,7.195848370193102
77,3.88,7.281539110334627
77,3.97,7.365868016755188
77,4.06,7.448715488451612
77,4.15,7.530383296446973
77,4.24,7.61073570566349
77,4.33,7.690076677457644
77,4.42,7.768255136911478
77,4.51,7.845578664813122
77,4.6,7.921881430165245
77,4.69,7.996921049202875
77,4.78,8.07079966809392
77,4.87,8.143617728268758
77,4.96,8.215474240618068
77,5.05,8.286467045301682
77,5.14,8.356693058928347
77,5.23,8.426248510686136
77,5.32,8.49522916884688
77,5.41,8.563730558931672
77,5.5,8.63184817470605
77,5.59,8.699379470202665
77,5.68,8.764736101082834
77,5.77,8.827998988717885
77,5.86,8.890967459940962
77,5.95,8.953636282846665
77,6.04,9.01593971594098
77,6.13,9.077816860198782
77,6.22,9.139211366329672
77,6.31,9.200071159470921
77,6.4,9.26034818020412
77,6.49,9.319998140870593
77,6.58,9.378980296232264
77,6.67,9.437257227590719
77,6.76,9.494878001182782
77,6.85,9.55227112835059
77,6.94,9.608978247344906
77,7.03,9.665412074829316
77,7.12,9.721133876692202
77,7.21,9.776541104130423
77,7.3,9.831213768104895
77,7.39,9.885534572305424
77,7.48,9.939153136454138
77,7.57,9.992619439507104
77,7.66,10.045703726300465
77,7.75,10.098070564926745
77,7.84,10.150248835186687
77,7.93,10.202018840472928
77,8.02,10.253059404270092
77,8.11,10.30387906040866
77,8.2,10.354267681739657
77,8.29,10.40447871941746
77,8.38,10.45406146315519
77,8.47,10.503397025694603
77,8.56,10.552284331521793
77,8.65,10.600967319376714
77,8.74,10.649013912953745
77,8.83,10.696790566804648
77,8.92,10.744237087580387
77,9.01,10.791503679355234
77,9.1,10.83854456049226
77,9.19,10.884945429357476
77,9.28,10.931058559056236
77,9.37,10.976826626390018
77,9.46,11.02239427590542
77,9.55,11.067717992597663
77,9.64,11.112721476299466
77,9.73,11.157372655780488
77,9.82,11.201722728185453
77,9.91,11.245717032952314
77,10.0,11.28949478808801
78,1.0,3.209750033396977
78,1.09,3.423188736701082
78,1.18,3.6245241523584593
78,1.27,3.814932825876034
78,1.36,3.9960920889306215
78,1.45,4.169307090561164
78,1.54,4.335117230365536
78,1.63,4.493857567132017
78,1.72,4.646591181059939
78,1.81,4.794141252624263
78,1.9,4.936641808607195
78,1.99,5.074095400425551
78,2.08,5.2073251184557225
78,2.17,5.336952455296302
78,2.26,5.462919094408232
78,2.35,5.585060146147028
78,2.44,5.704089981888379
78,2.53,5.82053299410904
78,2.62,5.9342219313409785
78,2.71,6.044892230270432
78,2.8,6.153206699274099
78,2.89,6.2588833461972255
78,2.98,6.362026779766074
78,3.07,6.463284248844989
78,3.16,6.562323202008996
78,3.25,6.659217600433479
78,3.34,6.754609982769801
78,3.43,6.8481251854738385
78,3.52,6.939814073733637
78,3.61,7.030322063198125
78,3.7,7.119236490480607
78,3.79,7.206590279102065
78,3.88,7.292281019243587
78,3.97,7.376609925664147
78,4.06,7.4594573973605725
78,4.15,7.541125205355935
78,4.24,7.621477614572454
78,4.33,7.700818586366608
78,4.42,7.7789970458204385
78,4.51,7.8563205737220825
78,4.6,7.932623339074205
78,4.69,8.007662958111837
78,4.78,8.08154157700288
78,4.87,8.154359637177718
78,4.96,8.226216149527028
78,5.05,8.297208954210646
78,5.14,8.367434967837307
78,5.23,8.436990419595096
78,5.32,8.505971077755841
78,5.41,8.574472467840634
78,5.5,8.642590083615012
78,5.59,8.710135273321844
78,5.68,8.775499150128782
78,5.77,8.838762286007759
78,5.86,8.901730757230835
78,5.95,8.964399580136536
78,6.04,9.026703013230856
78,6.13,9.088580157488654
78,6.22,9.149974663619547
78,6.31,9.210834456760793
78,6.4,9.271111477493994
78,6.49,9.330761438160467
78,6.58,9.389743593522136
78,6.67,9.448020524880594
78,6.76,9.505641298472657
78,6.85,9.563034425640462
78,6.94,9.619741544634778
78,7.03,9.67617537211919
78,7.12,9.731897173982077
78,7.21,9.787304401420297
78,7.3,9.841977065394767
78,7.39,9.896297869595294
78,7.48,9.949916433744008
78,7.57,10.003382736796974
78,7.66,10.05646702359034
78,7.75,10.10883386221662
78,7.84,10.161012132476564
78,7.93,10.212782137762801
78,8.02,10.263822701559965
78,8.11,10.314642357698533
78,8.2,10.36503097902953
78,8.29,10.415242016707333
78,8.38,10.464824760445062
78,8.47,10.514160322984477
78,8.56,10.563047628811667
78,8.65,10.611730616666588
78,8.74,10.659777210243622
78,8.83,10.707553864094523
78,8.92,10.755000384870263
78,9.01,10.80226697664511
78,9.1,10.849307857782136
78,9.19,10.895708726647346
78,9.28,10.941821856346106
78,9.37,10.987589923679886
78,9.46,11.03315757319529
78,9.55,11.078481289887533
78,9.64,11.123484773589336
78,9.73,11.168135953070365
78,9.82,11.212486025475325
78,9.91,11.256480330242189
78,10.0,11.300258085377884
79,1.0,3.2200622659495792
79,1.09,3.4335009692536858
79,1.18,3.634836384911063
79,1.27,3.8252450584286377
79,1.36,4.006404321483225
79,1.45,4.179619323113766
79,1.54,4.34542946291814
79,1.63,4.504169799684621
79,1.72,4.656903413612546
79,1.81,4.804453485176869
79,1.9,4.946954041159795
79,1.99,5.084407632978151
79,2.08,5.217637351008324
79,2.17,5.347264687848902
79,2.26,5.473231326960837
79,2.35,5.5953723786996346
79,2.44,5.714402214440983
79,2.53,5.830845226661643
79,2.62,5.944534163893577
79,2.71,6.055204462823033
79,2.8,6.1635189318267
79,2.89,6.269195578749829
79,2.98,6.372339012318677
79,3.07,6.473596481397593
79,3.16,6.5726354345615965
79,3.25,6.669529832986078
79,3.34,6.7649222153224
79,3.43,6.858437418026444
79,3.52,6.950126306286243
79,3.61,7.04063429575073
79,3.7,7.129548723033208
79,3.79,7.2169025116546655
79,3.88,7.302593251796189
79,3.97,7.38692215821675
79,4.06,7.469769629913178
79,4.15,7.55143743790854
79,4.24,7.631789847125057
79,4.33,7.71113081891921
79,4.42,7.78930927837304
79,4.51,7.866632806274684
79,4.6,7.942935571626808
79,4.69,8.017975190664437
79,4.78,8.091853809555483
79,4.87,8.16467186973032
79,4.96,8.236528382079634
79,5.05,8.307521186763248
79,5.14,8.377747200389908
79,5.23,8.4473026521477
79,5.32,8.516283310308445
79,5.41,8.584784700393236
79,5.5,8.652902316167614
79,5.59,8.720460844316255
79,5.68,8.785831677212892
79,5.77,8.849095051406037
79,5.86,8.912063522629113
79,5.95,8.974732345534814
79,6.04,9.037035778629132
79,6.13,9.098912922886933
79,6.22,9.160307429017823
79,6.31,9.221167222159073
79,6.4,9.281444242892272
79,6.49,9.341094203558745
79,6.58,9.400076358920414
79,6.67,9.45835329027887
79,6.76,9.515974063870933
79,6.85,9.573367191038743
79,6.94,9.63007431003306
79,7.03,9.686508137517468
79,7.12,9.742229939380353
79,7.21,9.797637166818575
79,7.3,9.852309830793047
79,7.39,9.906630634993572
79,7.48,9.960249199142286
79,7.57,10.013715502195252
79,7.66,10.066799788988616
79,7.75,10.119166627614895
79,7.84,10.171344897874839
79,7.93,10.22311490316108
79,8.02,10.274155466958247
79,8.11,10.324975123096815
79,8.2,10.375363744427808
79,8.29,10.425574782105612
79,8.38,10.47515752584334
79,8.47,10.524493088382757
79,8.56,10.573380394209945
79,8.65,10.622063382064866
79,8.74,10.670109975641898
79,8.83,10.717886629492801
79,8.92,10.76533315026854
79,9.01,10.812599742043389
79,9.1,10.859640623180415
79,9.19,10.906041492045627
79,9.28,10.952154621744386
79,9.37,10.997922689078168
79,9.46,11.043490338593571
79,9.55,11.088814055285814
79,9.64,11.133817538987618
79,9.73,11.178468718468642
79,9.82,11.2228187908736
79,9.91,11.266813095640462
79,10.0,11.310590850776158
80,1.0,3.2299620092000785
80,1.09,3.4434007125041832
80,1.18,3.644736128161563
80,1.27,3.835144801679138
80,1.36,4.016304064733727
80,1.45,4.1895190663642685
80,1.54,4.355329206168636
80,1.63,4.514069542935117
80,1.72,4.666803156863042
80,1.81,4.814353228427366
80,1.9,4.9568537844102964
80,1.99,5.094307376228653
80,2.08,5.227537094258823
80,2.17,5.357164431099402
80,2.26,5.483131070211332
80,2.35,5.605272121950131
80,2.44,5.72430195769148
80,2.53,5.840744969912141
80,2.62,5.954433907144077
80,2.71,6.065104206073531
80,2.8,6.173418675077199
80,2.89,6.279095322000325
80,2.98,6.382238755569173
80,3.07,6.483496224648087
80,3.16,6.5825351778120975
80,3.25,6.67942957623658
80,3.34,6.774821958572901
80,3.43,6.868337161276941
80,3.52,6.960026049536738
80,3.61,7.050534039001226
80,3.7,7.1394484662837066
80,3.79,7.226802254905165
80,3.88,7.31249299504669
80,3.97,7.396821901467251
80,4.06,7.479669373163676
80,4.15,7.561337181159038
80,4.24,7.641689590375554
80,4.33,7.721030562169708
80,4.42,7.79920902162354
80,4.51,7.876532549525184
80,4.6,7.952835314877304
80,4.69,8.027874933914935
80,4.78,8.101753552805981
80,4.87,8.17457161298082
80,4.96,8.24642812533013
80,5.05,8.317420930013746
80,5.14,8.387646943640409
80,5.23,8.457202395398198
80,5.32,8.526183053558942
80,5.41,8.594684443643734
80,5.5,8.662802059418112
80,5.59,8.73037339247089
80,5.68,8.795750903213637
80,5.77,8.859014506188384
80,5.86,8.92198297741146
80,5.95,8.984651800317163
80,6.04,9.04695523341148
80,6.13,9.108832377669279
80,6.22,9.170226883800172
80,6.31,9.23108667694142
80,6.4,9.29136369767462
80,6.49,9.351013658341092
80,6.58,9.40999581370276
80,6.67,9.468272745061217
80,6.76,9.52589351865328
80,6.85,9.583286645821088
80,6.94,9.639993764815404
80,7.03,9.696427592299818
80,7.12,9.752149394162704
80,7.21,9.807556621600922
80,7.3,9.862229285575394
80,7.39,9.916550089775921
80,7.48,9.970168653924635
80,7.57,10.0236349569776
80,7.66,10.076719243770963
80,7.75,10.129086082397242
80,7.84,10.181264352657186
80,7.93,10.233034357943426
80,8.02,10.28407492174059
80,8.11,10.334894577879158
80,8.2,10.385283199210157
80,8.29,10.43549423688796
80,8.38,10.48507698062569
80,8.47,10.534412543165107
80,8.56,10.583299848992294
80,8.65,10.631982836847213
80,8.74,10.680029430424245
80,8.83,10.72780608427515
80,8.92,10.77525260505089
80,9.01,10.822519196825736
80,9.1,10.869560077962761
80,9.19,10.915960946827973
80,9.28,10.962074076526733
80,9.37,11.007842143860515
80,9.46,11.05340979337592
80,9.55,11.098733510068161
80,9.64,11.143736993769965
80,9.73,11.188388173250992
80,9.82,11.232738245655948
80,9.91,11.276732550422812
80,10.0,11.320510305558509
81,1.0,3.23946576272056
81,1.09,3.452904466024666
81,1.18,3.65423988168204
81,1.27,3.8446485551996146
81,1.36,4.025807818254203
81,1.45,4.199022819884745
81,1.54,4.364832959689116
81,1.63,4.523573296455599
81,1.72,4.676306910383522
81,1.81,4.823856981947845
81,1.9,4.966357537930771
81,1.99,5.10381112974913
81,2.08,5.2370408477793005
81,2.17,5.36666818461988
81,2.26,5.492634823731812
81,2.35,5.61477587547061
81,2.44,5.733805711211959
81,2.53,5.850248723432619
81,2.62,5.963937660664553
81,2.71,6.074607959594007
81,2.8,6.182922428597674
81,2.89,6.288599075520806
81,2.98,6.391742509089654
81,3.07,6.4929999781685686
81,3.16,6.592038931332574
81,3.25,6.688933329757056
81,3.34,6.784325712093378
81,3.43,6.877840914797419
81,3.52,6.969529803057218
81,3.61,7.0600377925217055
81,3.7,7.148952219804187
81,3.79,7.236306008425645
81,3.88,7.321996748567169
81,3.97,7.406325654987729
81,4.06,7.489173126684154
81,4.15,7.5708409346795165
81,4.24,7.651193343896034
81,4.33,7.730534315690187
81,4.42,7.8087127751440155
81,4.51,7.8860363030456595
81,4.6,7.962339068397783
81,4.69,8.037378687435414
81,4.78,8.111257306326461
81,4.87,8.184075366501297
81,4.96,8.255931878850609
81,5.05,8.326924683534227
81,5.14,8.397150697160887
81,5.23,8.466706148918675
81,5.32,8.53568680707942
81,5.41,8.604188197164213
81,5.5,8.67230581293859
81,5.59,8.73988943869934
81,5.68,8.805273360174354
81,5.77,8.868537182779438
81,5.86,8.931505654002514
81,5.95,8.994174476908215
81,6.04,9.056477910002535
81,6.13,9.11835505426033
81,6.22,9.179749560391222
81,6.31,9.240609353532474
81,6.4,9.300886374265673
81,6.49,9.360536334932148
81,6.58,9.419518490293814
81,6.67,9.477795421652269
81,6.76,9.535416195244332
81,6.85,9.59280932241214
81,6.94,9.649516441406456
81,7.03,9.705950268890868
81,7.12,9.761672070753756
81,7.21,9.81707929819198
81,7.3,9.87175196216645
81,7.39,9.926072766366973
81,7.48,9.979691330515687
81,7.57,10.033157633568653
81,7.66,10.086241920362017
81,7.75,10.138608758988298
81,7.84,10.190787029248241
81,7.93,10.24255703453448
81,8.02,10.293597598331642
81,8.11,10.344417254470212
81,8.2,10.394805875801207
81,8.29,10.44501691347901
81,8.38,10.49459965721674
81,8.47,10.543935219756156
81,8.56,10.592822525583347
81,8.65,10.641505513438268
81,8.74,10.689552107015302
81,8.83,10.737328760866207
81,8.92,10.784775281641947
81,9.01,10.83204187341679
81,9.1,10.879082754553815
81,9.19,10.925483623419026
81,9.28,10.971596753117787
81,9.37,11.017364820451569
81,9.46,11.062932469966974
81,9.55,11.108256186659213
81,9.64,11.153259670361017
81,9.73,11.197910849842042
81,9.82,11.242260922247002
81,9.91,11.286255227013864
81,10.0,11.330032982149564
82,1.0,3.2485893661002176
82,1.09,3.4620280694043233
82,1.18,3.6633634850617005
82,1.27,3.853772158579276
82,1.36,4.034931421633864
82,1.45,4.208146423264405
82,1.54,4.373956563068773
82,1.63,4.532696899835257
82,1.72,4.685430513763181
82,1.81,4.832980585327504
82,1.9,4.975481141310433
82,1.99,5.11293473312879
82,2.08,5.24616445115896
82,2.17,5.375791787999539
82,2.26,5.501758427111469
82,2.35,5.623899478850267
82,2.44,5.742929314591615
82,2.53,5.8593723268122755
82,2.62,5.9730612640442144
82,2.71,6.08373156297367
82,2.8,6.192046031977337
82,2.89,6.297722678900464
82,2.98,6.400866112469311
82,3.07,6.502123581548227
82,3.16,6.601162534712234
82,3.25,6.698056933136716
82,3.34,6.793449315473038
82,3.43,6.886964518177081
82,3.52,6.978653406436879
82,3.61,7.069161395901367
82,3.7,7.158075823183847
82,3.79,7.245429611805304
82,3.88,7.3311203519468275
82,3.97,7.4154492583673886
82,4.06,7.498296730063815
82,4.15,7.579964538059176
82,4.24,7.66031694727569
82,4.33,7.739657919069844
82,4.42,7.817836378523675
82,4.51,7.895159906425319
82,4.6,7.971462671777442
82,4.69,8.046502290815075
82,4.78,8.12038090970612
82,4.87,8.193198969880957
82,4.96,8.26505548223027
82,5.05,8.336048286913885
82,5.14,8.406274300540545
82,5.23,8.475829752298335
82,5.32,8.54481041045908
82,5.41,8.613311800543872
82,5.5,8.68142941631825
82,5.59,8.74902484307865
82,5.68,8.814414918856642
82,5.77,8.87767895230685
82,5.86,8.940647423529926
82,5.95,9.003316246435627
82,6.04,9.065619679529945
82,6.13,9.127496823787745
82,6.22,9.188891329918633
82,6.31,9.249751123059882
82,6.4,9.310028143793085
82,6.49,9.369678104459558
82,6.58,9.428660259821228
82,6.67,9.486937191179681
82,6.76,9.544557964771744
82,6.85,9.60195109193955
82,6.94,9.658658210933867
82,7.03,9.715092038418279
82,7.12,9.770813840281166
82,7.21,9.826221067719386
82,7.3,9.88089373169386
82,7.39,9.935214535894389
82,7.48,9.988833100043102
82,7.57,10.042299403096067
82,7.66,10.095383689889427
82,7.75,10.147750528515708
82,7.84,10.199928798775652
82,7.93,10.251698804061892
82,8.02,10.302739367859056
82,8.11,10.353559023997624
82,8.2,10.40394764532862
82,8.29,10.454158683006423
82,8.38,10.503741426744151
82,8.47,10.553076989283568
82,8.56,10.601964295110754
82,8.65,10.650647282965677
82,8.74,10.69869387654271
82,8.83,10.746470530393612
82,8.92,10.793917051169352
82,9.01,10.841183642944202
82,9.1,10.888224524081227
82,9.19,10.934625392946442
82,9.28,10.980738522645202
82,9.37,11.026506589978984
82,9.46,11.072074239494384
82,9.55,11.117397956186625
82,9.64,11.162401439888429
82,9.73,11.207052619369454
82,9.82,11.251402691774414
82,9.91,11.295396996541276
82,10.0,11.339174751676977
83,1.0,3.257348025344692
83,1.09,3.470786728648797
83,1.18,3.6721221443061705
83,1.27,3.862530817823748
83,1.36,4.043690080878337
83,1.45,4.216905082508878
83,1.54,4.382715222313248
83,1.63,4.54145555907973
83,1.72,4.694189173007653
83,1.81,4.8417392445719765
83,1.9,4.984239800554903
83,1.99,5.121693392373261
83,2.08,5.25492311040343
83,2.17,5.384550447244009
83,2.26,5.510517086355944
83,2.35,5.632658138094742
83,2.44,5.751687973836091
83,2.53,5.868130986056752
83,2.62,5.981819923288686
83,2.71,6.0924902222181405
83,2.8,6.200804691221808
83,2.89,6.306481338144938
83,2.98,6.409624771713784
83,3.07,6.510882240792699
83,3.16,6.609921193956708
83,3.25,6.706815592381191
83,3.34,6.802207974717513
83,3.43,6.895723177421553
83,3.52,6.987412065681351
83,3.61,7.077920055145839
83,3.7,7.166834482428319
83,3.79,7.254188271049777
83,3.88,7.339879011191302
83,3.97,7.424207917611862
83,4.06,7.5070553893082845
83,4.15,7.588723197303646
83,4.24,7.669075606520163
83,4.33,7.748416578314317
83,4.42,7.826595037768149
83,4.51,7.903918565669793
83,4.6,7.980221331021918
83,4.69,8.055260950059546
83,4.78,8.129139568950592
83,4.87,8.201957629125431
83,4.96,8.273814141474743
83,5.05,8.344806946158357
83,5.14,8.415032959785018
83,5.23,8.48458841154281
83,5.32,8.553569069703553
83,5.41,8.622070459788345
83,5.5,8.690188075562723
83,5.59,8.75779483128279
83,5.68,8.823190815191637
83,5.77,8.886455051053165
83,5.86,8.949423522276241
83,5.95,9.012092345181943
83,6.04,9.07439577827626
83,6.13,9.136272922534058
83,6.22,9.19766742866495
83,6.31,9.258527221806196
83,6.4,9.318804242539397
83,6.49,9.378454203205873
83,6.58,9.437436358567542
83,6.67,9.495713289925998
83,6.76,9.553334063518061
83,6.85,9.610727190685866
83,6.94,9.667434309680182
83,7.03,9.723868137164592
83,7.12,9.77958993902748
83,7.21,9.834997166465701
83,7.3,9.889669830440173
83,7.39,9.943990634640699
83,7.48,9.997609198789412
83,7.57,10.05107550184238
83,7.66,10.104159788635746
83,7.75,10.156526627262027
83,7.84,10.208704897521969
83,7.93,10.260474902808205
83,8.02,10.31151546660537
83,8.11,10.36233512274394
83,8.2,10.412723744074935
83,8.29,10.462934781752738
83,8.38,10.512517525490468
83,8.47,10.561853088029883
83,8.56,10.610740393857071
83,8.65,10.659423381711992
83,8.74,10.707469975289024
83,8.83,10.75524662913993
83,8.92,10.802693149915669
83,9.01,10.849959741690512
83,9.1,10.897000622827541
83,9.19,10.943401491692754
83,9.28,10.98951462139151
83,9.37,11.035282688725292
83,9.46,11.080850338240701
83,9.55,11.12617405493294
83,9.64,11.171177538634744
83,9.73,11.215828718115773
83,9.82,11.260178790520733
83,9.91,11.304173095287595
83,10.0,11.34795085042329
84,1.0,3.265756338219386
84,1.09,3.479195041523491
84,1.18,3.6805304571808666
84,1.27,3.870939130698442
84,1.36,4.05209839375303
84,1.45,4.225313395383571
84,1.54,4.391123535187939
84,1.63,4.549863871954422
84,1.72,4.702597485882345
84,1.81,4.850147557446667
84,1.9,4.992648113429599
84,1.99,5.130101705247957
84,2.08,5.263331423278127
84,2.17,5.392958760118706
84,2.26,5.518925399230636
84,2.35,5.641066450969435
84,2.44,5.760096286710784
84,2.53,5.876539298931444
84,2.62,5.9902282361633805
84,2.71,6.100898535092835
84,2.8,6.209213004096502
84,2.89,6.314889651019633
84,2.98,6.4180330845884805
84,3.07,6.519290553667396
84,3.16,6.618329506831403
84,3.25,6.7152239052558835
84,3.34,6.810616287592206
84,3.43,6.904131490296248
84,3.52,6.995820378556046
84,3.61,7.086328368020534
84,3.7,7.1752427953030145
84,3.79,7.262596583924472
84,3.88,7.348287324065993
84,3.97,7.432616230486553
84,4.06,7.515463702182979
84,4.15,7.5971315101783405
84,4.24,7.6774839193948585
84,4.33,7.756824891189011
84,4.42,7.835003350642845
84,4.51,7.912326878544489
84,4.6,7.988629643896609
84,4.69,8.06366926293424
84,4.78,8.137547881825288
84,4.87,8.210365942000125
84,4.96,8.282222454349435
84,5.05,8.353215259033052
84,5.14,8.423441272659714
84,5.23,8.492996724417502
84,5.32,8.561977382578247
84,5.41,8.63047877266304
84,5.5,8.698596388437418
84,5.59,8.766214019958765
84,5.68,8.831615675673234
84,5.77,8.894880105849627
84,5.86,8.957848577072703
84,5.95,9.020517399978406
84,6.04,9.082820833072722
84,6.13,9.144697977330521
84,6.22,9.206092483461411
84,6.31,9.26695227660266
84,6.4,9.327229297335858
84,6.49,9.386879258002333
84,6.58,9.445861413364005
84,6.67,9.50413834472246
84,6.76,9.561759118314523
84,6.85,9.619152245482331
84,6.94,9.675859364476647
84,7.03,9.732293191961055
84,7.12,9.788014993823943
84,7.21,9.843422221262161
84,7.3,9.898094885236635
84,7.39,9.952415689437162
84,7.48,10.006034253585876
84,7.57,10.059500556638842
84,7.66,10.112584843432204
84,7.75,10.164951682058485
84,7.84,10.217129952318428
84,7.93,10.26889995760467
84,8.02,10.319940521401836
84,8.11,10.370760177540403
84,8.2,10.421148798871396
84,8.29,10.4713598365492
84,8.38,10.52094258028693
84,8.47,10.570278142826346
84,8.56,10.619165448653533
84,8.65,10.667848436508455
84,8.74,10.715895030085488
84,8.83,10.76367168393639
84,8.92,10.81111820471213
84,9.01,10.858384796486977
84,9.1,10.905425677624002
84,9.19,10.951826546489215
84,9.28,10.997939676187976
84,9.37,11.043707743521757
84,9.46,11.089275393037155
84,9.55,11.134599109729402
84,9.64,11.179602593431206
84,9.73,11.224253772912233
84,9.82,11.26860384531719
84,9.91,11.312598150084051
84,10.0,11.356375905219753
85,1.0,3.2738283185790915
85,1.09,3.4872670218831967
85,1.18,3.6886024375405704
85,1.27,3.879011111058147
85,1.36,4.060170374112734
85,1.45,4.233385375743274
85,1.54,4.399195515547647
85,1.63,4.55793585231413
85,1.72,4.710669466242054
85,1.81,4.858219537806376
85,1.9,5.000720093789304
85,1.99,5.138173685607661
85,2.08,5.271403403637832
85,2.17,5.401030740478411
85,2.26,5.526997379590344
85,2.35,5.649138431329141
85,2.44,5.7681682670704895
85,2.53,5.88461127929115
85,2.62,5.998300216523089
85,2.71,6.108970515452543
85,2.8,6.217284984456211
85,2.89,6.322961631379339
85,2.98,6.426105064948185
85,3.07,6.527362534027101
85,3.16,6.626401487191109
85,3.25,6.723295885615591
85,3.34,6.818688267951913
85,3.43,6.912203470655955
85,3.52,7.003892358915753
85,3.61,7.0944003483802405
85,3.7,7.183314775662717
85,3.79,7.270668564284175
85,3.88,7.356359304425699
85,3.97,7.440688210846259
85,4.06,7.523535682542686
85,4.15,7.605203490538047
85,4.24,7.685555899754567
85,4.33,7.76489687154872
85,4.42,7.843075331002549
85,4.51,7.920398858904193
85,4.6,7.996701624256316
85,4.69,8.071741243293948
85,4.78,8.145619862184994
85,4.87,8.218437922359831
85,4.96,8.290294434709143
85,5.05,8.361287239392759
85,5.14,8.431513253019418
85,5.23,8.501068704777209
85,5.32,8.570049362937954
85,5.41,8.638550753022745
85,5.5,8.706668368797123
85,5.59,8.7742964410877
85,5.68,8.839703541735567
85,5.77,8.90296815845423
85,5.86,8.965936629677307
85,5.95,9.028605452583008
85,6.04,9.090908885677328
85,6.13,9.152786029935124
85,6.22,9.214180536066015
85,6.31,9.275040329207263
85,6.4,9.335317349940464
85,6.49,9.394967310606935
85,6.58,9.453949465968606
85,6.67,9.512226397327064
85,6.76,9.569847170919127
85,6.85,9.627240298086933
85,6.94,9.68394741708125
85,7.03,9.740381244565661
85,7.12,9.796103046428549
85,7.21,9.851510273866767
85,7.3,9.906182937841239
85,7.39,9.960503742041762
85,7.48,10.014122306190476
85,7.57,10.067588609243444
85,7.66,10.120672896036808
85,7.75,10.173039734663089
85,7.84,10.225218004923033
85,7.93,10.276988010209271
85,8.02,10.328028574006435
85,8.11,10.378848230145005
85,8.2,10.429236851476002
85,8.29,10.479447889153805
85,8.38,10.529030632891537
85,8.47,10.57836619543095
85,8.56,10.627253501258135
85,8.65,10.675936489113058
85,8.74,10.723983082690092
85,8.83,10.771759736540996
85,8.92,10.819206257316736
85,9.01,10.86647284909158
85,9.1,10.913513730228608
85,9.19,10.95991459909382
85,9.28,11.006027728792578
85,9.37,11.05179579612636
85,9.46,11.097363445641765
85,9.55,11.142687162334004
85,9.64,11.187690646035808
85,9.73,11.232341825516835
85,9.82,11.276691897921795
85,9.91,11.320686202688659
85,10.0,11.36446395782435
86,1.0,3.281577419724407
86,1.09,3.4950161230285115
86,1.18,3.6963515386858896
86,1.27,3.886760212203466
86,1.36,4.067919475258055
86,1.45,4.241134476888595
86,1.54,4.406944616692964
86,1.63,4.565684953459447
86,1.72,4.718418567387371
86,1.81,4.865968638951693
86,1.9,5.008469194934623
86,1.99,5.14592278675298
86,2.08,5.279152504783149
86,2.17,5.408779841623728
86,2.26,5.534746480735663
86,2.35,5.656887532474461
86,2.44,5.7759173682158105
86,2.53,5.892360380436471
86,2.62,6.006049317668406
86,2.71,6.11671961659786
86,2.8,6.225034085601528
86,2.89,6.330710732524658
86,2.98,6.4338541660935045
86,3.07,6.53511163517242
86,3.16,6.6341505883364285
86,3.25,6.731044986760909
86,3.34,6.826437369097231
86,3.43,6.91995257180127
86,3.52,7.0116414600610675
86,3.61,7.102149449525555
86,3.7,7.191063876808036
86,3.79,7.278417665429493
86,3.88,7.364108405571018
86,3.97,7.448437311991578
86,4.06,7.531284783688006
86,4.15,7.612952591683367
86,4.24,7.6933050008998825
86,4.33,7.772645972694035
86,4.42,7.850824432147867
86,4.51,7.928147960049511
86,4.6,8.004450725401636
86,4.69,8.079490344439266
86,4.78,8.153368963330312
86,4.87,8.22618702350515
86,4.96,8.298043535854461
86,5.05,8.369036340538075
86,5.14,8.439262354164738
86,5.23,8.508817805922527
86,5.32,8.577798464083271
86,5.41,8.646299854168063
86,5.5,8.714417469942441
86,5.59,8.782055565371477
86,5.68,8.847467893155406
86,5.77,8.910732688954651
86,5.86,8.973701160177727
86,5.95,9.036369983083429
86,6.04,9.098673416177744
86,6.13,9.160550560435546
86,6.22,9.221945066566434
86,6.31,9.282804859707683
86,6.4,9.343081880440883
86,6.49,9.402731841107357
86,6.58,9.461713996469024
86,6.67,9.51999092782748
86,6.76,9.577611701419544
86,6.85,9.635004828587354
86,6.94,9.69171194758167
86,7.03,9.74814577506608
86,7.12,9.803867576928967
86,7.21,9.859274804367187
86,7.3,9.91394746834166
86,7.39,9.968268272542185
86,7.48,10.021886836690898
86,7.57,10.075353139743864
86,7.66,10.128437426537225
86,7.75,10.180804265163506
86,7.84,10.232982535423451
86,7.93,10.284752540709691
86,8.02,10.335793104506855
86,8.11,10.386612760645425
86,8.2,10.437001381976419
86,8.29,10.487212419654222
86,8.38,10.536795163391952
86,8.47,10.586130725931369
86,8.56,10.635018031758559
86,8.65,10.68370101961348
86,8.74,10.731747613190514
86,8.83,10.779524267041415
86,8.92,10.826970787817155
86,9.01,10.874237379591998
86,9.1,10.921278260729027
86,9.19,10.96767912959424
86,9.28,11.013792259293
86,9.37,11.059560326626782
86,9.46,11.105127976142182
86,9.55,11.150451692834427
86,9.64,11.19545517653623
86,9.73,11.240106356017256
86,9.82,11.284456428422214
86,9.91,11.328450733189076
86,10.0,11.372228488324776
87,1.0,3.289016556823915
87,1.09,3.502455260128019
87,1.18,3.7037906757853936
87,1.27,3.89419934930297
87,1.36,4.075358612357559
87,1.45,4.248573613988099
87,1.54,4.41438375379247
87,1.63,4.573124090558952
87,1.72,4.7258577044868755
87,1.81,4.873407776051198
87,1.9,5.01590833203413
87,1.99,5.153361923852487
87,2.08,5.286591641882658
87,2.17,5.416218978723236
87,2.26,5.542185617835168
87,2.35,5.664326669573965
87,2.44,5.783356505315314
87,2.53,5.899799517535975
87,2.62,6.013488454767912
87,2.71,6.124158753697366
87,2.8,6.232473222701034
87,2.89,6.338149869624164
87,2.98,6.44129330319301
87,3.07,6.542550772271926
87,3.16,6.641589725435931
87,3.25,6.738484123860411
87,3.34,6.8338765061967335
87,3.43,6.9273917089007755
87,3.52,7.019080597160573
87,3.61,7.109588586625061
87,3.7,7.198503013907542
87,3.79,7.285856802528999
87,3.88,7.371547542670526
87,3.97,7.455876449091085
87,4.06,7.538723920787509
87,4.15,7.62039172878287
87,4.24,7.700744137999387
87,4.33,7.780085109793541
87,4.42,7.858263569247375
87,4.51,7.9355870971490186
87,4.6,8.01188986250114
87,4.69,8.086929481538771
87,4.78,8.160808100429817
87,4.87,8.233626160604656
87,4.96,8.305482672953966
87,5.05,8.376475477637582
87,5.14,8.446701491264243
87,5.23,8.516256943022032
87,5.32,8.585237601182778
87,5.41,8.653738991267568
87,5.5,8.721856607041946
87,5.59,8.789504324683904
87,5.68,8.85492167051845
87,5.77,8.918186638235055
87,5.86,8.98115510945813
87,5.95,9.043823932363832
87,6.04,9.106127365458148
87,6.13,9.168004509715946
87,6.22,9.22939901584684
87,6.31,9.290258808988085
87,6.4,9.350535829721286
87,6.49,9.410185790387759
87,6.58,9.46916794574943
87,6.67,9.527444877107882
87,6.76,9.585065650699946
87,6.85,9.642458777867754
87,6.94,9.69916589686207
87,7.03,9.755599724346483
87,7.12,9.81132152620937
87,7.21,9.866728753647589
87,7.3,9.921401417622063
87,7.39,9.975722221822588
87,7.48,10.029340785971302
87,7.57,10.08280708902427
87,7.66,10.13589137581763
87,7.75,10.18825821444391
87,7.84,10.240436484703855
87,7.93,10.292206489990091
87,8.02,10.343247053787255
87,8.11,10.394066709925827
87,8.2,10.444455331256822
87,8.29,10.494666368934626
87,8.38,10.544249112672356
87,8.47,10.593584675211773
87,8.56,10.642471981038959
87,8.65,10.69115496889388
87,8.74,10.739201562470914
87,8.83,10.786978216321817
87,8.92,10.834424737097557
87,9.01,10.881691328872405
87,9.1,10.928732210009432
87,9.19,10.975133078874645
87,9.28,11.021246208573402
87,9.37,11.067014275907184
87,9.46,11.112581925422585
87,9.55,11.157905642114828
87,9.64,11.202909125816632
87,9.73,11.24756030529766
87,9.82,11.291910377702619
87,9.91,11.335904682469481
87,10.0,11.379682437605176
88,1.0,3.2961581284394392
88,1.09,3.5095968317435435
88,1.18,3.71093224740092
88,1.27,3.9013409209184955
88,1.36,4.0825001839730835
88,1.45,4.2557151856036235
88,1.54,4.4215253254079965
88,1.63,4.5802656621744795
88,1.72,4.732999276102404
88,1.81,4.880549347666726
88,1.9,5.023049903649654
88,1.99,5.160503495468011
88,2.08,5.293733213498181
88,2.17,5.42336055033876
88,2.26,5.549327189450693
88,2.35,5.671468241189491
88,2.44,5.790498076930841
88,2.53,5.906941089151501
88,2.62,6.020630026383438
88,2.71,6.131300325312892
88,2.8,6.23961479431656
88,2.89,6.345291441239686
88,2.98,6.448434874808532
88,3.07,6.549692343887448
88,3.16,6.648731297051456
88,3.25,6.745625695475937
88,3.34,6.841018077812259
88,3.43,6.934533280516302
88,3.52,7.026222168776099
88,3.61,7.116730158240586
88,3.7,7.2056445855230695
88,3.79,7.292998374144526
88,3.88,7.378689114286049
88,3.97,7.463018020706608
88,4.06,7.545865492403034
88,4.15,7.627533300398396
88,4.24,7.7078857096149145
88,4.33,7.787226681409068
88,4.42,7.865405140862899
88,4.51,7.942728668764543
88,4.6,8.019031434116666
88,4.69,8.094071053154297
88,4.78,8.167949672045344
88,4.87,8.24076773222018
88,4.96,8.312624244569491
88,5.05,8.383617049253107
88,5.14,8.453843062879768
88,5.23,8.523398514637558
88,5.32,8.592379172798301
88,5.41,8.660880562883094
88,5.5,8.728998178657472
88,5.59,8.796655133623833
88,5.68,8.862077296786975
88,5.77,8.92534242954424
88,5.86,8.988310900767317
88,5.95,9.05097972367302
88,6.04,9.113283156767336
88,6.13,9.175160301025134
88,6.22,9.236554807156024
88,6.31,9.297414600297275
88,6.4,9.357691621030472
88,6.49,9.417341581696947
88,6.58,9.476323737058616
88,6.67,9.534600668417072
88,6.76,9.592221442009135
88,6.85,9.64961456917694
88,6.94,9.706321688171256
88,7.03,9.762755515655668
88,7.12,9.818477317518555
88,7.21,9.873884544956777
88,7.3,9.92855720893125
88,7.39,9.982878013131774
88,7.48,10.036496577280488
88,7.57,10.089962880333456
88,7.66,10.143047167126818
88,7.75,10.195414005753097
88,7.84,10.247592276013043
88,7.93,10.29936228129928
88,8.02,10.350402845096445
88,8.11,10.401222501235013
88,8.2,10.451611122566007
88,8.29,10.50182216024381
88,8.38,10.551404903981538
88,8.47,10.600740466520959
88,8.56,10.649627772348147
88,8.65,10.698310760203068
88,8.74,10.7463573537801
88,8.83,10.794134007631005
88,8.92,10.841580528406745
88,9.01,10.88884712018159
88,9.1,10.935888001318615
88,9.19,10.98228887018383
88,9.28,11.028401999882588
88,9.37,11.07417006721637
88,9.46,11.119737716731773
88,9.55,11.165061433424018
88,9.64,11.210064917125822
88,9.73,11.254716096606849
88,9.82,11.299066169011803
88,9.91,11.343060473778667
88,10.0,11.386838228914362
89,1.0,3.3030140371903425
89,1.09,3.5164527404944463
89,1.18,3.7177881561518253
89,1.27,3.908196829669402
89,1.36,4.089356092723991
89,1.45,4.262571094354531
89,1.54,4.4283812341589
89,1.63,4.587121570925382
89,1.72,4.739855184853306
89,1.81,4.887405256417629
89,1.9,5.029905812400559
89,1.99,5.167359404218916
89,2.08,5.300589122249087
89,2.17,5.4302164590896655
89,2.26,5.556183098201599
89,2.35,5.678324149940395
89,2.44,5.797353985681745
89,2.53,5.913796997902406
89,2.62,6.027485935134339
89,2.71,6.138156234063793
89,2.8,6.246470703067461
89,2.89,6.352147349990591
89,2.98,6.455290783559437
89,3.07,6.556548252638352
89,3.16,6.6555872058023615
89,3.25,6.752481604226841
89,3.34,6.8478739865631635
89,3.43,6.941389189267207
89,3.52,7.033078077527005
89,3.61,7.123586066991493
89,3.7,7.212500494273971
89,3.79,7.299854282895428
89,3.88,7.385545023036952
89,3.97,7.4698739294575125
89,4.06,7.55272140115394
89,4.15,7.634389209149302
89,4.24,7.714741618365818
89,4.33,7.794082590159972
89,4.42,7.872261049613804
89,4.51,7.949584577515448
89,4.6,8.02588734286757
89,4.69,8.100926961905202
89,4.78,8.174805580796246
89,4.87,8.247623640971085
89,4.96,8.319480153320397
89,5.05,8.390472958004011
89,5.14,8.460698971630672
89,5.23,8.530254423388461
89,5.32,8.599235081549205
89,5.41,8.667736471633997
89,5.5,8.735854087408375
89,5.59,8.803519910206166
89,5.68,8.868946698004757
89,5.77,8.93221198920106
89,5.86,8.995180460424136
89,5.95,9.057849283329839
89,6.04,9.120152716424156
89,6.13,9.182029860681954
89,6.22,9.243424366812844
89,6.31,9.304284159954092
89,6.4,9.364561180687295
89,6.49,9.424211141353766
89,6.58,9.483193296715436
89,6.67,9.54147022807389
89,6.76,9.599091001665954
89,6.85,9.656484128833762
89,6.94,9.713191247828078
89,7.03,9.769625075312486
89,7.12,9.825346877175374
89,7.21,9.880754104613594
89,7.3,9.935426768588068
89,7.39,9.989747572788595
89,7.48,10.043366136937308
89,7.57,10.096832439990276
89,7.66,10.149916726783637
89,7.75,10.202283565409916
89,7.84,10.254461835669861
89,7.93,10.3062318409561
89,8.02,10.357272404753264
89,8.11,10.408092060891834
89,8.2,10.458480682222827
89,8.29,10.50869171990063
89,8.38,10.55827446363836
89,8.47,10.607610026177777
89,8.56,10.656497332004964
89,8.65,10.705180319859885
89,8.74,10.753226913436915
89,8.83,10.801003567287824
89,8.92,10.848450088063563
89,9.01,10.89571667983841
89,9.1,10.942757560975435
89,9.19,10.989158429840648
89,9.28,11.035271559539408
89,9.37,11.08103962687319
89,9.46,11.12660727638859
89,9.55,11.171930993080833
89,9.64,11.216934476782637
89,9.73,11.261585656263666
89,9.82,11.305935728668622
89,9.91,11.349930033435486
89,10.0,11.393707788571183
90,1.0,3.3095957095912136
90,1.09,3.523034412895318
90,1.18,3.7243698285526934
90,1.27,3.914778502070269
90,1.36,4.095937765124857
90,1.45,4.269152766755397
90,1.54,4.434962906559768
90,1.63,4.593703243326251
90,1.72,4.746436857254175
90,1.81,4.893986928818498
90,1.9,5.036487484801428
90,1.99,5.1739410766197835
90,2.08,5.307170794649955
90,2.17,5.436798131490534
90,2.26,5.562764770602464
90,2.35,5.6849058223412605
90,2.44,5.80393565808261
90,2.53,5.92037867030327
90,2.62,6.034067607535208
90,2.71,6.144737906464661
90,2.8,6.253052375468329
90,2.89,6.35872902239146
90,2.98,6.461872455960305
90,3.07,6.56312992503922
90,3.16,6.6621688782032304
90,3.25,6.759063276627711
90,3.34,6.854455658964033
90,3.43,6.9479708616680735
90,3.52,7.03965974992787
90,3.61,7.130167739392358
90,3.7,7.219082166674839
90,3.79,7.306435955296296
90,3.88,7.392126695437822
90,3.97,7.476455601858382
90,4.06,7.5593030735548075
90,4.15,7.640970881550169
90,4.24,7.721323290766687
90,4.33,7.800664262560841
90,4.42,7.878842722014671
90,4.51,7.956166249916315
90,4.6,8.03246901526844
90,4.69,8.107508634306068
90,4.78,8.181387253197116
90,4.87,8.254205313371953
90,4.96,8.326061825721263
90,5.05,8.39705463040488
90,5.14,8.46728064403154
90,5.23,8.536836095789328
90,5.32,8.605816753950073
90,5.41,8.674318144034865
90,5.5,8.742435759809243
90,5.59,8.810110095725205
90,5.68,8.87554132317383
90,5.77,8.938806766471606
90,5.86,9.001775237694682
90,5.95,9.064444060600383
90,6.04,9.126747493694703
90,6.13,9.188624637952502
90,6.22,9.250019144083392
90,6.31,9.310878937224638
90,6.4,9.37115595795784
90,6.49,9.430805918624314
90,6.58,9.48978807398598
90,6.67,9.548065005344439
90,6.76,9.605685778936502
90,6.85,9.663078906104309
90,6.94,9.719786025098623
90,7.03,9.776219852583036
90,7.12,9.831941654445922
90,7.21,9.88734888188414
90,7.3,9.942021545858612
90,7.39,9.996342350059138
90,7.48,10.049960914207851
90,7.57,10.103427217260819
90,7.66,10.156511504054185
90,7.75,10.208878342680464
90,7.84,10.26105661294041
90,7.93,10.312826618226646
90,8.02,10.36386718202381
90,8.11,10.41468683816238
90,8.2,10.465075459493375
90,8.29,10.515286497171179
90,8.38,10.564869240908907
90,8.47,10.614204803448324
90,8.56,10.66309210927551
90,8.65,10.711775097130431
90,8.74,10.759821690707465
90,8.83,10.80759834455837
90,8.92,10.85504486533411
90,9.01,10.902311457108954
90,9.1,10.94935233824598
90,9.19,10.99575320711119
90,9.28,11.041866336809955
90,9.37,11.087634404143735
90,9.46,11.13320205365914
90,9.55,11.178525770351381
90,9.64,11.223529254053185
90,9.73,11.26818043353421
90,9.82,11.31253050593917
90,9.91,11.356524810706034
90,10.0,11.400302565841727
91,1.0,3.3159141150960454
91,1.09,3.5293528184001497
91,1.18,3.730688234057526
91,1.27,3.9210969075751025
91,1.36,4.102256170629691
91,1.45,4.275471172260231
91,1.54,4.441281312064603
91,1.63,4.600021648831084
91,1.72,4.752755262759009
91,1.81,4.900305334323331
91,1.9,5.0428058903062585
91,1.99,5.180259482124614
91,2.08,5.313489200154785
91,2.17,5.443116536995364
91,2.26,5.569083176107298
91,2.35,5.691224227846094
91,2.44,5.810254063587443
91,2.53,5.926697075808104
91,2.62,6.040386013040042
91,2.71,6.151056311969494
91,2.8,6.259370780973162
91,2.89,6.365047427896294
91,2.98,6.46819086146514
91,3.07,6.569448330544056
91,3.16,6.668487283708062
91,3.25,6.765381682132542
91,3.34,6.860774064468864
91,3.43,6.954289267172906
91,3.52,7.045978155432704
91,3.61,7.136486144897192
91,3.7,7.225400572179674
91,3.79,7.312754360801131
91,3.88,7.398445100942655
91,3.97,7.482774007363215
91,4.06,7.565621479059642
91,4.15,7.6472892870550035
91,4.24,7.72764169627152
91,4.33,7.806982668065673
91,4.42,7.885161127519506
91,4.51,7.96248465542115
91,4.6,8.038787420773271
91,4.69,8.113827039810904
91,4.78,8.18770565870195
91,4.87,8.260523718876785
91,4.96,8.332380231226097
91,5.05,8.403373035909713
91,5.14,8.473599049536372
91,5.23,8.543154501294161
91,5.32,8.612135159454906
91,5.41,8.680636549539699
91,5.5,8.748754165314077
91,5.59,8.816436673823482
91,5.68,8.881872163336137
91,5.77,8.94513775265133
91,5.86,9.008106223874407
91,5.95,9.070775046780108
91,6.04,9.133078479874426
91,6.13,9.194955624132225
91,6.22,9.256350130263119
91,6.31,9.317209923404365
91,6.4,9.377486944137562
91,6.49,9.437136904804037
91,6.58,9.496119060165707
91,6.67,9.554395991524162
91,6.76,9.612016765116225
91,6.85,9.669409892284033
91,6.94,9.72611701127835
91,7.03,9.78255083876276
91,7.12,9.838272640625645
91,7.21,9.893679868063868
91,7.3,9.948352532038339
91,7.39,10.002673336238862
91,7.48,10.056291900387576
91,7.57,10.109758203440542
91,7.66,10.162842490233906
91,7.75,10.215209328860185
91,7.84,10.26738759912013
91,7.93,10.319157604406373
91,8.02,10.370198168203535
91,8.11,10.421017824342107
91,8.2,10.4714064456731
91,8.29,10.521617483350903
91,8.38,10.571200227088632
91,8.47,10.620535789628049
91,8.56,10.669423095455237
91,8.65,10.718106083310158
91,8.74,10.76615267688719
91,8.83,10.813929330738095
91,8.92,10.861375851513834
91,9.01,10.908642443288677
91,9.1,10.955683324425705
91,9.19,11.002084193290917
91,9.28,11.048197322989678
91,9.37,11.09396539032346
91,9.46,11.139533039838863
91,9.55,11.184856756531103
91,9.64,11.229860240232906
91,9.73,11.27451141971393
91,9.82,11.318861492118895
91,9.91,11.362855796885757
91,10.0,11.406633552021455
92,1.0,3.3219797843806864
92,1.09,3.5354184876847903
92,1.18,3.7367539033421675
92,1.27,3.9271625768597422
92,1.36,4.108321839914331
92,1.45,4.281536841544872
92,1.54,4.447346981349241
92,1.63,4.606087318115722
92,1.72,4.758820932043645
92,1.81,4.906371003607968
92,1.9,5.048871559590899
92,1.99,5.186325151409255
92,2.08,5.3195548694394255
92,2.17,5.449182206280004
92,2.26,5.575148845391938
92,2.35,5.697289897130734
92,2.44,5.816319732872084
92,2.53,5.932762745092744
92,2.62,6.046451682324683
92,2.71,6.157121981254136
92,2.8,6.265436450257804
92,2.89,6.371113097180933
92,2.98,6.474256530749778
92,3.07,6.575513999828693
92,3.16,6.674552952992701
92,3.25,6.771447351417183
92,3.34,6.866839733753505
92,3.43,6.960354936457548
92,3.52,7.052043824717345
92,3.61,7.142551814181833
92,3.7,7.231466241464314
92,3.79,7.318820030085771
92,3.88,7.404510770227295
92,3.97,7.488839676647856
92,4.06,7.571687148344281
92,4.15,7.653354956339642
92,4.24,7.733707365556161
92,4.33,7.813048337350315
92,4.42,7.891226796804144
92,4.51,7.968550324705788
92,4.6,8.044853090057913
92,4.69,8.119892709095543
92,4.78,8.193771327986587
92,4.87,8.266589388161425
92,4.96,8.338445900510738
92,5.05,8.40943870519435
92,5.14,8.479664718821011
92,5.23,8.549220170578803
92,5.32,8.618200828739546
92,5.41,8.686702218824339
92,5.5,8.754819834598717
92,5.59,8.822510188797828
92,5.68,8.887949769891954
92,5.77,8.951215499383865
92,5.86,9.014183970606942
92,5.95,9.076852793512645
92,6.04,9.13915622660696
92,6.13,9.20103337086476
92,6.22,9.262427876995652
92,6.31,9.323287670136903
92,6.4,9.3835646908701
92,6.49,9.443214651536572
92,6.58,9.502196806898242
92,6.67,9.560473738256698
92,6.76,9.618094511848762
92,6.85,9.675487639016568
92,6.94,9.732194758010884
92,7.03,9.788628585495296
92,7.12,9.844350387358183
92,7.21,9.899757614796401
92,7.3,9.954430278770873
92,7.39,10.008751082971402
92,7.48,10.062369647120116
92,7.57,10.11583595017308
92,7.66,10.168920236966441
92,7.75,10.221287075592722
92,7.84,10.273465345852665
92,7.93,10.325235351138904
92,8.02,10.376275914936068
92,8.11,10.427095571074638
92,8.2,10.477484192405637
92,8.29,10.52769523008344
92,8.38,10.577277973821168
92,8.47,10.626613536360587
92,8.56,10.675500842187773
92,8.65,10.724183830042694
92,8.74,10.772230423619725
92,8.83,10.82000707747063
92,8.92,10.86745359824637
92,9.01,10.914720190021216
92,9.1,10.961761071158241
92,9.19,11.008161940023454
92,9.28,11.054275069722214
92,9.37,11.100043137055996
92,9.46,11.145610786571396
92,9.55,11.19093450326364
92,9.64,11.235937986965443
92,9.73,11.28058916644647
92,9.82,11.32493923885143
92,9.91,11.368933543618292
92,10.0,11.41271129875399
93,1.0,3.3278028268939406
93,1.09,3.541241530198045
93,1.18,3.7425769458554194
93,1.27,3.932985619372994
93,1.36,4.114144882427582
93,1.45,4.287359884058123
93,1.54,4.453170023862495
93,1.63,4.611910360628976
93,1.72,4.7646439745569005
93,1.81,4.912194046121223
93,1.9,5.054694602104154
93,1.99,5.192148193922509
93,2.08,5.32537791195268
93,2.17,5.455005248793259
93,2.26,5.580971887905194
93,2.35,5.70311293964399
93,2.44,5.822142775385339
93,2.53,5.938585787606
93,2.62,6.052274724837936
93,2.71,6.162945023767389
93,2.8,6.271259492771056
93,2.89,6.376936139694186
93,2.98,6.4800795732630325
93,3.07,6.581337042341948
93,3.16,6.680375995505957
93,3.25,6.777270393930438
93,3.34,6.87266277626676
93,3.43,6.966177978970802
93,3.52,7.0578668672306
93,3.61,7.148374856695088
93,3.7,7.237289283977568
93,3.79,7.324643072599026
93,3.88,7.410333812740549
93,3.97,7.494662719161109
93,4.06,7.577510190857537
93,4.15,7.659177998852899
93,4.24,7.739530408069414
93,4.33,7.818871379863567
93,4.42,7.8970498393174005
93,4.51,7.974373367219044
93,4.6,8.050676132571168
93,4.69,8.125715751608796
93,4.78,8.199594370499842
93,4.87,8.272412430674681
93,4.96,8.34426894302399
93,5.05,8.415261747707605
93,5.14,8.485487761334268
93,5.23,8.555043213092056
93,5.32,8.6240238712528
93,5.41,8.692525261337593
93,5.5,8.760642877111971
93,5.59,8.8283407631732
93,5.68,8.893784272185536
93,5.77,8.9570501362471
93,5.86,9.020018607470176
93,5.95,9.082687430375877
93,6.04,9.144990863470197
93,6.13,9.206868007727994
93,6.22,9.268262513858886
93,6.31,9.329122307000134
93,6.4,9.389399327733337
93,6.49,9.449049288399808
93,6.58,9.508031443761475
93,6.67,9.566308375119933
93,6.76,9.623929148711996
93,6.85,9.681322275879802
93,6.94,9.738029394874118
93,7.03,9.79446322235853
93,7.12,9.850185024221416
93,7.21,9.905592251659638
93,7.3,9.96026491563411
93,7.39,10.014585719834633
93,7.48,10.068204283983347
93,7.57,10.121670587036313
93,7.66,10.17475487382968
93,7.75,10.22712171245596
93,7.84,10.279299982715902
93,7.93,10.331069988002138
93,8.02,10.382110551799304
93,8.11,10.432930207937872
93,8.2,10.483318829268867
93,8.29,10.53352986694667
93,8.38,10.583112610684399
93,8.47,10.632448173223816
93,8.56,10.681335479051008
93,8.65,10.730018466905928
93,8.74,10.77806506048296
93,8.83,10.825841714333867
93,8.92,10.873288235109607
93,9.01,10.92055482688445
93,9.1,10.967595708021477
93,9.19,11.013996576886687
93,9.28,11.060109706585449
93,9.37,11.105877773919229
93,9.46,11.151445423434634
93,9.55,11.196769140126873
93,9.64,11.241772623828677
93,9.73,11.286423803309704
93,9.82,11.330773875714664
93,9.91,11.374768180481528
93,10.0,11.418545935617221
94,1.0,3.3333929477066615
94,1.09,3.5468316510107663
94,1.18,3.7481670666681444
94,1.27,3.938575740185719
94,1.36,4.119735003240307
94,1.45,4.292950004870848
94,1.54,4.45876014467522
94,1.63,4.6175004814417
94,1.72,4.7702340953696245
94,1.81,4.917784166933948
94,1.9,5.060284722916879
94,1.99,5.1977383147352345
94,2.08,5.330968032765405
94,2.17,5.460595369605985
94,2.26,5.586562008717917
94,2.35,5.708703060456712
94,2.44,5.827732896198062
94,2.53,5.944175908418722
94,2.62,6.057864845650659
94,2.71,6.168535144580113
94,2.8,6.276849613583781
94,2.89,6.3825262605069115
94,2.98,6.485669694075758
94,3.07,6.586927163154673
94,3.16,6.685966116318681
94,3.25,6.782860514743163
94,3.34,6.878252897079485
94,3.43,6.971768099783526
94,3.52,7.063456988043325
94,3.61,7.153964977507813
94,3.7,7.242879404790291
94,3.79,7.3302331934117495
94,3.88,7.415923933553275
94,3.97,7.500252839973836
94,4.06,7.583100311670259
94,4.15,7.664768119665621
94,4.24,7.74512052888214
94,4.33,7.824461500676294
94,4.42,7.9026399601301245
94,4.51,7.9799634880317685
94,4.6,8.056266253383889
94,4.69,8.131305872421521
94,4.78,8.205184491312567
94,4.87,8.278002551487402
94,4.96,8.349859063836714
94,5.05,8.42085186852033
94,5.14,8.491077882146989
94,5.23,8.56063333390478
94,5.32,8.629613992065526
94,5.41,8.698115382150318
94,5.5,8.766232997924696
94,5.59,8.833938114573558
94,5.68,8.899385394387377
94,5.77,8.962651387635804
94,5.86,9.02561985885888
94,5.95,9.088288681764583
94,6.04,9.150592114858899
94,6.13,9.2124692591167
94,6.22,9.27386376524759
94,6.31,9.33472355838884
94,6.4,9.395000579122039
94,6.49,9.454650539788515
94,6.58,9.513632695150182
94,6.67,9.571909626508635
94,6.76,9.629530400100698
94,6.85,9.686923527268508
94,6.94,9.743630646262824
94,7.03,9.800064473747234
94,7.12,9.855786275610122
94,7.21,9.911193503048342
94,7.3,9.965866167022813
94,7.39,10.02018697122334
94,7.48,10.073805535372054
94,7.57,10.12727183842502
94,7.66,10.180356125218381
94,7.75,10.232722963844662
94,7.84,10.284901234104606
94,7.93,10.336671239390848
94,8.02,10.387711803188012
94,8.11,10.438531459326578
94,8.2,10.488920080657572
94,8.29,10.539131118335375
94,8.38,10.588713862073106
94,8.47,10.638049424612522
94,8.56,10.686936730439708
94,8.65,10.73561971829463
94,8.74,10.783666311871663
94,8.83,10.831442965722566
94,8.92,10.878889486498306
94,9.01,10.926156078273156
94,9.1,10.973196959410181
94,9.19,11.019597828275394
94,9.28,11.065710957974156
94,9.37,11.111479025307938
94,9.46,11.157046674823338
94,9.55,11.202370391515581
94,9.64,11.247373875217384
94,9.73,11.292025054698408
94,9.82,11.33637512710337
94,9.91,11.38036943187023
94,10.0,11.42414718700593
95,1.0,3.3387594636868774
95,1.09,3.5521981669909826
95,1.18,3.75353358264836
95,1.27,3.9439422561659345
95,1.36,4.1251015192205225
95,1.45,4.298316520851063
95,1.54,4.4641266606554355
95,1.63,4.622866997421917
95,1.72,4.775600611349841
95,1.81,4.923150682914164
95,1.9,5.065651238897093
95,1.99,5.203104830715448
95,2.08,5.336334548745619
95,2.17,5.465961885586197
95,2.26,5.5919285246981305
95,2.35,5.714069576436928
95,2.44,5.833099412178277
95,2.53,5.949542424398937
95,2.62,6.0632313616308755
95,2.71,6.17390166056033
95,2.8,6.282216129563997
95,2.89,6.387892776487127
95,2.98,6.491036210055974
95,3.07,6.592293679134889
95,3.16,6.691332632298897
95,3.25,6.7882270307233785
95,3.34,6.883619413059701
95,3.43,6.977134615763741
95,3.52,7.068823504023539
95,3.61,7.159331493488027
95,3.7,7.2482459207705086
95,3.79,7.335599709391967
95,3.88,7.421290449533489
95,3.97,7.505619355954049
95,4.06,7.5884668276504765
95,4.15,7.670134635645838
95,4.24,7.750487044862354
95,4.33,7.829828016656508
95,4.42,7.908006476110337
95,4.51,7.985330004011981
95,4.6,8.061632769364106
95,4.69,8.136672388401736
95,4.78,8.21055100729278
95,4.87,8.283369067467618
95,4.96,8.35522557981693
95,5.05,8.426218384500544
95,5.14,8.496444398127206
95,5.23,8.565999849884996
95,5.32,8.634980508045741
95,5.41,8.703481898130534
95,5.5,8.771599513904912
95,5.59,8.8393115719179
95,5.68,8.904762471701144
95,5.77,8.968028588968961
95,5.86,9.030997060192037
95,5.95,9.093665883097739
95,6.04,9.155969316192056
95,6.13,9.217846460449854
95,6.22,9.279240966580748
95,6.31,9.340100759721995
95,6.4,9.400377780455196
95,6.49,9.460027741121669
95,6.58,9.519009896483341
95,6.67,9.577286827841794
95,6.76,9.634907601433857
95,6.85,9.692300728601662
95,6.94,9.749007847595978
95,7.03,9.805441675080392
95,7.12,9.861163476943279
95,7.21,9.916570704381497
95,7.3,9.971243368355971
95,7.39,10.025564172556496
95,7.48,10.07918273670521
95,7.57,10.132649039758176
95,7.66,10.18573332655154
95,7.75,10.238100165177821
95,7.84,10.290278435437765
95,7.93,10.342048440724001
95,8.02,10.393089004521165
95,8.11,10.443908660659735
95,8.2,10.494297281990733
95,8.29,10.544508319668536
95,8.38,10.594091063406266
95,8.47,10.64342662594568
95,8.56,10.692313931772865
95,8.65,10.740996919627786
95,8.74,10.789043513204822
95,8.83,10.836820167055723
95,8.92,10.884266687831463
95,9.01,10.931533279606308
95,9.1,10.978574160743337
95,9.19,11.024975029608548
95,9.28,11.071088159307306
95,9.37,11.116856226641088
95,9.46,11.162423876156495
95,9.55,11.207747592848737
95,9.64,11.25275107655054
95,9.73,11.297402256031567
95,9.82,11.34175232843653
95,9.91,11.385746633203391
95,10.0,11.429524388339086
96,1.0,3.343911319027884
96,1.09,3.557350022331989
96,1.18,3.7586854379893673
96,1.27,3.949094111506942
96,1.36,4.13025337456153
96,1.45,4.303468376192071
96,1.54,4.469278515996441
96,1.63,4.6280188527629225
96,1.72,4.780752466690846
96,1.81,4.928302538255168
96,1.9,5.070803094238098
96,1.99,5.208256686056455
96,2.08,5.341486404086625
96,2.17,5.471113740927205
96,2.26,5.597080380039139
96,2.35,5.719221431777936
96,2.44,5.838251267519285
96,2.53,5.954694279739945
96,2.62,6.068383216971883
96,2.71,6.1790535159013364
96,2.8,6.287367984905004
96,2.89,6.3930446318281335
96,2.98,6.49618806539698
96,3.07,6.597445534475896
96,3.16,6.696484487639903
96,3.25,6.793378886064385
96,3.34,6.888771268400706
96,3.43,6.982286471104749
96,3.52,7.073975359364548
96,3.61,7.164483348829036
96,3.7,7.253397776111513
96,3.79,7.340751564732971
96,3.88,7.426442304874497
96,3.97,7.510771211295057
96,4.06,7.593618682991482
96,4.15,7.675286490986844
96,4.24,7.755638900203359
96,4.33,7.834979871997513
96,4.42,7.913158331451346
96,4.51,7.99048185935299
96,4.6,8.066784624705113
96,4.69,8.141824243742741
96,4.78,8.215702862633787
96,4.87,8.288520922808624
96,4.96,8.360377435157934
96,5.05,8.431370239841552
96,5.14,8.501596253468213
96,5.23,8.571151705226002
96,5.32,8.640132363386748
96,5.41,8.70863375347154
96,5.5,8.776751369245918
96,5.59,8.84447009096847
96,5.68,8.90992446592236
96,5.77,8.973190702248791
96,5.86,9.036159173471868
96,5.95,9.098827996377569
96,6.04,9.161131429471887
96,6.13,9.223008573729686
96,6.22,9.284403079860576
96,6.31,9.345262873001825
96,6.4,9.405539893735025
96,6.49,9.4651898544015
96,6.58,9.524172009763168
96,6.67,9.582448941121628
96,6.76,9.640069714713691
96,6.85,9.697462841881494
96,6.94,9.75416996087581
96,7.03,9.81060378836022
96,7.12,9.866325590223106
96,7.21,9.92173281766133
96,7.3,9.976405481635801
96,7.39,10.030726285836325
96,7.48,10.084344849985039
96,7.57,10.137811153038006
96,7.66,10.19089543983137
96,7.75,10.24326227845765
96,7.84,10.295440548717593
96,7.93,10.347210554003833
96,8.02,10.398251117801
96,8.11,10.449070773939567
96,8.2,10.499459395270561
96,8.29,10.549670432948364
96,8.38,10.599253176686092
96,8.47,10.64858873922551
96,8.56,10.6974760450527
96,8.65,10.74615903290762
96,8.74,10.794205626484654
96,8.83,10.841982280335555
96,8.92,10.889428801111295
96,9.01,10.93669539288614
96,9.1,10.983736274023165
96,9.19,11.03013714288838
96,9.28,11.076250272587139
96,9.37,11.122018339920919
96,9.46,11.167585989436322
96,9.55,11.212909706128567
96,9.64,11.25791318983037
96,9.73,11.302564369311394
96,9.82,11.346914441716352
96,9.91,11.390908746483216
96,10.0,11.434686501618916
97,1.0,3.3488571001552514
97,1.09,3.5622958034593566
97,1.18,3.763631219116732
97,1.27,3.9540398926343077
97,1.36,4.135199155688895
97,1.45,4.308414157319435
97,1.54,4.474224297123806
97,1.63,4.632964633890288
97,1.72,4.785698247818212
97,1.81,4.933248319382535
97,1.9,5.075748875365466
97,1.99,5.213202467183823
97,2.08,5.346432185213993
97,2.17,5.476059522054571
97,2.26,5.602026161166505
97,2.35,5.724167212905303
97,2.44,5.843197048646652
97,2.53,5.959640060867312
97,2.62,6.073328998099249
97,2.71,6.183999297028703
97,2.8,6.292313766032371
97,2.89,6.397990412955499
97,2.98,6.501133846524347
97,3.07,6.602391315603262
97,3.16,6.701430268767271
97,3.25,6.7983246671917525
97,3.34,6.893717049528075
97,3.43,6.987232252232114
97,3.52,7.078921140491912
97,3.61,7.1694291299563995
97,3.7,7.258343557238882
97,3.79,7.345697345860339
97,3.88,7.431388086001863
97,3.97,7.515716992422423
97,4.06,7.598564464118847
97,4.15,7.680232272114209
97,4.24,7.7605846813307275
97,4.33,7.83992565312488
97,4.42,7.918104112578712
97,4.51,7.995427640480356
97,4.6,8.071730405832477
97,4.69,8.146770024870108
97,4.78,8.220648643761153
97,4.87,8.293466703935989
97,4.96,8.365323216285303
97,5.05,8.436316020968919
97,5.14,8.50654203459558
97,5.23,8.576097486353369
97,5.32,8.645078144514114
97,5.41,8.713579534598907
97,5.5,8.781697150373285
97,5.59,8.849422269257015
97,5.68,8.914879980374728
97,5.77,8.97814633099743
97,5.86,9.041114802220505
97,5.95,9.103783625126207
97,6.04,9.166087058220524
97,6.13,9.227964202478322
97,6.22,9.289358708609214
97,6.31,9.350218501750462
97,6.4,9.410495522483663
97,6.49,9.470145483150135
97,6.58,9.529127638511806
97,6.67,9.58740456987026
97,6.76,9.645025343462324
97,6.85,9.702418470630136
97,6.94,9.759125589624452
97,7.03,9.815559417108858
97,7.12,9.871281218971745
97,7.21,9.926688446409964
97,7.3,9.981361110384436
97,7.39,10.035681914584965
97,7.48,10.089300478733678
97,7.57,10.142766781786644
97,7.66,10.195851068580005
97,7.75,10.248217907206286
97,7.84,10.300396177466231
97,7.93,10.352166182752471
97,8.02,10.403206746549634
97,8.11,10.454026402688203
97,8.2,10.504415024019199
97,8.29,10.554626061697002
97,8.38,10.604208805434734
97,8.47,10.653544367974149
97,8.56,10.702431673801335
97,8.65,10.751114661656256
97,8.74,10.799161255233289
97,8.83,10.846937909084192
97,8.92,10.894384429859931
97,9.01,10.94165102163478
97,9.1,10.988691902771807
97,9.19,11.03509277163702
97,9.28,11.081205901335776
97,9.37,11.126973968669558
97,9.46,11.172541618184962
97,9.55,11.217865334877201
97,9.64,11.262868818579005
97,9.73,11.307519998060034
97,9.82,11.351870070464992
97,9.91,11.395864375231852
97,10.0,11.43964213036755
98,1.0,3.3536050500375216
98,1.09,3.5670437533416255
98,1.18,3.7683791689990027
98,1.27,3.9587878425165783
98,1.36,4.139947105571166
98,1.45,4.313162107201708
98,1.54,4.47897224700608
98,1.63,4.637712583772562
98,1.72,4.790446197700485
98,1.81,4.937996269264808
98,1.9,5.080496825247738
98,1.99,5.217950417066095
98,2.08,5.351180135096265
98,2.17,5.480807471936845
98,2.26,5.606774111048777
98,2.35,5.728915162787574
98,2.44,5.847944998528924
98,2.53,5.964388010749584
98,2.62,6.07807694798152
98,2.71,6.1887472469109746
98,2.8,6.297061715914642
98,2.89,6.4027383628377725
98,2.98,6.505881796406619
98,3.07,6.607139265485535
98,3.16,6.706178218649541
98,3.25,6.803072617074022
98,3.34,6.898464999410344
98,3.43,6.991980202114387
98,3.52,7.083669090374185
98,3.61,7.174177079838673
98,3.7,7.263091507121152
98,3.79,7.35044529574261
98,3.88,7.436136035884132
98,3.97,7.520464942304693
98,4.06,7.60331241400112
98,4.15,7.684980221996482
98,4.24,7.765332631212999
98,4.33,7.844673603007153
98,4.42,7.922852062460982
98,4.51,8.000175590362627
98,4.6,8.076478355714748
98,4.69,8.15151797475238
98,4.78,8.225396593643422
98,4.87,8.298214653818263
98,4.96,8.370071166167575
98,5.05,8.44106397085119
98,5.14,8.51128998447785
98,5.23,8.580845436235641
98,5.32,8.649826094396387
98,5.41,8.718327484481177
98,5.5,8.786445100255555
98,5.59,8.854176360414021
98,5.68,8.919637274249
98,5.77,8.982903734596121
98,5.86,9.045872205819197
98,5.95,9.108541028724899
98,6.04,9.170844461819216
98,6.13,9.232721606077014
98,6.22,9.294116112207906
98,6.31,9.354975905349153
98,6.4,9.415252926082353
98,6.49,9.474902886748827
98,6.58,9.533885042110496
98,6.67,9.592161973468952
98,6.76,9.649782747061016
98,6.85,9.707175874228822
98,6.94,9.763882993223138
98,7.03,9.820316820707554
98,7.12,9.87603862257044
98,7.21,9.931445850008657
98,7.3,9.98611851398313
98,7.39,10.040439318183653
98,7.48,10.094057882332367
98,7.57,10.147524185385333
98,7.66,10.200608472178699
98,7.75,10.25297531080498
98,7.84,10.305153581064923
98,7.93,10.35692358635116
98,8.02,10.407964150148324
98,8.11,10.458783806286895
98,8.2,10.50917242761789
98,8.29,10.559383465295694
98,8.38,10.608966209033422
98,8.47,10.65830177157284
98,8.56,10.707189077400027
98,8.65,10.755872065254948
98,8.74,10.803918658831984
98,8.83,10.851695312682887
98,8.92,10.899141833458627
98,9.01,10.94640842523347
98,9.1,10.993449306370497
98,9.19,11.039850175235708
98,9.28,11.085963304934467
98,9.37,11.131731372268248
98,9.46,11.177299021783654
98,9.55,11.222622738475897
98,9.64,11.2676262221777
98,9.73,11.312277401658728
98,9.82,11.356627474063684
98,9.91,11.400621778830548
98,10.0,11.444399533966244
99,1.0,3.358163081924502
99,1.09,3.5716017852286077
99,1.18,3.772937200885986
99,1.27,3.9633458744035615
99,1.36,4.1445051374581485
99,1.45,4.3177201390886895
99,1.54,4.483530278893061
99,1.63,4.642270615659543
99,1.72,4.795004229587466
99,1.81,4.94255430115179
99,1.9,5.085054857134719
99,1.99,5.222508448953076
99,2.08,5.3557381669832465
99,2.17,5.485365503823825
99,2.26,5.611332142935757
99,2.35,5.733473194674555
99,2.44,5.852503030415904
99,2.53,5.968946042636564
99,2.62,6.082634979868502
99,2.71,6.193305278797956
99,2.8,6.301619747801624
99,2.89,6.407296394724752
99,2.98,6.510439828293599
99,3.07,6.611697297372514
99,3.16,6.710736250536523
99,3.25,6.807630648961005
99,3.34,6.903023031297327
99,3.43,6.996538234001367
99,3.52,7.088227122261165
99,3.61,7.178735111725652
99,3.7,7.267649539008132
99,3.79,7.35500332762959
99,3.88,7.4406940677711155
99,3.97,7.525022974191676
99,4.06,7.607870445888102
99,4.15,7.689538253883463
99,4.24,7.769890663099978
99,4.33,7.8492316348941324
99,4.42,7.927410094347962
99,4.51,8.004733622249606
99,4.6,8.08103638760173
99,4.69,8.156076006639358
99,4.78,8.229954625530405
99,4.87,8.302772685705245
99,4.96,8.374629198054555
99,5.05,8.445622002738169
99,5.14,8.515848016364833
99,5.23,8.585403468122623
99,5.32,8.654384126283366
99,5.41,8.722885516368159
99,5.5,8.791003132142537
99,5.59,8.858740287924746
99,5.68,8.924204276368302
99,5.77,8.987470842050865
99,5.86,9.050439313273941
99,5.95,9.113108136179642
99,6.04,9.17541156927396
99,6.13,9.23728871353176
99,6.22,9.29868321966265
99,6.31,9.359543012803899
99,6.4,9.419820033537098
99,6.49,9.479469994203571
99,6.58,9.538452149565241
99,6.67,9.596729080923696
99,6.76,9.65434985451576
99,6.85,9.711742981683567
99,6.94,9.768450100677883
99,7.03,9.824883928162294
99,7.12,9.88060573002518
99,7.21,9.936012957463404
99,7.3,9.990685621437876
99,7.39,10.0450064256384
99,7.48,10.098624989787114
99,7.57,10.15209129284008
99,7.66,10.20517557963344
99,7.75,10.25754241825972
99,7.84,10.309720688519663
99,7.93,10.361490693805905
99,8.02,10.41253125760307
99,8.11,10.463350913741639
99,8.2,10.513739535072633
99,8.29,10.563950572750436
99,8.38,10.613533316488164
99,8.47,10.662868879027585
99,8.56,10.71175618485477
99,8.65,10.760439172709692
99,8.74,10.808485766286724
99,8.83,10.856262420137629
99,8.92,10.903708940913369
99,9.01,10.950975532688215
99,9.1,10.99801641382524
99,9.19,11.044417282690455
99,9.28,11.090530412389215
99,9.37,11.136298479722997
99,9.46,11.181866129238397
99,9.55,11.22718984593064
99,9.64,11.272193329632444
99,9.73,11.31684450911347
99,9.82,11.361194581518426
99,9.91,11.40518888628529
99,10.0,11.448966641420988
100,1.0,3.362538792536005
100,1.09,3.5759774958401103
100,1.18,3.7773129114974875
100,1.27,3.967721585015063
100,1.36,4.14888084806965
100,1.45,4.322095849700192
100,1.54,4.487905989504562
100,1.63,4.6466463262710445
100,1.72,4.7993799401989685
100,1.81,4.946930011763291
100,1.9,5.08943056774622
100,1.99,5.226884159564577
100,2.08,5.360113877594747
100,2.17,5.489741214435326
100,2.26,5.61570785354726
100,2.35,5.737848905286057
100,2.44,5.856878741027407
100,2.53,5.973321753248067
100,2.62,6.087010690480003
100,2.71,6.197680989409457
100,2.8,6.305995458413124
100,2.89,6.411672105336255
100,2.98,6.5148155389051015
100,3.07,6.616073007984017
100,3.16,6.715111961148024
100,3.25,6.812006359572504
100,3.34,6.9073987419088265
100,3.43,7.000913944612868
100,3.52,7.092602832872666
100,3.61,7.183110822337154
100,3.7,7.272025249619635
100,3.79,7.359379038241093
100,3.88,7.445069778382617
100,3.97,7.529398684803177
100,4.06,7.612246156499601
100,4.15,7.693913964494963
100,4.24,7.774266373711479
100,4.33,7.853607345505633
100,4.42,7.931785804959464
100,4.51,8.009109332861108
100,4.6,8.08541209821323
100,4.69,8.160451717250861
100,4.78,8.234330336141909
100,4.87,8.307148396316745
100,4.96,8.379004908666055
100,5.05,8.449997713349674
100,5.14,8.520223726976335
100,5.23,8.589779178734123
100,5.32,8.658759836894868
100,5.41,8.72726122697966
100,5.5,8.795378842754038
100,5.59,8.863121658335041
100,5.68,8.92858859840283
100,5.77,8.991855265207418
100,5.86,9.054823736430494
100,5.95,9.117492559336197
100,6.04,9.179795992430513
100,6.13,9.241673136688313
100,6.22,9.303067642819205
100,6.31,9.363927435960452
100,6.4,9.424204456693653
100,6.49,9.483854417360126
100,6.58,9.542836572721795
100,6.67,9.601113504080251
100,6.76,9.658734277672314
100,6.85,9.71612740484012
100,6.94,9.772834523834437
100,7.03,9.829268351318849
100,7.12,9.884990153181736
100,7.21,9.940397380619954
100,7.3,9.995070044594428
100,7.39,10.049390848794957
100,7.48,10.10300941294367
100,7.57,10.156475715996637
100,7.66,10.209560002789997
100,7.75,10.261926841416278
100,7.84,10.314105111676222
100,7.93,10.365875116962458
100,8.02,10.41691568075962
100,8.11,10.46773533689819
100,8.2,10.518123958229188
100,8.29,10.56833499590699
100,8.38,10.617917739644723
100,8.47,10.667253302184138
100,8.56,10.716140608011322
100,8.65,10.764823595866245
100,8.74,10.812870189443277
100,8.83,10.860646843294184
100,8.92,10.908093364069924
100,9.01,10.955359955844768
100,9.1,11.002400836981796
100,9.19,11.048801705847007
100,9.28,11.094914835545767
100,9.37,11.140682902879549
100,9.46,11.186250552394952
100,9.55,11.231574269087194
100,9.64,11.276577752788997
100,9.73,11.321228932270026
100,9.82,11.365579004674986
100,9.91,11.409573309441848
100,10.0,11.453351064577543
101,1.0,3.3667394747230466
101,1.09,3.580178178027152
101,1.18,3.7815135936845286
101,1.27,3.971922267202104
101,1.36,4.153081530256693
101,1.45,4.326296531887233
101,1.54,4.492106671691603
101,1.63,4.6508470084580855
101,1.72,4.80358062238601
101,1.81,4.951130693950332
101,1.9,5.093631249933263
101,1.99,5.23108484175162
101,2.08,5.36431455978179
101,2.17,5.493941896622369
101,2.26,5.619908535734301
101,2.35,5.7420495874730975
101,2.44,5.861079423214447
101,2.53,5.977522435435107
101,2.62,6.091211372667045
101,2.71,6.201881671596499
101,2.8,6.310196140600167
101,2.89,6.415872787523296
101,2.98,6.519016221092142
101,3.07,6.620273690171056
101,3.16,6.719312643335065
101,3.25,6.816207041759546
101,3.34,6.9115994240958685
101,3.43,7.0051146267999105
101,3.52,7.096803515059708
101,3.61,7.187311504524196
101,3.7,7.276225931806677
101,3.79,7.363579720428135
101,3.88,7.4492704605696565
101,3.97,7.5335993669902175
101,4.06,7.616446838686643
101,4.15,7.698114646682004
101,4.24,7.7784670558985205
101,4.33,7.857808027692674
101,4.42,7.935986487146504
101,4.51,8.013310015048148
101,4.6,8.089612780400273
101,4.69,8.164652399437905
101,4.78,8.238531018328949
101,4.87,8.311349078503785
101,4.96,8.3832055908531
101,5.05,8.454198395536714
101,5.14,8.524424409163375
101,5.23,8.593979860921165
101,5.32,8.66296051908191
101,5.41,8.731461909166702
101,5.5,8.79957952494108
101,5.59,8.867327773928926
101,5.68,8.93279754755598
101,5.77,8.99606431143771
101,5.86,9.059032782660786
101,5.95,9.121701605566487
101,6.04,9.184005038660807
101,6.13,9.245882182918605
101,6.22,9.307276689049496
101,6.31,9.368136482190744
101,6.4,9.428413502923945
101,6.49,9.488063463590418
101,6.58,9.547045618952087
101,6.67,9.605322550310543
101,6.76,9.662943323902606
101,6.85,9.720336451070414
101,6.94,9.777043570064729
101,7.03,9.83347739754914
101,7.12,9.889199199412026
101,7.21,9.944606426850248
101,7.3,9.99927909082472
101,7.39,10.053599895025243
101,7.48,10.107218459173957
101,7.57,10.160684762226925
101,7.66,10.213769049020293
101,7.75,10.266135887646572
101,7.84,10.318314157906515
101,7.93,10.370084163192752
101,8.02,10.421124726989918
101,8.11,10.471944383128486
101,8.2,10.52233300445948
101,8.29,10.572544042137283
101,8.38,10.62212678587501
101,8.47,10.671462348414426
101,8.56,10.720349654241616
101,8.65,10.769032642096537
101,8.74,10.817079235673573
101,8.83,10.864855889524476
101,8.92,10.912302410300216
101,9.01,10.959569002075058
101,9.1,11.006609883212086
101,9.19,11.053010752077297
101,9.28,11.09912388177606
101,9.37,11.14489194910984
101,9.46,11.190459598625242
101,9.55,11.235783315317487
101,9.64,11.28078679901929
101,9.73,11.325437978500315
101,9.82,11.369788050905274
101,9.91,11.413782355672138
101,10.0,11.457560110807835
102,1.0,3.370772129622608
102,1.09,3.584210832926712
102,1.18,3.7855462485840885
102,1.27,3.975954922101664
102,1.36,4.157114185156252
102,1.45,4.330329186786792
102,1.54,4.496139326591164
102,1.63,4.654879663357646
102,1.72,4.80761327728557
102,1.81,4.955163348849893
102,1.9,5.097663904832822
102,1.99,5.235117496651178
102,2.08,5.368347214681348
102,2.17,5.497974551521927
102,2.26,5.623941190633861
102,2.35,5.746082242372658
102,2.44,5.8651120781140085
102,2.53,5.981555090334669
102,2.62,6.095244027566605
102,2.71,6.205914326496058
102,2.8,6.314228795499725
102,2.89,6.419905442422855
102,2.98,6.523048875991702
102,3.07,6.624306345070617
102,3.16,6.723345298234626
102,3.25,6.820239696659106
102,3.34,6.915632078995428
102,3.43,7.009147281699471
102,3.52,7.100836169959269
102,3.61,7.191344159423757
102,3.7,7.280258586706235
102,3.79,7.367612375327693
102,3.88,7.453303115469216
102,3.97,7.5376320218897765
102,4.06,7.620479493586202
102,4.15,7.702147301581563
102,4.24,7.78249971079808
102,4.33,7.861840682592233
102,4.42,7.940019142046066
102,4.51,8.01734266994771
102,4.6,8.093645435299834
102,4.69,8.168685054337463
102,4.78,8.242563673228506
102,4.87,8.315381733403347
102,4.96,8.387238245752659
102,5.05,8.458231050436273
102,5.14,8.528457064062934
102,5.23,8.598012515820725
102,5.32,8.66699317398147
102,5.41,8.735494564066261
102,5.5,8.80361217984064
102,5.59,8.871365644899054
102,5.68,8.936838138743003
102,5.77,9.00010499581879
102,5.86,9.063073467041866
102,5.95,9.125742289947569
102,6.04,9.188045723041885
102,6.13,9.249922867299686
102,6.22,9.311317373430576
102,6.31,9.372177166571825
102,6.4,9.432454187305025
102,6.49,9.4921041479715
102,6.58,9.551086303333168
102,6.67,9.609363234691623
102,6.76,9.666984008283686
102,6.85,9.724377135451494
102,6.94,9.78108425444581
102,7.03,9.837518081930222
102,7.12,9.893239883793107
102,7.21,9.948647111231328
102,7.3,10.0033197752058
102,7.39,10.057640579406327
102,7.48,10.11125914355504
102,7.57,10.164725446608006
102,7.66,10.217809733401367
102,7.75,10.270176572027648
102,7.84,10.322354842287593
102,7.93,10.374124847573835
102,8.02,10.425165411371
102,8.11,10.475985067509567
102,8.2,10.526373688840561
102,8.29,10.576584726518364
102,8.38,10.626167470256096
102,8.47,10.675503032795511
102,8.56,10.724390338622698
102,8.65,10.773073326477618
102,8.74,10.821119920054649
102,8.83,10.868896573905552
102,8.92,10.916343094681292
102,9.01,10.96360968645614
102,9.1,11.010650567593165
102,9.19,11.057051436458382
102,9.28,11.10316456615714
102,9.37,11.148932633490922
102,9.46,11.19450028300632
102,9.55,11.239823999698565
102,9.64,11.284827483400369
102,9.73,11.329478662881394
102,9.82,11.373828735286358
102,9.91,11.417823040053218
102,10.0,11.461600795188915
103,1.0,3.3746434783261847
103,1.09,3.5880821816302886
103,1.18,3.7894175972876667
103,1.27,3.9798262708052423
103,1.36,4.16098553385983
103,1.45,4.334200535490371
103,1.54,4.5000106752947415
103,1.63,4.658751012061223
103,1.72,4.811484625989146
103,1.81,4.959034697553469
103,1.9,5.101535253536399
103,1.99,5.238988845354756
103,2.08,5.372218563384927
103,2.17,5.501845900225507
103,2.26,5.627812539337439
103,2.35,5.749953591076235
103,2.44,5.868983426817584
103,2.53,5.985426439038244
103,2.62,6.0991153762701815
103,2.71,6.209785675199635
103,2.8,6.318100144203303
103,2.89,6.423776791126433
103,2.98,6.52692022469528
103,3.07,6.6281776937741945
103,3.16,6.727216646938204
103,3.25,6.824111045362685
103,3.34,6.919503427699007
103,3.43,7.013018630403046
103,3.52,7.104707518662845
103,3.61,7.195215508127332
103,3.7,7.284129935409813
103,3.79,7.37148372403127
103,3.88,7.457174464172793
103,3.97,7.541503370593354
103,4.06,7.624350842289778
103,4.15,7.706018650285141
103,4.24,7.786371059501659
103,4.33,7.865712031295813
103,4.42,7.943890490749644
103,4.51,8.021214018651289
103,4.6,8.097516784003409
103,4.69,8.172556403041039
103,4.78,8.246435021932086
103,4.87,8.319253082106925
103,4.96,8.391109594456235
103,5.05,8.46210239913985
103,5.14,8.532328412766512
103,5.23,8.601883864524304
103,5.32,8.670864522685047
103,5.41,8.73936591276984
103,5.5,8.807483528544218
103,5.59,8.875242001030378
103,5.68,8.940717106282545
103,5.77,9.003984052824627
103,5.86,9.066952524047704
103,5.95,9.129621346953405
103,6.04,9.191924780047724
103,6.13,9.25380192430552
103,6.22,9.315196430436414
103,6.31,9.376056223577661
103,6.4,9.436333244310863
103,6.49,9.495983204977335
103,6.58,9.554965360339006
103,6.67,9.61324229169746
103,6.76,9.670863065289524
103,6.85,9.72825619245733
103,6.94,9.784963311451646
103,7.03,9.841397138936058
103,7.12,9.897118940798945
103,7.21,9.952526168237165
103,7.3,10.007198832211637
103,7.39,10.061519636412163
103,7.48,10.115138200560876
103,7.57,10.168604503613842
103,7.66,10.221688790407207
103,7.75,10.274055629033487
103,7.84,10.326233899293431
103,7.93,10.378003904579668
103,8.02,10.429044468376832
103,8.11,10.479864124515403
103,8.2,10.5302527458464
103,8.29,10.580463783524204
103,8.38,10.630046527261934
103,8.47,10.679382089801349
103,8.56,10.728269395628534
103,8.65,10.776952383483456
103,8.74,10.824998977060492
103,8.83,10.872775630911393
103,8.92,10.920222151687133
103,9.01,10.967488743461978
103,9.1,11.014529624599005
103,9.19,11.060930493464214
103,9.28,11.107043623162973
103,9.37,11.152811690496755
103,9.46,11.19837934001216
103,9.55,11.243703056704401
103,9.64,11.288706540406205
103,9.73,11.333357719887236
103,9.82,11.377707792292194
103,9.91,11.421702097059056
103,10.0,11.465479852194749
104,1.0,3.37835997308162
104,1.09,3.591798676385724
104,1.18,3.7931340920431005
104,1.27,3.983542765560675
104,1.36,4.164702028615263
104,1.45,4.337917030245804
104,1.54,4.503727170050175
104,1.63,4.6624675068166574
104,1.72,4.815201120744582
104,1.81,4.962751192308906
104,1.9,5.105251748291835
104,1.99,5.24270534011019
104,2.08,5.37593505814036
104,2.17,5.505562394980939
104,2.26,5.631529034092872
104,2.35,5.753670085831669
104,2.44,5.872699921573019
104,2.53,5.989142933793679
104,2.62,6.102831871025616
104,2.71,6.2135021699550705
104,2.8,6.321816638958738
104,2.89,6.4274932858818685
104,2.98,6.530636719450715
104,3.07,6.63189418852963
104,3.16,6.730933141693636
104,3.25,6.827827540118117
104,3.34,6.9232199224544395
104,3.43,7.0167351251584815
104,3.52,7.108424013418279
104,3.61,7.198932002882767
104,3.7,7.287846430165246
104,3.79,7.375200218786704
104,3.88,7.460890958928227
104,3.97,7.545219865348788
104,4.06,7.628067337045215
104,4.15,7.709735145040577
104,4.24,7.790087554257093
104,4.33,7.869428526051248
104,4.42,7.947606985505076
104,4.51,8.024930513406721
104,4.6,8.101233278758842
104,4.69,8.176272897796474
104,4.78,8.250151516687522
104,4.87,8.322969576862357
104,4.96,8.39482608921167
104,5.05,8.465818893895285
104,5.14,8.536044907521948
104,5.23,8.605600359279737
104,5.32,8.674581017440483
104,5.41,8.743082407525273
104,5.5,8.811200023299651
104,5.59,8.878963302916448
104,5.68,8.944440915120504
104,5.77,9.00770794755023
104,5.86,9.070676418773306
104,5.95,9.13334524167901
104,6.04,9.195648674773325
104,6.13,9.257525819031127
104,6.22,9.318920325162015
104,6.31,9.379780118303266
104,6.4,9.440057139036465
104,6.49,9.49970709970294
104,6.58,9.558689255064609
104,6.67,9.616966186423065
104,6.76,9.674586960015128
104,6.85,9.731980087182935
104,6.94,9.78868720617725
104,7.03,9.84512103366166
104,7.12,9.900842835524548
104,7.21,9.956250062962768
104,7.3,10.010922726937242
104,7.39,10.065243531137767
104,7.48,10.118862095286481
104,7.57,10.172328398339447
104,7.66,10.22541268513281
104,7.75,10.27777952375909
104,7.84,10.329957794019034
104,7.93,10.381727799305272
104,8.02,10.432768363102438
104,8.11,10.483588019241006
104,8.2,10.533976640572
104,8.29,10.584187678249803
104,8.38,10.633770421987533
104,8.47,10.683105984526952
104,8.56,10.73199329035414
104,8.65,10.780676278209063
104,8.74,10.828722871786095
104,8.83,10.876499525636998
104,8.92,10.923946046412738
104,9.01,10.97121263818758
104,9.1,11.018253519324608
104,9.19,11.064654388189824
104,9.28,11.110767517888581
104,9.37,11.156535585222363
104,9.46,11.202103234737763
104,9.55,11.247426951430008
104,9.64,11.292430435131811
104,9.73,11.337081614612835
104,9.82,11.381431687017793
104,9.91,11.425425991784655
104,10.0,11.469203746920355
105,1.0,3.3819278080468353
105,1.09,3.5953665113509405
105,1.18,3.796701927008317
105,1.27,3.9871106005258925
105,1.36,4.168269863580482
105,1.45,4.341484865211023
105,1.54,4.5072950050153935
105,1.63,4.666035341781874
105,1.72,4.818768955709798
105,1.81,4.96631902727412
105,1.9,5.10881958325705
105,1.99,5.246273175075407
105,2.08,5.3795028931055775
105,2.17,5.509130229946156
105,2.26,5.635096869058089
105,2.35,5.757237920796888
105,2.44,5.876267756538236
105,2.53,5.992710768758896
105,2.62,6.106399705990834
105,2.71,6.217070004920289
105,2.8,6.325384473923956
105,2.89,6.431061120847083
105,2.98,6.53420455441593
105,3.07,6.635462023494846
105,3.16,6.734500976658854
105,3.25,6.831395375083335
105,3.34,6.926787757419657
105,3.43,7.020302960123697
105,3.52,7.111991848383496
105,3.61,7.202499837847983
105,3.7,7.291414265130462
105,3.79,7.37876805375192
105,3.88,7.464458793893446
105,3.97,7.548787700314007
105,4.06,7.631635172010432
105,4.15,7.713302980005794
105,4.24,7.793655389222309
105,4.33,7.872996361016463
105,4.42,7.951174820470293
105,4.51,8.028498348371937
105,4.6,8.104801113724061
105,4.69,8.179840732761694
105,4.78,8.253719351652737
105,4.87,8.326537411827575
105,4.96,8.398393924176887
105,5.05,8.469386728860504
105,5.14,8.539612742487165
105,5.23,8.609168194244955
105,5.32,8.678148852405698
105,5.41,8.74665024249049
105,5.5,8.814767858264869
105,5.59,8.882535752727076
105,5.68,8.948015771604945
105,5.77,9.011282886486809
105,5.86,9.074251357709885
105,5.95,9.136920180615588
105,6.04,9.199223613709906
105,6.13,9.261100757967704
105,6.22,9.322495264098597
105,6.31,9.383355057239843
105,6.4,9.443632077973046
105,6.49,9.503282038639519
105,6.58,9.56226419400119
105,6.67,9.620541125359644
105,6.76,9.678161898951707
105,6.85,9.735555026119515
105,6.94,9.792262145113831
105,7.03,9.848695972598241
105,7.12,9.904417774461129
105,7.21,9.959825001899347
105,7.3,10.01449766587382
105,7.39,10.068818470074346
105,7.48,10.12243703422306
105,7.57,10.175903337276027
105,7.66,10.22898762406939
105,7.75,10.28135446269567
105,7.84,10.333532732955614
105,7.93,10.385302738241851
105,8.02,10.436343302039017
105,8.11,10.487162958177585
105,8.2,10.53755157950858
105,8.29,10.587762617186383
105,8.38,10.637345360924115
105,8.47,10.68668092346353
105,8.56,10.735568229290717
105,8.65,10.784251217145638
105,8.74,10.832297810722672
105,8.83,10.880074464573577
105,8.92,10.927520985349316
105,9.01,10.974787577124163
105,9.1,11.02182845826119
105,9.19,11.068229327126403
105,9.28,11.114342456825161
105,9.37,11.160110524158943
105,9.46,11.205678173674343
105,9.55,11.251001890366586
105,9.64,11.29600537406839
105,9.73,11.34065655354942
105,9.82,11.385006625954377
105,9.91,11.429000930721239
105,10.0,11.472778685856934
106,1.0,3.385352929613446
106,1.09,3.5987916329175507
106,1.18,3.800127048574927
106,1.27,3.990535722092501
106,1.36,4.171694985147089
106,1.45,4.344909986777629
106,1.54,4.510720126582
106,1.63,4.669460463348482
106,1.72,4.822194077276406
106,1.81,4.969744148840729
106,1.9,5.112244704823659
106,1.99,5.249698296642016
106,2.08,5.382928014672186
106,2.17,5.512555351512765
106,2.26,5.638521990624699
106,2.35,5.760663042363497
106,2.44,5.879692878104845
106,2.53,5.9961358903255055
106,2.62,6.109824827557441
106,2.71,6.220495126486894
106,2.8,6.328809595490562
106,2.89,6.434486242413692
106,2.98,6.537629675982538
106,3.07,6.638887145061454
106,3.16,6.7379260982254605
106,3.25,6.834820496649943
106,3.34,6.930212878986264
106,3.43,7.0237280816903045
106,3.52,7.115416969950103
106,3.61,7.205924959414591
106,3.7,7.294839386697072
106,3.79,7.38219317531853
106,3.88,7.467883915460054
106,3.97,7.552212821880615
106,4.06,7.635060293577038
106,4.15,7.716728101572401
106,4.24,7.797080510788916
106,4.33,7.87642148258307
106,4.42,7.954599942036903
106,4.51,8.031923469938548
106,4.6,8.10822623529067
106,4.69,8.1832658543283
106,4.78,8.257144473219345
106,4.87,8.329962533394184
106,4.96,8.401819045743498
106,5.05,8.472811850427112
106,5.14,8.543037864053773
106,5.23,8.612593315811562
106,5.32,8.681573973972307
106,5.41,8.750075364057098
106,5.5,8.818192979831476
106,5.59,8.885965304545278
106,5.68,8.951447633830009
106,5.77,9.014714827865925
106,5.86,9.077683299089001
106,5.95,9.140352121994704
106,6.04,9.202655555089022
106,6.13,9.264532699346821
106,6.22,9.325927205477711
106,6.31,9.386786998618962
106,6.4,9.44706401935216
106,6.49,9.506713980018635
106,6.58,9.565696135380303
106,6.67,9.623973066738762
106,6.76,9.681593840330825
106,6.85,9.738986967498631
106,6.94,9.795694086492947
106,7.03,9.852127913977359
106,7.12,9.907849715840245
106,7.21,9.963256943278465
106,7.3,10.017929607252938
106,7.39,10.072250411453462
106,7.48,10.125868975602176
106,7.57,10.179335278655143
106,7.66,10.232419565448506
106,7.75,10.284786404074785
106,7.84,10.33696467433473
106,7.93,10.388734679620969
106,8.02,10.439775243418135
106,8.11,10.490594899556703
106,8.2,10.540983520887696
106,8.29,10.5911945585655
106,8.38,10.64077730230323
106,8.47,10.690112864842646
106,8.56,10.739000170669833
106,8.65,10.787683158524754
106,8.74,10.83572975210179
106,8.83,10.883506405952692
106,8.92,10.930952926728432
106,9.01,10.978219518503277
106,9.1,11.025260399640302
106,9.19,11.071661268505515
106,9.28,11.117774398204277
106,9.37,11.16354246553806
106,9.46,11.209110115053463
106,9.55,11.254433831745706
106,9.64,11.29943731544751
106,9.73,11.344088494928535
106,9.82,11.388438567333493
106,9.91,11.432432872100357
106,10.0,11.47621062723605
107,1.0,3.388641046317388
107,1.09,3.602079749621492
107,1.18,3.803415165278869
107,1.27,3.9938238387964446
107,1.36,4.174983101851033
107,1.45,4.3481981034815735
107,1.54,4.514008243285945
107,1.63,4.672748580052428
107,1.72,4.82548219398035
107,1.81,4.973032265544674
107,1.9,5.115532821527603
107,1.99,5.252986413345961
107,2.08,5.3862161313761305
107,2.17,5.51584346821671
107,2.26,5.6418101073286415
107,2.35,5.763951159067438
107,2.44,5.882980994808788
107,2.53,5.9994240070294484
107,2.62,6.113112944261386
107,2.71,6.223783243190838
107,2.8,6.332097712194506
107,2.89,6.437774359117634
107,2.98,6.540917792686483
107,3.07,6.642175261765397
107,3.16,6.741214214929403
107,3.25,6.838108613353886
107,3.34,6.933500995690208
107,3.43,7.02701619839425
107,3.52,7.118705086654049
107,3.61,7.2092130761185365
107,3.7,7.298127503401017
107,3.79,7.385481292022474
107,3.88,7.471172032163996
107,3.97,7.555500938584558
107,4.06,7.638348410280981
107,4.15,7.720016218276344
107,4.24,7.800368627492862
107,4.33,7.8797095992870165
107,4.42,7.957888058740847
107,4.51,8.035211586642491
107,4.6,8.111514351994613
107,4.69,8.186553971032243
107,4.78,8.26043258992329
107,4.87,8.33325065009813
107,4.96,8.405107162447441
107,5.05,8.476099967131056
107,5.14,8.546325980757716
107,5.23,8.615881432515506
107,5.32,8.68486209067625
107,5.41,8.753363480761042
107,5.5,8.82148109653542
107,5.59,8.889257674290752
107,5.68,8.95474222156607
107,5.77,9.018009491589876
107,5.86,9.080977962812952
107,5.95,9.143646785718655
107,6.04,9.205950218812973
107,6.13,9.267827363070772
107,6.22,9.329221869201664
107,6.31,9.390081662342912
107,6.4,9.450358683076114
107,6.49,9.510008643742585
107,6.58,9.568990799104256
107,6.67,9.62726773046271
107,6.76,9.684888504054774
107,6.85,9.742281631222584
107,6.94,9.7989887502169
107,7.03,9.85542257770131
107,7.12,9.911144379564197
107,7.21,9.966551607002417
107,7.3,10.021224270976889
107,7.39,10.075545075177414
107,7.48,10.129163639326128
107,7.57,10.182629942379096
107,7.66,10.235714229172457
107,7.75,10.288081067798737
107,7.84,10.340259338058683
107,7.93,10.39202934334492
107,8.02,10.443069907142084
107,8.11,10.493889563280653
107,8.2,10.544278184611649
107,8.29,10.594489222289452
107,8.38,10.644071966027184
107,8.47,10.693407528566599
107,8.56,10.742294834393785
107,8.65,10.790977822248706
107,8.74,10.83902441582574
107,8.83,10.886801069676643
107,8.92,10.934247590452383
107,9.01,10.981514182227228
107,9.1,11.028555063364255
107,9.19,11.07495593222947
107,9.28,11.121069061928228
107,9.37,11.16683712926201
107,9.46,11.212404778777412
107,9.55,11.257728495469653
107,9.64,11.302731979171456
107,9.73,11.347383158652484
107,9.82,11.391733231057446
107,9.91,11.435727535824308
107,10.0,11.479505290960006
108,1.0,3.3917976383531743
108,1.09,3.605236341657279
108,1.18,3.8065717573146562
108,1.27,3.9969804308322328
108,1.36,4.178139693886819
108,1.45,4.351354695517361
108,1.54,4.517164835321731
108,1.63,4.675905172088214
108,1.72,4.828638786016137
108,1.81,4.9761888575804605
108,1.9,5.118689413563389
108,1.99,5.256143005381745
108,2.08,5.389372723411916
108,2.17,5.519000060252495
108,2.26,5.644966699364428
108,2.35,5.767107751103224
108,2.44,5.8861375868445736
108,2.53,6.002580599065234
108,2.62,6.11626953629717
108,2.71,6.226939835226625
108,2.8,6.335254304230292
108,2.89,6.44093095115342
108,2.98,6.5440743847222675
108,3.07,6.645331853801183
108,3.16,6.7443708069651915
108,3.25,6.841265205389673
108,3.34,6.936657587725995
108,3.43,7.030172790430037
108,3.52,7.121861678689835
108,3.61,7.212369668154323
108,3.7,7.301284095436801
108,3.79,7.38863788405826
108,3.88,7.4743286241997815
108,3.97,7.5586575306203425
108,4.06,7.641505002316769
108,4.15,7.723172810312132
108,4.24,7.803525219528649
108,4.33,7.882866191322803
108,4.42,7.961044650776632
108,4.51,8.038368178678276
108,4.6,8.114670944030399
108,4.69,8.189710563068031
108,4.78,8.263589181959079
108,4.87,8.336407242133916
108,4.96,8.408263754483226
108,5.05,8.479256559166842
108,5.14,8.549482572793503
108,5.23,8.61903802455129
108,5.32,8.688018682712036
108,5.41,8.756520072796828
108,5.5,8.824637688571206
108,5.59,8.892418349246407
108,5.68,8.957905025792689
108,5.77,9.02117236876487
108,5.86,9.084140839987946
108,5.95,9.146809662893647
108,6.04,9.209113095987966
108,6.13,9.270990240245766
108,6.22,9.332384746376658
108,6.31,9.393244539517905
108,6.4,9.453521560251104
108,6.49,9.513171520917581
108,6.58,9.572153676279248
108,6.67,9.630430607637706
108,6.76,9.68805138122977
108,6.85,9.745444508397574
108,6.94,9.80215162739189
108,7.03,9.858585454876305
108,7.12,9.91430725673919
108,7.21,9.96971448417741
108,7.3,10.024387148151883
108,7.39,10.078707952352408
108,7.48,10.132326516501122
108,7.57,10.185792819554088
108,7.66,10.238877106347452
108,7.75,10.291243944973731
108,7.84,10.343422215233677
108,7.93,10.395192220519913
108,8.02,10.446232784317079
108,8.11,10.497052440455649
108,8.2,10.547441061786643
108,8.29,10.597652099464446
108,8.38,10.647234843202174
108,8.47,10.696570405741591
108,8.56,10.745457711568779
108,8.65,10.7941406994237
108,8.74,10.842187293000736
108,8.83,10.889963946851639
108,8.92,10.937410467627378
108,9.01,10.984677059402223
108,9.1,11.031717940539249
108,9.19,11.078118809404462
108,9.28,11.124231939103222
108,9.37,11.170000006437002
108,9.46,11.215567655952405
108,9.55,11.260891372644647
108,9.64,11.30589485634645
108,9.73,11.35054603582748
108,9.82,11.394896108232437
108,9.91,11.438890412999301
108,10.0,11.482668168134996
109,1.0,3.3948279667075285
109,1.09,3.608266670011634
109,1.18,3.8096020856690105
109,1.27,4.000010759186587
109,1.36,4.181170022241175
109,1.45,4.354385023871716
109,1.54,4.520195163676085
109,1.63,4.678935500442567
109,1.72,4.8316691143704915
109,1.81,4.979219185934814
109,1.9,5.121719741917744
109,1.99,5.2591733337361
109,2.08,5.39240305176627
109,2.17,5.522030388606849
109,2.26,5.647997027718781
109,2.35,5.770138079457579
109,2.44,5.889167915198928
109,2.53,6.005610927419588
109,2.62,6.1192998646515235
109,2.71,6.229970163580979
109,2.8,6.338284632584647
109,2.89,6.443961279507777
109,2.98,6.547104713076624
109,3.07,6.648362182155539
109,3.16,6.7474011353195475
109,3.25,6.844295533744028
109,3.34,6.93968791608035
109,3.43,7.03320311878439
109,3.52,7.124892007044189
109,3.61,7.215399996508677
109,3.7,7.304314423791155
109,3.79,7.391668212412613
109,3.88,7.477358952554138
109,3.97,7.561687858974699
109,4.06,7.6445353306711255
109,4.15,7.726203138666487
109,4.24,7.8065555478830015
109,4.33,7.885896519677155
109,4.42,7.964074979130987
109,4.51,8.041398507032632
109,4.6,8.117701272384755
109,4.69,8.192740891422387
109,4.78,8.266619510313433
109,4.87,8.339437570488268
109,4.96,8.411294082837582
109,5.05,8.482286887521196
109,5.14,8.552512901147855
109,5.23,8.622068352905647
109,5.32,8.691049011066392
109,5.41,8.759550401151182
109,5.5,8.82766801692556
109,5.59,8.895452597203835
109,5.68,8.960941317850244
109,5.77,9.024208730852862
109,5.86,9.087177202075939
109,5.95,9.149846024981642
109,6.04,9.212149458075958
109,6.13,9.274026602333759
109,6.22,9.33542110846465
109,6.31,9.3962809016059
109,6.4,9.4565579223391
109,6.49,9.516207883005572
109,6.58,9.575190038367245
109,6.67,9.633466969725697
109,6.76,9.69108774331776
109,6.85,9.74848087048557
109,6.94,9.805187989479887
109,7.03,9.861621816964295
109,7.12,9.917343618827182
109,7.21,9.972750846265406
109,7.3,10.027423510239878
109,7.39,10.081744314440403
109,7.48,10.135362878589117
109,7.57,10.188829181642083
109,7.66,10.241913468435445
109,7.75,10.294280307061726
109,7.84,10.346458577321668
109,7.93,10.398228582607908
109,8.02,10.449269146405072
109,8.11,10.500088802543642
109,8.2,10.550477423874636
109,8.29,10.600688461552439
109,8.38,10.65027120529017
109,8.47,10.699606767829588
109,8.56,10.748494073656772
109,8.65,10.797177061511695
109,8.74,10.845223655088725
109,8.83,10.89300030893963
109,8.92,10.94044682971537
109,9.01,10.987713421490216
109,9.1,11.034754302627242
109,9.19,11.081155171492458
109,9.28,11.127268301191217
109,9.37,11.173036368524999
109,9.46,11.218604018040399
109,9.55,11.263927734732642
109,9.64,11.308931218434445
109,9.73,11.353582397915472
109,9.82,11.397932470320432
109,9.91,11.441926775087293
109,10.0,11.485704530222991
110,1.0,3.39773708192771
110,1.09,3.611175785231816
110,1.18,3.8125112008891904
110,1.27,4.002919874406766
110,1.36,4.184079137461355
110,1.45,4.357294139091895
110,1.54,4.523104278896266
110,1.63,4.681844615662747
110,1.72,4.834578229590671
110,1.81,4.982128301154994
110,1.9,5.124628857137923
110,1.99,5.2620824489562805
110,2.08,5.39531216698645
110,2.17,5.524939503827029
110,2.26,5.65090614293896
110,2.35,5.773047194677759
110,2.44,5.892077030419109
110,2.53,6.008520042639769
110,2.62,6.122208979871706
110,2.71,6.23287927880116
110,2.8,6.341193747804828
110,2.89,6.446870394727958
110,2.98,6.550013828296804
110,3.07,6.65127129737572
110,3.16,6.750310250539726
110,3.25,6.847204648964208
110,3.34,6.94259703130053
110,3.43,7.03611223400457
110,3.52,7.127801122264368
110,3.61,7.218309111728856
110,3.7,7.307223539011337
110,3.79,7.3945773276327955
110,3.88,7.48026806777432
110,3.97,7.56459697419488
110,4.06,7.647444445891304
110,4.15,7.729112253886665
110,4.24,7.809464663103183
110,4.33,7.888805634897337
110,4.42,7.966984094351169
110,4.51,8.044307622252813
110,4.6,8.120610387604938
110,4.69,8.195650006642568
110,4.78,8.26952862553361
110,4.87,8.342346685708451
110,4.96,8.414203198057761
110,5.05,8.485196002741375
110,5.14,8.555422016368038
110,5.23,8.624977468125827
110,5.32,8.69395812628657
110,5.41,8.762459516371363
110,5.5,8.830577132145741
110,5.59,8.898365475242967
110,5.68,8.963856158225497
110,5.77,9.027123638457336
110,5.86,9.090092109680413
110,5.95,9.152760932586114
110,6.04,9.215064365680433
110,6.13,9.276941509938231
110,6.22,9.338336016069125
110,6.31,9.399195809210372
110,6.4,9.459472829943575
110,6.49,9.519122790610046
110,6.58,9.578104945971715
110,6.67,9.636381877330175
110,6.76,9.694002650922238
110,6.85,9.751395778090043
110,6.94,9.808102897084359
110,7.03,9.864536724568772
110,7.12,9.920258526431658
110,7.21,9.975665753869876
110,7.3,10.030338417844348
110,7.39,10.084659222044877
110,7.48,10.13827778619359
110,7.57,10.191744089246557
110,7.66,10.244828376039921
110,7.75,10.2971952146662
110,7.84,10.349373484926144
110,7.93,10.401143490212382
110,8.02,10.452184054009548
110,8.11,10.503003710148114
110,8.2,10.553392331479111
110,8.29,10.603603369156914
110,8.38,10.653186112894643
110,8.47,10.70252167543406
110,8.56,10.751408981261246
110,8.65,10.800091969116167
110,8.74,10.848138562693203
110,8.83,10.895915216544108
110,8.92,10.943361737319847
110,9.01,10.99062832909469
110,9.1,11.037669210231718
110,9.19,11.084070079096927
110,9.28,11.130183208795689
110,9.37,11.175951276129469
110,9.46,11.221518925644872
110,9.55,11.266842642337116
110,9.64,11.311846126038919
110,9.73,11.356497305519948
110,9.82,11.400847377924906
110,9.91,11.44484168269177
110,10.0,11.488619437827463
111,1.0,3.4005298325390836
111,1.09,3.6139685358431874
111,1.18,3.8153039515005647
111,1.27,4.005712625018139
111,1.36,4.186871888072727
111,1.45,4.360086889703267
111,1.54,4.525897029507638
111,1.63,4.684637366274121
111,1.72,4.837370980202044
111,1.81,4.984921051766366
111,1.9,5.1274216077492945
111,1.99,5.264875199567653
111,2.08,5.3981049175978235
111,2.17,5.527732254438403
111,2.26,5.653698893550336
111,2.35,5.775839945289134
111,2.44,5.894869781030483
111,2.53,6.011312793251143
111,2.62,6.125001730483081
111,2.71,6.235672029412534
111,2.8,6.343986498416202
111,2.89,6.449663145339329
111,2.98,6.552806578908177
111,3.07,6.6540640479870925
111,3.16,6.753103001151098
111,3.25,6.849997399575581
111,3.34,6.945389781911902
111,3.43,7.038904984615945
111,3.52,7.130593872875743
111,3.61,7.221101862340231
111,3.7,7.310016289622712
111,3.79,7.397370078244169
111,3.88,7.483060818385691
111,3.97,7.567389724806251
111,4.06,7.650237196502678
111,4.15,7.73190500449804
111,4.24,7.8122574137145575
111,4.33,7.891598385508711
111,4.42,7.969776844962544
111,4.51,8.047100372864188
111,4.6,8.123403138216311
111,4.69,8.198442757253938
111,4.78,8.272321376144985
111,4.87,8.345139436319823
111,4.96,8.416995948669133
111,5.05,8.48798875335275
111,5.14,8.558214766979411
111,5.23,8.627770218737199
111,5.32,8.696750876897944
111,5.41,8.765252266982737
111,5.5,8.833369882757115
111,5.59,8.901161838160533
111,5.68,8.966654404985738
111,5.77,9.029921949757632
111,5.86,9.092890420980709
111,5.95,9.15555924388641
111,6.04,9.217862676980728
111,6.13,9.279739821238527
111,6.22,9.341134327369417
111,6.31,9.401994120510668
111,6.4,9.462271141243868
111,6.49,9.521921101910344
111,6.58,9.580903257272011
111,6.67,9.639180188630466
111,6.76,9.696800962222529
111,6.85,9.75419408939034
111,6.94,9.810901208384657
111,7.03,9.867335035869065
111,7.12,9.923056837731952
111,7.21,9.978464065170174
111,7.3,10.033136729144646
111,7.39,10.08745753334517
111,7.48,10.141076097493883
111,7.57,10.19454240054685
111,7.66,10.247626687340215
111,7.75,10.299993525966496
111,7.84,10.35217179622644
111,7.93,10.403941801512678
111,8.02,10.454982365309842
111,8.11,10.50580202144841
111,8.2,10.556190642779406
111,8.29,10.606401680457209
111,8.38,10.65598442419494
111,8.47,10.705319986734354
111,8.56,10.754207292561542
111,8.65,10.802890280416465
111,8.74,10.850936873993497
111,8.83,10.8987135278444
111,8.92,10.94616004862014
111,9.01,10.993426640394985
111,9.1,11.040467521532012
111,9.19,11.086868390397226
111,9.28,11.132981520095987
111,9.37,11.178749587429769
111,9.46,11.224317236945168
111,9.55,11.269640953637412
111,9.64,11.314644437339215
111,9.73,11.359295616820239
111,9.82,11.4036456892252
111,9.91,11.44763999399206
111,10.0,11.49141774912776
112,1.0,3.4032108731260005
112,1.09,3.616649576430105
112,1.18,3.8179849920874807
112,1.27,4.008393665605057
112,1.36,4.189552928659645
112,1.45,4.362767930290185
112,1.54,4.528578070094555
112,1.63,4.6873184068610385
112,1.72,4.840052020788963
112,1.81,4.987602092353286
112,1.9,5.130102648336216
112,1.99,5.267556240154573
112,2.08,5.400785958184743
112,2.17,5.530413295025322
112,2.26,5.656379934137256
112,2.35,5.778520985876052
112,2.44,5.8975508216174015
112,2.53,6.013993833838062
112,2.62,6.127682771069997
112,2.71,6.238353069999452
112,2.8,6.3466675390031195
112,2.89,6.452344185926247
112,2.98,6.555487619495095
112,3.07,6.656745088574009
112,3.16,6.755784041738019
112,3.25,6.8526784401625
112,3.34,6.948070822498822
112,3.43,7.041586025202864
112,3.52,7.133274913462662
112,3.61,7.22378290292715
112,3.7,7.312697330209628
112,3.79,7.400051118831085
112,3.88,7.48574185897261
112,3.97,7.570070765393171
112,4.06,7.652918237089597
112,4.15,7.734586045084959
112,4.24,7.814938454301477
112,4.33,7.894279426095631
112,4.42,7.9724578855494626
112,4.51,8.049781413451107
112,4.6,8.126084178803225
112,4.69,8.201123797840857
112,4.78,8.275002416731903
112,4.87,8.347820476906739
112,4.96,8.419676989256054
112,5.05,8.490669793939668
112,5.14,8.560895807566327
112,5.23,8.630451259324118
112,5.32,8.699431917484864
112,5.41,8.767933307569654
112,5.5,8.836050923344033
112,5.59,8.903846346561398
112,5.68,8.96934072187557
112,5.77,9.032608328605916
112,5.86,9.095576799828992
112,5.95,9.158245622734693
112,6.04,9.22054905582901
112,6.13,9.28242620008681
112,6.22,9.343820706217702
112,6.31,9.40468049935895
112,6.4,9.464957520092153
112,6.49,9.524607480758624
112,6.58,9.583589636120296
112,6.67,9.64186656747875
112,6.76,9.699487341070814
112,6.85,9.75688046823862
112,6.94,9.813587587232936
112,7.03,9.870021414717352
112,7.12,9.925743216580237
112,7.21,9.981150444018455
112,7.3,10.035823107992927
112,7.39,10.090143912193454
112,7.48,10.143762476342168
112,7.57,10.197228779395134
112,7.66,10.250313066188497
112,7.75,10.302679904814775
112,7.84,10.35485817507472
112,7.93,10.406628180360961
112,8.02,10.457668744158127
112,8.11,10.508488400296695
112,8.2,10.55887702162769
112,8.29,10.609088059305494
112,8.38,10.658670803043222
112,8.47,10.708006365582637
112,8.56,10.756893671409827
112,8.65,10.805576659264746
112,8.74,10.853623252841782
112,8.83,10.901399906692683
112,8.92,10.948846427468423
112,9.01,10.99611301924327
112,9.1,11.043153900380297
112,9.19,11.089554769245508
112,9.28,11.135667898944268
112,9.37,11.181435966278048
112,9.46,11.22700361579345
112,9.55,11.272327332485695
112,9.64,11.317330816187498
112,9.73,11.361981995668526
112,9.82,11.406332068073485
112,9.91,11.45032637284035
112,10.0,11.494104127976042
113,1.0,3.4057846720894416
113,1.09,3.6192233753935463
113,1.18,3.820558791050921
113,1.27,4.010967464568498
113,1.36,4.192126727623087
113,1.45,4.365341729253628
113,1.54,4.531151869057999
113,1.63,4.689892205824481
113,1.72,4.8426258197524055
113,1.81,4.990175891316728
113,1.9,5.132676447299659
113,1.99,5.270130039118015
113,2.08,5.403359757148185
113,2.17,5.532987093988764
113,2.26,5.658953733100695
113,2.35,5.781094784839493
113,2.44,5.900124620580843
113,2.53,6.016567632801503
113,2.62,6.1302565700334375
113,2.71,6.240926868962893
113,2.8,6.34924133796656
113,2.89,6.454917984889691
113,2.98,6.5580614184585375
113,3.07,6.659318887537453
113,3.16,6.7583578407014615
113,3.25,6.855252239125942
113,3.34,6.950644621462264
113,3.43,7.044159824166304
113,3.52,7.135848712426101
113,3.61,7.226356701890589
113,3.7,7.3152711291730705
113,3.79,7.402624917794529
113,3.88,7.488315657936053
113,3.97,7.572644564356613
113,4.06,7.65549203605304
113,4.15,7.737159844048402
113,4.24,7.817512253264919
113,4.33,7.896853225059074
113,4.42,7.9750316845129
113,4.51,8.052355212414545
113,4.6,8.128657977766668
113,4.69,8.203697596804298
113,4.78,8.277576215695342
113,4.87,8.350394275870183
113,4.96,8.422250788219495
113,5.05,8.493243592903108
113,5.14,8.56346960652977
113,5.23,8.633025058287561
113,5.32,8.702005716448305
113,5.41,8.770507106533096
113,5.5,8.838624722307474
113,5.59,8.906423474626228
113,5.68,8.97191958608981
113,5.77,9.035187252300268
113,5.86,9.098155723523345
113,5.95,9.160824546429046
113,6.04,9.223127979523364
113,6.13,9.285005123781161
113,6.22,9.346399629912053
113,6.31,9.407259423053302
113,6.4,9.467536443786502
113,6.49,9.527186404452978
113,6.58,9.586168559814645
113,6.67,9.644445491173103
113,6.76,9.702066264765167
113,6.85,9.759459391932973
113,6.94,9.816166510927289
113,7.03,9.872600338411699
113,7.12,9.928322140274586
113,7.21,9.98372936771281
113,7.3,10.038402031687282
113,7.39,10.092722835887805
113,7.48,10.146341400036519
113,7.57,10.199807703089485
113,7.66,10.25289198988285
113,7.75,10.30525882850913
113,7.84,10.357437098769074
113,7.93,10.409207104055312
113,8.02,10.460247667852475
113,8.11,10.511067323991044
113,8.2,10.561455945322042
113,8.29,10.611666982999845
113,8.38,10.661249726737577
113,8.47,10.710585289276992
113,8.56,10.759472595104178
113,8.65,10.8081555829591
113,8.74,10.856202176536133
113,8.83,10.903978830387034
113,8.92,10.951425351162774
113,9.01,10.998691942937622
113,9.1,11.045732824074648
113,9.19,11.092133692939862
113,9.28,11.138246822638619
113,9.37,11.184014889972401
113,9.46,11.229582539487804
113,9.55,11.274906256180047
113,9.64,11.319909739881851
113,9.73,11.364560919362876
113,9.82,11.408910991767836
113,9.91,11.452905296534697
113,10.0,11.496683051670393
114,1.0,3.4082555190943467
114,1.09,3.6216942223984514
114,1.18,3.8230296380558277
114,1.27,4.013438311573404
114,1.36,4.194597574627992
114,1.45,4.367812576258532
114,1.54,4.533622716062904
114,1.63,4.692363052829386
114,1.72,4.84509666675731
114,1.81,4.992646738321632
114,1.9,5.13514729430456
114,1.99,5.272600886122918
114,2.08,5.405830604153088
114,2.17,5.535457940993667
114,2.26,5.6614245801055985
114,2.35,5.783565631844397
114,2.44,5.902595467585745
114,2.53,6.019038479806405
114,2.62,6.132727417038344
114,2.71,6.243397715967798
114,2.8,6.351712184971466
114,2.89,6.457388831894596
114,2.98,6.560532265463442
114,3.07,6.661789734542357
114,3.16,6.760828687706363
114,3.25,6.857723086130844
114,3.34,6.953115468467166
114,3.43,7.046630671171209
114,3.52,7.138319559431007
114,3.61,7.228827548895495
114,3.7,7.317741976177976
114,3.79,7.405095764799433
114,3.88,7.490786504940958
114,3.97,7.5751154113615184
114,4.06,7.6579628830579445
114,4.15,7.739630691053307
114,4.24,7.81998310026982
114,4.33,7.899324072063974
114,4.42,7.977502531517805
114,4.51,8.05482605941945
114,4.6,8.131128824771572
114,4.69,8.2061684438092
114,4.78,8.280047062700248
114,4.87,8.352865122875087
114,4.96,8.424721635224396
114,5.05,8.495714439908014
114,5.14,8.565940453534676
114,5.23,8.635495905292464
114,5.32,8.704476563453207
114,5.41,8.772977953538
114,5.5,8.841095569312378
114,5.59,8.908897517568464
114,5.68,8.974395295735478
114,5.77,9.037663019046846
114,5.86,9.100631490269922
114,5.95,9.163300313175624
114,6.04,9.225603746269941
114,6.13,9.28748089052774
114,6.22,9.34887539665863
114,6.31,9.409735189799878
114,6.4,9.470012210533081
114,6.49,9.529662171199552
114,6.58,9.588644326561225
114,6.67,9.64692125791968
114,6.76,9.704542031511743
114,6.85,9.761935158679552
114,6.94,9.818642277673867
114,7.03,9.875076105158278
114,7.12,9.930797907021164
114,7.21,9.986205134459384
114,7.3,10.040877798433856
114,7.39,10.095198602634385
114,7.48,10.148817166783099
114,7.57,10.202283469836065
114,7.66,10.255367756629427
114,7.75,10.307734595255706
114,7.84,10.35991286551565
114,7.93,10.41168287080189
114,8.02,10.462723434599056
114,8.11,10.513543090737624
114,8.2,10.56393171206862
114,8.29,10.614142749746422
114,8.38,10.663725493484149
114,8.47,10.713061056023566
114,8.56,10.761948361850756
114,8.65,10.810631349705677
114,8.74,10.858677943282713
114,8.83,10.906454597133616
114,8.92,10.953901117909355
114,9.01,11.0011677096842
114,9.1,11.048208590821227
114,9.19,11.094609459686438
114,9.28,11.140722589385197
114,9.37,11.186490656718977
114,9.46,11.232058306234382
114,9.55,11.277382022926625
114,9.64,11.322385506628429
114,9.73,11.367036686109456
114,9.82,11.411386758514412
114,9.91,11.455381063281276
114,10.0,11.499158818416973
115,1.0,3.4106275322190553
115,1.09,3.624066235523159
115,1.18,3.8254016511805373
115,1.27,4.015810324698112
115,1.36,4.1969695877527
115,1.45,4.370184589383241
115,1.54,4.53599472918761
115,1.63,4.694735065954093
115,1.72,4.847468679882017
115,1.81,4.995018751446339
115,1.9,5.137519307429267
115,1.99,5.274972899247625
115,2.08,5.408202617277794
115,2.17,5.537829954118374
115,2.26,5.663796593230309
115,2.35,5.785937644969105
115,2.44,5.904967480710455
115,2.53,6.021410492931115
115,2.62,6.135099430163053
115,2.71,6.245769729092506
115,2.8,6.3540841980961735
115,2.89,6.459760845019301
115,2.98,6.562904278588148
115,3.07,6.6641617476670625
115,3.16,6.763200700831072
115,3.25,6.860095099255554
115,3.34,6.9554874815918755
115,3.43,7.0490026842959175
115,3.52,7.140691572555715
115,3.61,7.231199562020203
115,3.7,7.320113989302684
115,3.79,7.407467777924142
115,3.88,7.493158518065666
115,3.97,7.577487424486227
115,4.06,7.660334896182649
115,4.15,7.742002704178012
115,4.24,7.822355113394528
115,4.33,7.901696085188682
115,4.42,7.979874544642513
115,4.51,8.057198072544157
115,4.6,8.133500837896278
115,4.69,8.20854045693391
115,4.78,8.282419075824958
115,4.87,8.355237135999792
115,4.96,8.427093648349105
115,5.05,8.498086453032723
115,5.14,8.568312466659382
115,5.23,8.63786791841717
115,5.32,8.706848576577915
115,5.41,8.775349966662708
115,5.5,8.843467582437086
115,5.59,8.91127259879301
115,5.68,8.976771976995321
115,5.77,9.04003975512356
115,5.86,9.103008226346637
115,5.95,9.16567704925234
115,6.04,9.227980482346656
115,6.13,9.289857626604455
115,6.22,9.351252132735347
115,6.31,9.412111925876594
115,6.4,9.472388946609794
115,6.49,9.53203890727627
115,6.58,9.591021062637937
115,6.67,9.649297993996395
115,6.76,9.706918767588459
115,6.85,9.764311894756265
115,6.94,9.82101901375058
115,7.03,9.877452841234994
115,7.12,9.93317464309788
115,7.21,9.9885818705361
115,7.3,10.043254534510572
115,7.39,10.097575338711097
115,7.48,10.151193902859811
115,7.57,10.204660205912777
115,7.66,10.257744492706143
115,7.75,10.310111331332424
115,7.84,10.362289601592366
115,7.93,10.414059606878604
115,8.02,10.465100170675768
115,8.11,10.515919826814336
115,8.2,10.566308448145334
115,8.29,10.616519485823137
115,8.38,10.666102229560867
115,8.47,10.715437792100284
115,8.56,10.764325097927472
115,8.65,10.813008085782393
115,8.74,10.861054679359421
115,8.83,10.908831333210326
115,8.92,10.956277853986066
115,9.01,11.003544445760914
115,9.1,11.05058532689794
115,9.19,11.096986195763156
115,9.28,11.143099325461915
115,9.37,11.188867392795697
115,9.46,11.234435042311098
115,9.55,11.279758759003341
115,9.64,11.324762242705145
115,9.73,11.36941342218617
115,9.82,11.413763494591128
115,9.91,11.457757799357989
115,10.0,11.501535554493689
116,1.0,3.4129046648187744
116,1.09,3.626343368122879
116,1.18,3.8276787837802546
116,1.27,4.018087457297831
116,1.36,4.199246720352419
116,1.45,4.372461721982959
116,1.54,4.5382718617873286
116,1.63,4.697012198553812
116,1.72,4.849745812481735
116,1.81,4.997295884046058
116,1.9,5.13979644002899
116,1.99,5.277250031847346
116,2.08,5.410479749877516
116,2.17,5.540107086718095
116,2.26,5.666073725830029
116,2.35,5.788214777568824
116,2.44,5.907244613310175
116,2.53,6.023687625530835
116,2.62,6.137376562762769
116,2.71,6.248046861692224
116,2.8,6.356361330695891
116,2.89,6.462037977619022
116,2.98,6.5651814111878695
116,3.07,6.666438880266784
116,3.16,6.765477833430793
116,3.25,6.862372231855273
116,3.34,6.957764614191595
116,3.43,7.051279816895637
116,3.52,7.142968705155436
116,3.61,7.233476694619924
116,3.7,7.322391121902404
116,3.79,7.409744910523862
116,3.88,7.4954356506653825
116,3.97,7.579764557085944
116,4.06,7.66261202878237
116,4.15,7.744279836777731
116,4.24,7.8246322459942474
116,4.33,7.903973217788401
116,4.42,7.982151677242231
116,4.51,8.059475205143876
116,4.6,8.135777970496
116,4.69,8.210817589533631
116,4.78,8.284696208424673
116,4.87,8.357514268599513
116,4.96,8.429370780948828
116,5.05,8.50036358563244
116,5.14,8.5705895992591
116,5.23,8.64014505101689
116,5.32,8.709125709177636
116,5.41,8.777627099262427
116,5.5,8.845744715036805
116,5.59,8.913552676768575
116,5.68,8.97905359100477
116,5.77,9.042321421757206
116,5.86,9.105289892980283
116,5.95,9.167958715885984
116,6.04,9.230262148980303
116,6.13,9.292139293238101
116,6.22,9.353533799368993
116,6.31,9.41439359251024
116,6.4,9.474670613243442
116,6.49,9.534320573909913
116,6.58,9.593302729271585
116,6.67,9.65157966063004
116,6.76,9.709200434222103
116,6.85,9.766593561389913
116,6.94,9.823300680384229
116,7.03,9.879734507868639
116,7.12,9.935456309731524
116,7.21,9.990863537169748
116,7.3,10.045536201144218
116,7.39,10.099857005344743
116,7.48,10.153475569493457
116,7.57,10.206941872546425
116,7.66,10.260026159339787
116,7.75,10.312392997966066
116,7.84,10.36457126822601
116,7.93,10.416341273512252
116,8.02,10.467381837309418
116,8.11,10.518201493447984
116,8.2,10.56859011477898
116,8.29,10.618801152456783
116,8.38,10.668383896194511
116,8.47,10.717719458733928
116,8.56,10.766606764561118
116,8.65,10.815289752416037
116,8.74,10.863336345993071
116,8.83,10.911112999843976
116,8.92,10.958559520619715
116,9.01,11.005826112394562
116,9.1,11.052866993531588
116,9.19,11.099267862396795
116,9.28,11.145380992095557
116,9.37,11.191149059429337
116,9.46,11.236716708944744
116,9.55,11.282040425636986
116,9.64,11.327043909338789
116,9.73,11.371695088819818
116,9.82,11.416045161224776
116,9.91,11.46003946599164
116,10.0,11.503817221127335
117,1.0,3.4150907121145053
117,1.09,3.628529415418609
117,1.18,3.8298648310759846
117,1.27,4.020273504593561
117,1.36,4.201432767648148
117,1.45,4.374647769278689
117,1.54,4.540457909083062
117,1.63,4.699198245849543
117,1.72,4.851931859777467
117,1.81,4.99948193134179
117,1.9,5.141982487324721
117,1.99,5.279436079143076
117,2.08,5.412665797173247
117,2.17,5.542293134013826
117,2.26,5.668259773125757
117,2.35,5.790400824864554
117,2.44,5.909430660605903
117,2.53,6.025873672826563
117,2.62,6.139562610058502
117,2.71,6.2502329089879565
117,2.8,6.3585473779916235
117,2.89,6.464224024914754
117,2.98,6.5673674584835995
117,3.07,6.668624927562515
117,3.16,6.7676638807265235
117,3.25,6.864558279151005
117,3.34,6.959950661487327
117,3.43,7.053465864191369
117,3.52,7.145154752451168
117,3.61,7.235662741915656
117,3.7,7.324577169198132
117,3.79,7.411930957819591
117,3.88,7.497621697961114
117,3.97,7.5819506043816745
117,4.06,7.6647980760781
117,4.15,7.746465884073461
117,4.24,7.8268182932899775
117,4.33,7.906159265084132
117,4.42,7.984337724537963
117,4.51,8.061661252439608
117,4.6,8.137964017791731
117,4.69,8.213003636829358
117,4.78,8.286882255720405
117,4.87,8.359700315895246
117,4.96,8.431556828244556
117,5.05,8.502549632928169
117,5.14,8.572775646554831
117,5.23,8.642331098312622
117,5.32,8.711311756473366
117,5.41,8.779813146558157
117,5.5,8.847930762332535
117,5.59,8.915741551625118
117,5.68,8.981243940453842
117,5.77,9.044511821725507
117,5.86,9.107480292948583
117,5.95,9.170149115854285
117,6.04,9.232452548948602
117,6.13,9.294329693206402
117,6.22,9.355724199337294
117,6.31,9.416583992478541
117,6.4,9.47686101321174
117,6.49,9.536510973878215
117,6.58,9.595493129239882
117,6.67,9.65377006059834
117,6.76,9.711390834190404
117,6.85,9.76878396135821
117,6.94,9.825491080352526
117,7.03,9.88192490783694
117,7.12,9.937646709699827
117,7.21,9.993053937138047
117,7.3,10.047726601112517
117,7.39,10.102047405313046
117,7.48,10.15566596946176
117,7.57,10.209132272514724
117,7.66,10.262216559308087
117,7.75,10.314583397934367
117,7.84,10.366761668194313
117,7.93,10.418531673480551
117,8.02,10.469572237277713
117,8.11,10.520391893416283
117,8.2,10.57078051474728
117,8.29,10.620991552425084
117,8.38,10.670574296162815
117,8.47,10.719909858702229
117,8.56,10.768797164529417
117,8.65,10.817480152384338
117,8.74,10.86552674596137
117,8.83,10.913303399812275
117,8.92,10.960749920588015
117,9.01,11.008016512362861
117,9.1,11.055057393499887
117,9.19,11.1014582623651
117,9.28,11.14757139206386
117,9.37,11.193339459397642
117,9.46,11.238907108913047
117,9.55,11.284230825605286
117,9.64,11.32923430930709
117,9.73,11.373885488788112
117,9.82,11.418235561193073
117,9.91,11.462229865959936
117,10.0,11.506007621095636
118,1.0,3.417189317518405
118,1.09,3.6306280208225097
118,1.18,3.8319634364798887
118,1.27,4.022372109997463
118,1.36,4.203531373052051
118,1.45,4.376746374682592
118,1.54,4.542556514486964
118,1.63,4.701296851253445
118,1.72,4.854030465181369
118,1.81,5.001580536745692
118,1.9,5.144081092728619
118,1.99,5.281534684546977
118,2.08,5.414764402577146
118,2.17,5.544391739417725
118,2.26,5.67035837852966
118,2.35,5.792499430268458
118,2.44,5.911529266009807
118,2.53,6.027972278230467
118,2.62,6.141661215462404
118,2.71,6.252331514391857
118,2.8,6.360645983395525
118,2.89,6.466322630318655
118,2.98,6.569466063887503
118,3.07,6.670723532966417
118,3.16,6.769762486130426
118,3.25,6.866656884554908
118,3.34,6.9620492668912295
118,3.43,7.055564469595267
118,3.52,7.1472533578550665
118,3.61,7.237761347319554
118,3.7,7.326675774602035
118,3.79,7.414029563223492
118,3.88,7.499720303365015
118,3.97,7.584049209785576
118,4.06,7.666896681482
118,4.15,7.7485644894773635
118,4.24,7.82891689869388
118,4.33,7.908257870488034
118,4.42,7.986436329941865
118,4.51,8.06375985784351
118,4.6,8.140062623195629
118,4.69,8.215102242233261
118,4.78,8.28898086112431
118,4.87,8.361798921299146
118,4.96,8.433655433648456
118,5.05,8.504648238332072
118,5.14,8.574874251958734
118,5.23,8.644429703716522
118,5.32,8.713410361877266
118,5.41,8.781911751962058
118,5.5,8.850029367736436
118,5.59,8.917842871487398
118,5.68,8.98334667592495
118,5.77,9.046614605695076
118,5.86,9.109583076918152
118,5.95,9.172251899823854
118,6.04,9.234555332918172
118,6.13,9.29643247717597
118,6.22,9.357826983306861
118,6.31,9.41868677644811
118,6.4,9.47896379718131
118,6.49,9.538613757847783
118,6.58,9.597595913209453
118,6.67,9.655872844567906
118,6.76,9.71349361815997
118,6.85,9.770886745327779
118,6.94,9.827593864322095
118,7.03,9.884027691806505
118,7.12,9.939749493669392
118,7.21,9.995156721107614
118,7.3,10.049829385082088
118,7.39,10.104150189282613
118,7.48,10.157768753431327
118,7.57,10.211235056484291
118,7.66,10.264319343277657
118,7.75,10.316686181903938
118,7.84,10.36886445216388
118,7.93,10.420634457450118
118,8.02,10.471675021247282
118,8.11,10.522494677385854
118,8.2,10.572883298716848
118,8.29,10.62309433639465
118,8.38,10.67267708013238
118,8.47,10.722012642671796
118,8.56,10.770899948498986
118,8.65,10.819582936353907
118,8.74,10.867629529930943
118,8.83,10.915406183781842
118,8.92,10.962852704557582
118,9.01,11.010119296332428
118,9.1,11.057160177469456
118,9.19,11.103561046334667
118,9.28,11.149674176033427
118,9.37,11.195442243367209
118,9.46,11.241009892882612
118,9.55,11.286333609574854
118,9.64,11.331337093276657
118,9.73,11.375988272757684
118,9.82,11.420338345162644
118,9.91,11.464332649929506
118,10.0,11.508110405065207
119,1.0,3.419203978706152
119,1.09,3.632642682010257
119,1.18,3.833978097667635
119,1.27,4.024386771185209
119,1.36,4.205546034239797
119,1.45,4.378761035870339
119,1.54,4.544571175674707
119,1.63,4.70331151244119
119,1.72,4.856045126369112
119,1.81,5.003595197933436
119,1.9,5.1460957539163665
119,1.99,5.283549345734723
119,2.08,5.416779063764894
119,2.17,5.546406400605473
119,2.26,5.672373039717407
119,2.35,5.794514091456202
119,2.44,5.913543927197551
119,2.53,6.029986939418212
119,2.62,6.14367587665015
119,2.71,6.254346175579604
119,2.8,6.362660644583271
119,2.89,6.468337291506401
119,2.98,6.571480725075249
119,3.07,6.672738194154164
119,3.16,6.771777147318168
119,3.25,6.868671545742651
119,3.34,6.964063928078972
119,3.43,7.057579130783014
119,3.52,7.149268019042812
119,3.61,7.2397760085073
119,3.7,7.328690435789778
119,3.79,7.416044224411237
119,3.88,7.501734964552759
119,3.97,7.586063870973322
119,4.06,7.668911342669746
119,4.15,7.75057915066511
119,4.24,7.830931559881626
119,4.33,7.91027253167578
119,4.42,7.988450991129607
119,4.51,8.065774519031251
119,4.6,8.142077284383376
119,4.69,8.21711690342101
119,4.78,8.290995522312054
119,4.87,8.36381358248689
119,4.96,8.435670094836203
119,5.05,8.506662899519819
119,5.14,8.576888913146478
119,5.23,8.646444364904266
119,5.32,8.715425023065011
119,5.41,8.783926413149803
119,5.5,8.852044028924182
119,5.59,8.919860138555187
119,5.68,8.985365301977215
119,5.77,9.048633278305863
119,5.86,9.111601749528939
119,5.95,9.17427057243464
119,6.04,9.236574005528958
119,6.13,9.298451149786755
119,6.22,9.359845655917646
119,6.31,9.420705449058895
119,6.4,9.480982469792096
119,6.49,9.540632430458569
119,6.58,9.599614585820238
119,6.67,9.657891517178694
119,6.76,9.715512290770757
119,6.85,9.772905417938562
119,6.94,9.829612536932878
119,7.03,9.886046364417291
119,7.12,9.941768166280179
119,7.21,9.997175393718399
119,7.3,10.05184805769287
119,7.39,10.106168861893398
119,7.48,10.159787426042111
119,7.57,10.21325372909508
119,7.66,10.266338015888442
119,7.75,10.318704854514722
119,7.84,10.370883124774664
119,7.93,10.422653130060906
119,8.02,10.47369369385807
119,8.11,10.524513349996639
119,8.2,10.574901971327632
119,8.29,10.625113009005435
119,8.38,10.674695752743165
119,8.47,10.724031315282584
119,8.56,10.77291862110977
119,8.65,10.821601608964691
119,8.74,10.869648202541724
119,8.83,10.917424856392628
119,8.92,10.964871377168368
119,9.01,11.012137968943215
119,9.1,11.059178850080242
119,9.19,11.105579718945457
119,9.28,11.151692848644212
119,9.37,11.197460915977993
119,9.46,11.243028565493397
119,9.55,11.28835228218564
119,9.64,11.333355765887443
119,9.73,11.378006945368469
119,9.82,11.422357017773429
119,9.91,11.46635132254029
119,10.0,11.51012907767599
120,1.0,3.4211380534463878
120,1.09,3.6345767567504934
120,1.18,3.835912172407868
120,1.27,4.0263208459254445
120,1.36,4.20748010898003
120,1.45,4.3806951106105725
120,1.54,4.546505250414944
120,1.63,4.705245587181427
120,1.72,4.85797920110935
120,1.81,5.005529272673673
120,1.9,5.148029828656603
120,1.99,5.285483420474958
120,2.08,5.418713138505129
120,2.17,5.548340475345708
120,2.26,5.674307114457642
120,2.35,5.7964481661964395
120,2.44,5.915478001937788
120,2.53,6.031921014158448
120,2.62,6.145609951390386
120,2.71,6.256280250319841
120,2.8,6.364594719323508
120,2.89,6.470271366246633
120,2.98,6.573414799815482
120,3.07,6.674672268894397
120,3.16,6.773711222058405
120,3.25,6.870605620482887
120,3.34,6.965998002819208
120,3.43,7.059513205523248
120,3.52,7.151202093783047
120,3.61,7.2417100832475345
120,3.7,7.330624510530013
120,3.79,7.417978299151473
120,3.88,7.503669039292996
120,3.97,7.587997945713558
120,4.06,7.670845417409983
120,4.15,7.7525132254053455
120,4.24,7.832865634621858
120,4.33,7.912206606416012
120,4.42,7.9903850658698445
120,4.51,8.067708593771489
120,4.6,8.144011359123615
120,4.69,8.219050978161244
120,4.78,8.292929597052288
120,4.87,8.365747657227127
120,4.96,8.437604169576439
120,5.05,8.508596974260053
120,5.14,8.578822987886712
120,5.23,8.648378439644501
120,5.32,8.717359097805247
120,5.41,8.785860487890039
120,5.5,8.853978103664417
120,5.59,8.921796714940264
120,5.68,8.987303182987388
120,5.77,9.050571204012217
120,5.86,9.113539675235293
120,5.95,9.176208498140994
120,6.04,9.238511931235312
120,6.13,9.300389075493111
120,6.22,9.361783581624001
120,6.31,9.422643374765247
120,6.4,9.48292039549845
120,6.49,9.542570356164923
120,6.58,9.601552511526592
120,6.67,9.659829442885048
120,6.76,9.717450216477111
120,6.85,9.77484334364492
120,6.94,9.831550462639235
120,7.03,9.887984290123644
120,7.12,9.94370609198653
120,7.21,9.999113319424753
120,7.3,10.053785983399225
120,7.39,10.10810678759975
120,7.48,10.161725351748464
120,7.57,10.215191654801432
120,7.66,10.268275941594796
120,7.75,10.320642780221075
120,7.84,10.37282105048102
120,7.93,10.424591055767259
120,8.02,10.475631619564425
120,8.11,10.52645127570299
120,8.2,10.57683989703399
120,8.29,10.627050934711793
120,8.38,10.676633678449521
120,8.47,10.725969240988936
120,8.56,10.774856546816125
120,8.65,10.823539534671044
120,8.74,10.871586128248078
120,8.83,10.919362782098984
120,8.92,10.966809302874724
120,9.01,11.014075894649569
120,9.1,11.061116775786594
120,9.19,11.107517644651805
120,9.28,11.153630774350567
120,9.37,11.199398841684348
120,9.46,11.244966491199751
120,9.55,11.290290207891996
120,9.64,11.3352936915938
120,9.73,11.379944871074827
120,9.82,11.424294943479781
120,9.91,11.468289248246645
120,10.0,11.512067003382342
121,1.0,3.4229947651970107
121,1.09,3.636433468501118
121,1.18,3.8377688841584945
121,1.27,4.028177557676071
121,1.36,4.209336820730659
121,1.45,4.3825518223612
121,1.54,4.548361962165571
121,1.63,4.7071022989320515
121,1.72,4.8598359128599755
121,1.81,5.007385984424299
121,1.9,5.14988654040723
121,1.99,5.287340132225586
121,2.08,5.420569850255756
121,2.17,5.550197187096335
121,2.26,5.676163826208269
121,2.35,5.798304877947066
121,2.44,5.917334713688415
121,2.53,6.033777725909076
121,2.62,6.147466663141008
121,2.71,6.2581369620704645
121,2.8,6.366451431074132
121,2.89,6.472128077997262
121,2.98,6.5752715115661085
121,3.07,6.676528980645023
121,3.16,6.77556793380903
121,3.25,6.872462332233511
121,3.34,6.9678547145698335
121,3.43,7.061369917273874
121,3.52,7.153058805533674
121,3.61,7.243566794998162
121,3.7,7.332481222280641
121,3.79,7.4198350109021
121,3.88,7.505525751043623
121,3.97,7.589854657464184
121,4.06,7.672702129160606
121,4.15,7.754369937155968
121,4.24,7.834722346372486
121,4.33,7.914063318166639
121,4.42,7.992241777620475
121,4.51,8.069565305522119
121,4.6,8.14586807087424
121,4.69,8.220907689911868
121,4.78,8.294786308802914
121,4.87,8.367604368977753
121,4.96,8.439460881327063
121,5.05,8.510453686010678
121,5.14,8.580679699637338
121,5.23,8.650235151395128
121,5.32,8.719215809555873
121,5.41,8.787717199640666
121,5.5,8.855834815415044
121,5.59,8.923655828269938
121,5.68,8.989163548757153
121,5.77,9.052431612690317
121,5.86,9.115400083913393
121,5.95,9.178068906819094
121,6.04,9.240372339913412
121,6.13,9.302249484171211
121,6.22,9.363643990302103
121,6.31,9.424503783443349
121,6.4,9.484780804176548
121,6.49,9.544430764843023
121,6.58,9.603412920204692
121,6.67,9.661689851563148
121,6.76,9.719310625155211
121,6.85,9.77670375232302
121,6.94,9.833410871317334
121,7.03,9.889844698801747
121,7.12,9.945566500664633
121,7.21,10.000973728102851
121,7.3,10.055646392077321
121,7.39,10.10996719627785
121,7.48,10.163585760426564
121,7.57,10.21705206347953
121,7.66,10.270136350272894
121,7.75,10.322503188899173
121,7.84,10.374681459159119
121,7.93,10.426451464445359
121,8.02,10.477492028242523
121,8.11,10.528311684381093
121,8.2,10.578700305712088
121,8.29,10.628911343389891
121,8.38,10.678494087127621
121,8.47,10.727829649667035
121,8.56,10.776716955494226
121,8.65,10.825399943349147
121,8.74,10.87344653692618
121,8.83,10.921223190777082
121,8.92,10.968669711552822
121,9.01,11.015936303327669
121,9.1,11.062977184464692
121,9.19,11.109378053329905
121,9.28,11.15549118302867
121,9.37,11.20125925036245
121,9.46,11.246826899877853
121,9.55,11.292150616570094
121,9.64,11.337154100271897
121,9.73,11.381805279752921
121,9.82,11.426155352157883
121,9.91,11.470149656924745
121,10.0,11.513927412060442
122,1.0,3.4247772084776154
122,1.09,3.63821591178172
122,1.18,3.8395513274390973
122,1.27,4.029960000956671
122,1.36,4.211119264011259
122,1.45,4.384334265641801
122,1.54,4.550144405446172
122,1.63,4.708884742212655
122,1.72,4.8616183561405775
122,1.81,5.0091684277049
122,1.9,5.151668983687831
122,1.99,5.2891225755061875
122,2.08,5.422352293536358
122,2.17,5.5519796303769375
122,2.26,5.677946269488866
122,2.35,5.800087321227665
122,2.44,5.919117156969015
122,2.53,6.035560169189675
122,2.62,6.149249106421612
122,2.71,6.259919405351066
122,2.8,6.368233874354733
122,2.89,6.473910521277861
122,2.98,6.577053954846709
122,3.07,6.678311423925623
122,3.16,6.77735037708963
122,3.25,6.874244775514114
122,3.34,6.969637157850436
122,3.43,7.063152360554476
122,3.52,7.154841248814275
122,3.61,7.245349238278763
122,3.7,7.3342636655612425
122,3.79,7.421617454182701
122,3.88,7.507308194324222
122,3.97,7.591637100744782
122,4.06,7.674484572441209
122,4.15,7.75615238043657
122,4.24,7.836504789653091
122,4.33,7.915845761447245
122,4.42,7.994024220901074
122,4.51,8.071347748802719
122,4.6,8.147650514154838
122,4.69,8.22269013319247
122,4.78,8.296568752083516
122,4.87,8.369386812258353
122,4.96,8.441243324607663
122,5.05,8.512236129291278
122,5.14,8.58246214291794
122,5.23,8.65201759467573
122,5.32,8.720998252836475
122,5.41,8.789499642921268
122,5.5,8.857617258695646
122,5.59,8.925440577066427
122,5.68,8.990949499896129
122,5.77,9.054217605021293
122,5.86,9.11718607624437
122,5.95,9.17985489915007
122,6.04,9.242158332244388
122,6.13,9.304035476502186
122,6.22,9.36542998263308
122,6.31,9.426289775774327
122,6.4,9.486566796507525
122,6.49,9.546216757173998
122,6.58,9.605198912535668
122,6.67,9.663475843894124
122,6.76,9.721096617486188
122,6.85,9.778489744653994
122,6.94,9.83519686364831
122,7.03,9.891630691132722
122,7.12,9.947352492995607
122,7.21,10.002759720433831
122,7.3,10.057432384408301
122,7.39,10.111753188608825
122,7.48,10.165371752757538
122,7.57,10.218838055810503
122,7.66,10.271922342603869
122,7.75,10.32428918123015
122,7.84,10.376467451490093
122,7.93,10.428237456776333
122,8.02,10.479278020573496
122,8.11,10.530097676712067
122,8.2,10.580486298043063
122,8.29,10.630697335720866
122,8.38,10.680280079458596
122,8.47,10.729615641998013
122,8.56,10.7785029478252
122,8.65,10.827185935680122
122,8.74,10.875232529257156
122,8.83,10.923009183108057
122,8.92,10.970455703883797
122,9.01,11.017722295658645
122,9.1,11.064763176795672
122,9.19,11.111164045660884
122,9.28,11.157277175359642
122,9.37,11.203045242693424
122,9.46,11.248612892208829
122,9.55,11.293936608901067
122,9.64,11.33894009260287
122,9.73,11.383591272083898
122,9.82,11.427941344488861
122,9.91,11.471935649255723
122,10.0,11.51571340439142
123,1.0,3.4264883540269917
123,1.09,3.6399270573310973
123,1.18,3.8412624729884746
123,1.27,4.031671146506051
123,1.36,4.212830409560637
123,1.45,4.386045411191177
123,1.54,4.551855550995549
123,1.63,4.7105958877620315
123,1.72,4.863329501689956
123,1.81,5.010879573254279
123,1.9,5.153380129237204
123,1.99,5.290833721055563
123,2.08,5.424063439085733
123,2.17,5.553690775926312
123,2.26,5.679657415038245
123,2.35,5.801798466777043
123,2.44,5.920828302518391
123,2.53,6.037271314739051
123,2.62,6.150960251970988
123,2.71,6.261630550900442
123,2.8,6.369945019904109
123,2.89,6.475621666827237
123,2.98,6.578765100396087
123,3.07,6.680022569475002
123,3.16,6.779061522639008
123,3.25,6.875955921063491
123,3.34,6.971348303399813
123,3.43,7.064863506103854
123,3.52,7.156552394363652
123,3.61,7.24706038382814
123,3.7,7.335974811110617
123,3.79,7.423328599732074
123,3.88,7.5090193398736
123,3.97,7.59334824629416
123,4.06,7.6761957179905895
123,4.15,7.757863525985951
123,4.24,7.8382159352024665
123,4.33,7.917556906996621
123,4.42,7.9957353664504485
123,4.51,8.073058894352092
123,4.6,8.149361659704217
123,4.69,8.224401278741848
123,4.78,8.298279897632893
123,4.87,8.371097957807729
123,4.96,8.442954470157039
123,5.05,8.513947274840657
123,5.14,8.584173288467317
123,5.23,8.653728740225107
123,5.32,8.722709398385852
123,5.41,8.791210788470645
123,5.5,8.859328404245023
123,5.59,8.927153935911056
123,5.68,8.992664012989545
123,5.77,9.05593215765903
123,5.86,9.118900628882106
123,5.95,9.181569451787809
123,6.04,9.243872884882125
123,6.13,9.305750029139924
123,6.22,9.367144535270814
123,6.31,9.428004328412065
123,6.4,9.488281349145264
123,6.49,9.547931309811736
123,6.58,9.606913465173404
123,6.67,9.66519039653186
123,6.76,9.722811170123924
123,6.85,9.780204297291732
123,6.94,9.836911416286048
123,7.03,9.893345243770458
123,7.12,9.949067045633345
123,7.21,10.004474273071565
123,7.3,10.059146937046037
123,7.39,10.113467741246566
123,7.48,10.16708630539528
123,7.57,10.220552608448244
123,7.66,10.273636895241605
123,7.75,10.326003733867886
123,7.84,10.378182004127828
123,7.93,10.42995200941407
123,8.02,10.480992573211234
123,8.11,10.531812229349802
123,8.2,10.582200850680799
123,8.29,10.632411888358602
123,8.38,10.68199463209633
123,8.47,10.731330194635749
123,8.56,10.780217500462935
123,8.65,10.828900488317858
123,8.74,10.87694708189489
123,8.83,10.924723735745795
123,8.92,10.972170256521535
123,9.01,11.01943684829638
123,9.1,11.066477729433407
123,9.19,11.112878598298622
123,9.28,11.158991727997378
123,9.37,11.20475979533116
123,9.46,11.250327444846565
123,9.55,11.295651161538808
123,9.64,11.340654645240612
123,9.73,11.385305824721637
123,9.82,11.429655897126596
123,9.91,11.473650201893458
123,10.0,11.517427957029158
124,1.0,3.4281310537543943
124,1.09,3.641569757058498
124,1.18,3.8429051727158763
124,1.27,4.033313846233452
124,1.36,4.214473109288041
124,1.45,4.387688110918582
124,1.54,4.5534982507229484
124,1.63,4.712238587489432
124,1.72,4.8649722014173555
124,1.81,5.012522272981679
124,1.9,5.155022828964609
124,1.99,5.2924764207829655
124,2.08,5.425706138813135
124,2.17,5.555333475653714
124,2.26,5.681300114765646
124,2.35,5.803441166504443
124,2.44,5.922471002245793
124,2.53,6.038914014466453
124,2.62,6.1526029516983884
124,2.71,6.263273250627845
124,2.8,6.3715877196315125
124,2.89,6.477264366554641
124,2.98,6.5804078001234885
124,3.07,6.681665269202403
124,3.16,6.780704222366411
124,3.25,6.877598620790893
124,3.34,6.972991003127215
124,3.43,7.066506205831254
124,3.52,7.1581950940910515
124,3.61,7.248703083555539
124,3.7,7.337617510838021
124,3.79,7.424971299459478
124,3.88,7.510662039601006
124,3.97,7.594990946021566
124,4.06,7.67783841771799
124,4.15,7.759506225713353
124,4.24,7.839858634929866
124,4.33,7.919199606724019
124,4.42,7.997378066177852
124,4.51,8.074701594079496
124,4.6,8.151004359431619
124,4.69,8.22604397846925
124,4.78,8.299922597360293
124,4.87,8.372740657535129
124,4.96,8.444597169884444
124,5.05,8.515589974568059
124,5.14,8.58581598819472
124,5.23,8.65537143995251
124,5.32,8.724352098113254
124,5.41,8.792853488198046
124,5.5,8.860971103972425
124,5.59,8.928798760401898
124,5.68,8.994309945559225
124,5.77,9.057578128191256
124,5.86,9.120546599414332
124,5.95,9.183215422320036
124,6.04,9.245518855414353
124,6.13,9.307395999672151
124,6.22,9.368790505803043
124,6.31,9.42965029894429
124,6.4,9.489927319677493
124,6.49,9.549577280343966
124,6.58,9.608559435705633
124,6.67,9.666836367064088
124,6.76,9.72445714065615
124,6.85,9.781850267823959
124,6.94,9.838557386818275
124,7.03,9.894991214302687
124,7.12,9.950713016165574
124,7.21,10.006120243603792
124,7.3,10.060792907578266
124,7.39,10.115113711778791
124,7.48,10.168732275927505
124,7.57,10.222198578980471
124,7.66,10.275282865773837
124,7.75,10.327649704400118
124,7.84,10.379827974660058
124,7.93,10.431597979946295
124,8.02,10.48263854374346
124,8.11,10.533458199882027
124,8.2,10.583846821213026
124,8.29,10.634057858890829
124,8.38,10.683640602628559
124,8.47,10.732976165167974
124,8.56,10.781863470995162
124,8.65,10.830546458850085
124,8.74,10.878593052427115
124,8.83,10.926369706278022
124,8.92,10.973816227053762
124,9.01,11.021082818828607
124,9.1,11.068123699965634
124,9.19,11.114524568830847
124,9.28,11.160637698529607
124,9.37,11.206405765863389
124,9.46,11.251973415378789
124,9.55,11.297297132071034
124,9.64,11.342300615772837
124,9.73,11.386951795253866
124,9.82,11.431301867658823
124,9.91,11.475296172425685
124,10.0,11.519073927561383
125,1.0,3.429708045492702
125,1.09,3.6431467487968066
125,1.18,3.8444821644541793
125,1.27,4.034890837971757
125,1.36,4.216050101026345
125,1.45,4.389265102656886
125,1.54,4.555075242461257
125,1.63,4.713815579227739
125,1.72,4.866549193155661
125,1.81,5.0140992647199845
125,1.9,5.156599820702914
125,1.99,5.29405341252127
125,2.08,5.427283130551441
125,2.17,5.5569104673920195
125,2.26,5.682877106503951
125,2.35,5.80501815824275
125,2.44,5.9240479939841
125,2.53,6.0404910062047605
125,2.62,6.154179943436696
125,2.71,6.26485024236615
125,2.8,6.373164711369817
125,2.89,6.478841358292947
125,2.98,6.581984791861795
125,3.07,6.68324226094071
125,3.16,6.782281214104715
125,3.25,6.879175612529196
125,3.34,6.974567994865518
125,3.43,7.06808319756956
125,3.52,7.159772085829358
125,3.61,7.250280075293846
125,3.7,7.33919450257633
125,3.79,7.426548291197788
125,3.88,7.51223903133931
125,3.97,7.596567937759872
125,4.06,7.679415409456293
125,4.15,7.761083217451655
125,4.24,7.841435626668173
125,4.33,7.920776598462327
125,4.42,7.998955057916158
125,4.51,8.076278585817802
125,4.6,8.152581351169925
125,4.69,8.227620970207553
125,4.78,8.301499589098597
125,4.87,8.374317649273438
125,4.96,8.44617416162275
125,5.05,8.517166966306364
125,5.14,8.587392979933027
125,5.23,8.656948431690816
125,5.32,8.72592908985156
125,5.41,8.794430479936352
125,5.5,8.86254809571073
125,5.59,8.930377791913108
125,5.68,8.995890040826117
125,5.77,9.059158259902194
125,5.86,9.12212673112527
125,5.95,9.184795554030973
125,6.04,9.247098987125291
125,6.13,9.30897613138309
125,6.22,9.37037063751398
125,6.31,9.43123043065523
125,6.4,9.49150745138843
125,6.49,9.551157412054906
125,6.58,9.610139567416574
125,6.67,9.668416498775027
125,6.76,9.72603727236709
125,6.85,9.783430399534897
125,6.94,9.840137518529213
125,7.03,9.896571346013625
125,7.12,9.952293147876512
125,7.21,10.007700375314732
125,7.3,10.062373039289206
125,7.39,10.11669384348973
125,7.48,10.170312407638443
125,7.57,10.22377871069141
125,7.66,10.276862997484773
125,7.75,10.329229836111054
125,7.84,10.381408106370996
125,7.93,10.433178111657238
125,8.02,10.484218675454404
125,8.11,10.535038331592968
125,8.2,10.585426952923962
125,8.29,10.635637990601765
125,8.38,10.685220734339497
125,8.47,10.73455629687891
125,8.56,10.7834436027061
125,8.65,10.832126590561023
125,8.74,10.880173184138055
125,8.83,10.927949837988958
125,8.92,10.975396358764698
125,9.01,11.022662950539544
125,9.1,11.069703831676572
125,9.19,11.116104700541783
125,9.28,11.162217830240545
125,9.37,11.207985897574327
125,9.46,11.253553547089727
125,9.55,11.298877263781971
125,9.64,11.343880747483775
125,9.73,11.388531926964802
125,9.82,11.432881999369762
125,9.91,11.476876304136624
125,10.0,11.520654059272319
126,1.0,3.4312219575614735
126,1.09,3.6446606608655783
126,1.18,3.8459960765229555
126,1.27,4.036404750040531
126,1.36,4.217564013095118
126,1.45,4.390779014725659
126,1.54,4.556589154530029
126,1.63,4.715329491296512
126,1.72,4.868063105224435
126,1.81,5.015613176788758
126,1.9,5.158113732771686
126,1.99,5.295567324590045
126,2.08,5.428797042620215
126,2.17,5.558424379460795
126,2.26,5.684391018572726
126,2.35,5.8065320703115235
126,2.44,5.925561906052873
126,2.53,6.042004918273533
126,2.62,6.15569385550547
126,2.71,6.266364154434925
126,2.8,6.374678623438592
126,2.89,6.480355270361719
126,2.98,6.583498703930566
126,3.07,6.684756173009481
126,3.16,6.783795126173489
126,3.25,6.880689524597971
126,3.34,6.976081906934293
126,3.43,7.069597109638337
126,3.52,7.161285997898136
126,3.61,7.251793987362624
126,3.7,7.3407084146451025
126,3.79,7.4280622032665615
126,3.88,7.513752943408082
126,3.97,7.598081849828642
126,4.06,7.680929321525069
126,4.15,7.76259712952043
126,4.24,7.842949538736947
126,4.33,7.9222905105311
126,4.42,8.000468969984931
126,4.51,8.077792497886575
126,4.6,8.154095263238696
126,4.69,8.229134882276325
126,4.78,8.303013501167374
126,4.87,8.375831561342212
126,4.96,8.447688073691523
126,5.05,8.51868087837514
126,5.14,8.5889068920018
126,5.23,8.65846234375959
126,5.32,8.727443001920333
126,5.41,8.795944392005126
126,5.5,8.864062188104402
126,5.59,8.93189366216387
126,5.68,8.997406932282335
126,5.77,9.060675186344694
126,5.86,9.12364365756777
126,5.95,9.186312480473473
126,6.04,9.248615913567791
126,6.13,9.31049305782559
126,6.22,9.371887563956482
126,6.31,9.43274735709773
126,6.4,9.493024377830931
126,6.49,9.552674338497404
126,6.58,9.611656493859076
126,6.67,9.66993342521753
126,6.76,9.727554198809594
126,6.85,9.784947325977399
126,6.94,9.841654444971715
126,7.03,9.898088272456125
126,7.12,9.953810074319012
126,7.21,10.009217301757232
126,7.3,10.063889965731706
126,7.39,10.118210769932231
126,7.48,10.171829334080945
126,7.57,10.225295637133913
126,7.66,10.278379923927274
126,7.75,10.330746762553554
126,7.84,10.3829250328135
126,7.93,10.434695038099736
126,8.02,10.485735601896902
126,8.11,10.536555258035468
126,8.2,10.586943879366467
126,8.29,10.63715491704427
126,8.38,10.686737660782002
126,8.47,10.736073223321414
126,8.56,10.784960529148599
126,8.65,10.833643517003521
126,8.74,10.881690110580557
126,8.83,10.929466764431456
126,8.92,10.976913285207196
126,9.01,11.024179876982044
126,9.1,11.071220758119072
126,9.19,11.117621626984285
126,9.28,11.163734756683043
126,9.37,11.209502824016825
126,9.46,11.255070473532228
126,9.55,11.300394190224472
126,9.64,11.345397673926275
126,9.73,11.3900488534073
126,9.82,11.434398925812262
126,9.91,11.478393230579124
126,10.0,11.52217098571482
127,1.0,3.432675313147496
127,1.09,3.646114016451601
127,1.18,3.847449432108977
127,1.27,4.037858105626553
127,1.36,4.219017368681141
127,1.45,4.392232370311682
127,1.54,4.558042510116051
127,1.63,4.716782846882535
127,1.72,4.869516460810458
127,1.81,5.017066532374782
127,1.9,5.1595670883577105
127,1.99,5.297020680176067
127,2.08,5.430250398206238
127,2.17,5.5598777350468165
127,2.26,5.68584437415875
127,2.35,5.807985425897547
127,2.44,5.927015261638896
127,2.53,6.043458273859557
127,2.62,6.157147211091491
127,2.71,6.267817510020945
127,2.8,6.3761319790246125
127,2.89,6.4818086259477425
127,2.98,6.584952059516589
127,3.07,6.686209528595504
127,3.16,6.785248481759515
127,3.25,6.882142880183998
127,3.34,6.97753526252032
127,3.43,7.071050465224359
127,3.52,7.162739353484159
127,3.61,7.253247342948646
127,3.7,7.342161770231123
127,3.79,7.4295155588525805
127,3.88,7.515206298994106
127,3.97,7.599535205414666
127,4.06,7.682382677111091
127,4.15,7.764050485106453
127,4.24,7.844402894322969
127,4.33,7.923743866117123
127,4.42,8.001922325570952
127,4.51,8.079245853472596
127,4.6,8.155548618824717
127,4.69,8.230588237862351
127,4.78,8.304466856753397
127,4.87,8.377284916928234
127,4.96,8.449141429277548
127,5.05,8.520134233961162
127,5.14,8.590360247587823
127,5.23,8.659915699345612
127,5.32,8.728896357506356
127,5.41,8.79739792070305
127,5.5,8.865517423545132
127,5.59,8.9333488976046
127,5.68,8.998863148080304
127,5.77,9.062131435729494
127,5.86,9.12509990695257
127,5.95,9.187768729858274
127,6.04,9.250072162952591
127,6.13,9.31194930721039
127,6.22,9.373343813341283
127,6.31,9.434203606482532
127,6.4,9.494480627215731
127,6.49,9.554130587882206
127,6.58,9.613112743243875
127,6.67,9.671389674602333
127,6.76,9.729010448194396
127,6.85,9.786403575362202
127,6.94,9.843110694356518
127,7.03,9.899544521840927
127,7.12,9.955266323703814
127,7.21,10.010673551142032
127,7.3,10.065346215116506
127,7.39,10.119667019317031
127,7.48,10.173285583465745
127,7.57,10.226751886518713
127,7.66,10.279836173312075
127,7.75,10.332203011938356
127,7.84,10.384381282198301
127,7.93,10.436151287484538
127,8.02,10.487191851281702
127,8.11,10.538011507420272
127,8.2,10.588400128751266
127,8.29,10.638611166429069
127,8.38,10.6881939101668
127,8.47,10.737529472706214
127,8.56,10.786416778533404
127,8.65,10.835099766388327
127,8.74,10.88314635996536
127,8.83,10.93092301381626
127,8.92,10.978369534592
127,9.01,11.025636126366843
127,9.1,11.072677007503872
127,9.19,11.119077876369087
127,9.28,11.165191006067841
127,9.37,11.210959073401623
127,9.46,11.256526722917027
127,9.55,11.301850439609272
127,9.64,11.346853923311075
127,9.73,11.391505102792102
127,9.82,11.43585517519706
127,9.91,11.479849479963923
127,10.0,11.523627235099621
128,1.0,3.4340705345100773
128,1.09,3.647509237814183
128,1.18,3.8488446534715584
128,1.27,4.039253326989135
128,1.36,4.220412590043723
128,1.45,4.393627591674265
128,1.54,4.559437731478634
128,1.63,4.718178068245116
128,1.72,4.87091168217304
128,1.81,5.018461753737363
128,1.9,5.160962309720293
128,1.99,5.298415901538649
128,2.08,5.43164561956882
128,2.17,5.561272956409399
128,2.26,5.687239595521329
128,2.35,5.809380647260126
128,2.44,5.928410483001476
128,2.53,6.044853495222136
128,2.62,6.158542432454074
128,2.71,6.2692127313835275
128,2.8,6.377527200387195
128,2.89,6.483203847310327
128,2.98,6.586347280879175
128,3.07,6.687604749958091
128,3.16,6.786643703122096
128,3.25,6.883538101546579
128,3.34,6.978930483882901
128,3.43,7.072445686586939
128,3.52,7.164134574846737
128,3.61,7.254642564311225
128,3.7,7.343556991593706
128,3.79,7.4309107802151635
128,3.88,7.516601520356687
128,3.97,7.600930426777247
128,4.06,7.683777898473672
128,4.15,7.765445706469034
128,4.24,7.845798115685549
128,4.33,7.925139087479703
128,4.42,8.003317546933532
128,4.51,8.080641074835176
128,4.6,8.156943840187303
128,4.69,8.231983459224933
128,4.78,8.305862078115977
128,4.87,8.378680138290818
128,4.96,8.450536650640128
128,5.05,8.521529455323744
128,5.14,8.591755468950405
128,5.23,8.661310920708193
128,5.32,8.730291745056364
128,5.41,8.79879494672615
128,5.5,8.866914449568233
128,5.59,8.9347459236277
128,5.68,9.000261115246353
128,5.77,9.063529435138904
128,5.86,9.12649790636198
128,5.95,9.189166729267681
128,6.04,9.251470162362
128,6.13,9.313347306619798
128,6.22,9.37474181275069
128,6.31,9.43560160589194
128,6.4,9.49587862662514
128,6.49,9.555528587291613
128,6.58,9.614510742653284
128,6.67,9.672787674011738
128,6.76,9.730408447603802
128,6.85,9.787801574771612
128,6.94,9.844508693765928
128,7.03,9.900942521250338
128,7.12,9.956664323113225
128,7.21,10.012071550551443
128,7.3,10.066744214525915
128,7.39,10.121065018726439
128,7.48,10.174683582875153
128,7.57,10.22814988592812
128,7.66,10.281234172721483
128,7.75,10.333601011347763
128,7.84,10.385779281607709
128,7.93,10.437549286893947
128,8.02,10.488589850691111
128,8.11,10.539409506829683
128,8.2,10.589798128160675
128,8.29,10.640009165838478
128,8.38,10.689591909576208
128,8.47,10.738927472115625
128,8.56,10.78781477794281
128,8.65,10.836497765797732
128,8.74,10.884544359374768
128,8.83,10.93232101322567
128,8.92,10.97976753400141
128,9.01,11.027034125776256
128,9.1,11.074075006913285
128,9.19,11.120475875778498
128,9.28,11.166589005477253
128,9.37,11.212357072811034
128,9.46,11.257924722326436
128,9.55,11.30324843901868
128,9.64,11.348251922720483
128,9.73,11.392903102201512
128,9.82,11.437253174606466
128,9.91,11.48124747937333
128,10.0,11.525025234509027
129,1.0,3.4354099470181563
129,1.09,3.648848650322262
129,1.18,3.8501840659796374
129,1.27,4.040592739497213
129,1.36,4.221752002551802
129,1.45,4.394967004182342
129,1.54,4.560777143986713
129,1.63,4.719517480753195
129,1.72,4.872251094681119
129,1.81,5.019801166245442
129,1.9,5.162301722228369
129,1.99,5.299755314046726
129,2.08,5.432985032076896
129,2.17,5.562612368917475
129,2.26,5.688579008029409
129,2.35,5.810720059768206
129,2.44,5.929749895509555
129,2.53,6.046192907730215
129,2.62,6.159881844962155
129,2.71,6.270552143891609
129,2.8,6.378866612895278
129,2.89,6.484543259818405
129,2.98,6.587686693387253
129,3.07,6.688944162466168
129,3.16,6.7879831156301735
129,3.25,6.884877514054654
129,3.34,6.980269896390976
129,3.43,7.073785099095019
129,3.52,7.165473987354817
129,3.61,7.255981976819305
129,3.7,7.344896404101784
129,3.79,7.432250192723242
129,3.88,7.517940932864765
129,3.97,7.602269839285325
129,4.06,7.68511731098175
129,4.15,7.766785118977111
129,4.24,7.847137528193627
129,4.33,7.9264784999877795
129,4.42,8.004656959441615
129,4.51,8.081980487343259
129,4.6,8.158283252695382
129,4.69,8.23332287173301
129,4.78,8.307201490624058
129,4.87,8.380019550798895
129,4.96,8.451876063148207
129,5.05,8.522868867831823
129,5.14,8.593094881458482
129,5.23,8.662650492756201
129,5.32,8.73163289003854
129,5.41,8.800136091708328
129,5.5,8.86825559455041
129,5.59,8.936087068609877
129,5.68,9.001603163725761
129,5.77,9.064871514571935
129,5.86,9.127839985795012
129,5.95,9.190508808700715
129,6.04,9.25281224179503
129,6.13,9.314689386052832
129,6.22,9.376083892183722
129,6.31,9.436943685324971
129,6.4,9.497220706058172
129,6.49,9.556870666724647
129,6.58,9.615852822086316
129,6.67,9.674129753444772
129,6.76,9.731750527036835
129,6.85,9.789143654204642
129,6.94,9.845850773198958
129,7.03,9.902284600683371
129,7.12,9.958006402546259
129,7.21,10.013413629984477
129,7.3,10.06808629395895
129,7.39,10.122407098159474
129,7.48,10.176025662308188
129,7.57,10.229491965361154
129,7.66,10.282576252154515
129,7.75,10.334943090780795
129,7.84,10.38712136104074
129,7.93,10.438891366326978
129,8.02,10.489931930124143
129,8.11,10.540751586262713
129,8.2,10.591140207593709
129,8.29,10.641351245271512
129,8.38,10.690933989009242
129,8.47,10.74026955154866
129,8.56,10.789156857375843
129,8.65,10.837839845230766
129,8.74,10.885886438807798
129,8.83,10.933663092658703
129,8.92,10.981109613434443
129,9.01,11.028376205209286
129,9.1,11.075417086346313
129,9.19,11.12181795521153
129,9.28,11.167931084910286
129,9.37,11.213699152244068
129,9.46,11.25926680175947
129,9.55,11.304590518451716
129,9.64,11.34959400215352
129,9.73,11.394245181634547
129,9.82,11.438595254039502
129,9.91,11.482589558806364
129,10.0,11.52636731394206
130,1.0,3.436695783025912
130,1.09,3.6501344863300167
130,1.18,3.851469901987393
130,1.27,4.041878575504969
130,1.36,4.2230378385595575
130,1.45,4.3962528401900975
130,1.54,4.562062979994466
130,1.63,4.720803316760948
130,1.72,4.873536930688872
130,1.81,5.021087002253195
130,1.9,5.1635875582361255
130,1.99,5.301041150054482
130,2.08,5.434270868084652
130,2.17,5.563898204925231
130,2.26,5.689864844037166
130,2.35,5.812005895775965
130,2.44,5.931035731517315
130,2.53,6.047478743737975
130,2.62,6.16116768096991
130,2.71,6.271837979899365
130,2.8,6.380152448903032
130,2.89,6.485829095826159
130,2.98,6.588972529395005
130,3.07,6.690229998473921
130,3.16,6.78926895163793
130,3.25,6.886163350062411
130,3.34,6.981555732398733
130,3.43,7.075070935102774
130,3.52,7.166759823362572
130,3.61,7.25726781282706
130,3.7,7.346182240109539
130,3.79,7.433536028730996
130,3.88,7.519226768872519
130,3.97,7.603555675293079
130,4.06,7.6864031469895036
130,4.15,7.768070954984865
130,4.24,7.848423364201386
130,4.33,7.927764335995539
130,4.42,8.005942795449371
130,4.51,8.083266323351015
130,4.6,8.159569088703135
130,4.69,8.234608707740767
130,4.78,8.308487326631813
130,4.87,8.38130538680665
130,4.96,8.453161899155964
130,5.05,8.524154703839576
130,5.14,8.594380870624569
130,5.23,8.66393799193909
130,5.32,8.73292038922143
130,5.41,8.801423590891218
130,5.5,8.8695430937333
130,5.59,8.937374567792768
130,5.68,9.002891530265993
130,5.77,9.066159910827647
130,5.86,9.129128382050723
130,5.95,9.191797204956424
130,6.04,9.254100638050744
130,6.13,9.31597778230854
130,6.22,9.377372288439435
130,6.31,9.438232081580681
130,6.4,9.498509102313882
130,6.49,9.558159062980357
130,6.58,9.617141218342027
130,6.67,9.675418149700482
130,6.76,9.733038923292545
130,6.85,9.790432050460353
130,6.94,9.84713916945467
130,7.03,9.90357299693908
130,7.12,9.959294798801967
130,7.21,10.01470202624019
130,7.3,10.069374690214662
130,7.39,10.123695494415186
130,7.48,10.1773140585639
130,7.57,10.230780361616867
130,7.66,10.283864648410228
130,7.75,10.336231487036509
130,7.84,10.388409757296452
130,7.93,10.440179762582689
130,8.02,10.491220326379853
130,8.11,10.542039982518423
130,8.2,10.592428603849417
130,8.29,10.64263964152722
130,8.38,10.692222385264952
130,8.47,10.741557947804369
130,8.56,10.790445253631557
130,8.65,10.839128241486478
130,8.74,10.887174835063512
130,8.83,10.934951488914418
130,8.92,10.982398009690158
130,9.01,11.029664601464997
130,9.1,11.076705482602026
130,9.19,11.123106351467237
130,9.28,11.169219481165998
130,9.37,11.21498754849978
130,9.46,11.26055519801518
130,9.55,11.305878914707423
130,9.64,11.350882398409226
130,9.73,11.395533577890257
130,9.82,11.439883650295213
130,9.91,11.483877955062077
130,10.0,11.527655710197772
131,1.0,3.437930185593358
131,1.09,3.651368888897462
131,1.18,3.8527043045548366
131,1.27,4.043112978072412
131,1.36,4.224272241127
131,1.45,4.397487242757541
131,1.54,4.563297382561912
131,1.63,4.7220377193283944
131,1.72,4.874771333256318
131,1.81,5.02232140482064
131,1.9,5.164821960803573
131,1.99,5.30227555262193
131,2.08,5.435505270652102
131,2.17,5.56513260749268
131,2.26,5.691099246604611
131,2.35,5.81324029834341
131,2.44,5.932270134084758
131,2.53,6.048713146305419
131,2.62,6.162402083537354
131,2.71,6.273072382466807
131,2.8,6.381386851470475
131,2.89,6.4870634983936055
131,2.98,6.590206931962451
131,3.07,6.691464401041367
131,3.16,6.7905033542053745
131,3.25,6.887397752629856
131,3.34,6.982790134966177
131,3.43,7.0763053376702185
131,3.52,7.167994225930016
131,3.61,7.258502215394504
131,3.7,7.347416642676983
131,3.79,7.43477043129844
131,3.88,7.520461171439963
131,3.97,7.604790077860524
131,4.06,7.687637549556952
131,4.15,7.769305357552314
131,4.24,7.849657766768832
131,4.33,7.928998738562986
131,4.42,8.007177198016814
131,4.51,8.084500725918458
131,4.6,8.160803491270581
131,4.69,8.235843110308211
131,4.78,8.309721729199257
131,4.87,8.382539789374096
131,4.96,8.454396301723406
131,5.05,8.52538925343902
131,5.14,8.595616869840143
131,5.23,8.665173991154665
131,5.32,8.734156388437006
131,5.41,8.802659590106794
131,5.5,8.870779092948876
131,5.59,8.938610567008343
131,5.68,9.004128362144614
131,5.77,9.06739677123313
131,5.86,9.130365242456206
131,5.95,9.193034065361909
131,6.04,9.255337498456225
131,6.13,9.317214642714026
131,6.22,9.378609148844914
131,6.31,9.439468941986167
131,6.4,9.499745962719365
131,6.49,9.559395923385837
131,6.58,9.618378078747508
131,6.67,9.676655010105966
131,6.76,9.73427578369803
131,6.85,9.791668910865836
131,6.94,9.848376029860152
131,7.03,9.904809857344564
131,7.12,9.960531659207449
131,7.21,10.01593888664567
131,7.3,10.070611550620143
131,7.39,10.12493235482067
131,7.48,10.178550918969384
131,7.57,10.232017222022352
131,7.66,10.285101508815712
131,7.75,10.337468347441991
131,7.84,10.389646617701937
131,7.93,10.441416622988173
131,8.02,10.49245718678534
131,8.11,10.543276842923907
131,8.2,10.5936654642549
131,8.29,10.643876501932704
131,8.38,10.693459245670432
131,8.47,10.742794808209851
131,8.56,10.791682114037037
131,8.65,10.840365101891958
131,8.74,10.888411695468992
131,8.83,10.936188349319897
131,8.92,10.983634870095637
131,9.01,11.030901461870483
131,9.1,11.077942343007509
131,9.19,11.124343211872722
131,9.28,11.170456341571485
131,9.37,11.216224408905266
131,9.46,11.261792058420664
131,9.55,11.307115775112909
131,9.64,11.352119258814712
131,9.73,11.396770438295738
131,9.82,11.441120510700696
131,9.91,11.48511481546756
131,10.0,11.528892570603253
132,1.0,3.4391152120581028
132,1.09,3.6525539153622075
132,1.18,3.8538893310195848
132,1.27,4.04429800453716
132,1.36,4.225457267591748
132,1.45,4.398672269222288
132,1.54,4.564482409026662
132,1.63,4.723222745793145
132,1.72,4.875956359721069
132,1.81,5.023506431285392
132,1.9,5.166006987268319
132,1.99,5.303460579086678
132,2.08,5.436690297116847
132,2.17,5.566317633957427
132,2.26,5.692284273069358
132,2.35,5.814425324808154
132,2.44,5.933455160549504
132,2.53,6.049898172770164
132,2.62,6.163587110002102
132,2.71,6.274257408931555
132,2.8,6.382571877935223
132,2.89,6.488248524858352
132,2.98,6.5913919584272
132,3.07,6.6926494275061135
132,3.16,6.791688380670121
132,3.25,6.888582779094603
132,3.34,6.983975161430925
132,3.43,7.077490364134964
132,3.52,7.169179252394762
132,3.61,7.2596872418592495
132,3.7,7.348601669141729
132,3.79,7.435955457763187
132,3.88,7.521646197904714
132,3.97,7.605975104325275
132,4.06,7.688822576021701
132,4.15,7.770490384017063
132,4.24,7.850842793233577
132,4.33,7.9301837650277305
132,4.42,8.008362224481562
132,4.51,8.085685752383206
132,4.6,8.161988517735328
132,4.69,8.23702813677296
132,4.78,8.310906755664005
132,4.87,8.383724815838843
132,4.96,8.455581469338872
132,5.05,8.526575812685971
132,5.14,8.596803429087096
132,5.23,8.666360550401617
132,5.32,8.735342947683957
132,5.41,8.803846149353745
132,5.5,8.871965652195827
132,5.59,8.939797126255295
132,5.68,9.005315720748092
132,5.77,9.068584157222393
132,5.86,9.131552628445469
132,5.95,9.19422145135117
132,6.04,9.25652488444549
132,6.13,9.318402028703288
132,6.22,9.379796534834181
132,6.31,9.440656327975425
132,6.4,9.50093334870863
132,6.49,9.560583309375101
132,6.58,9.61956546473677
132,6.67,9.677842396095228
132,6.76,9.735463169687291
132,6.85,9.7928562968551
132,6.94,9.849563415849415
132,7.03,9.905997243333827
132,7.12,9.961719045196713
132,7.21,10.017126272634934
132,7.3,10.071798936609405
132,7.39,10.12611974080993
132,7.48,10.179738304958644
132,7.57,10.233204608011611
132,7.66,10.286288894804978
132,7.75,10.338655733431256
132,7.84,10.390834003691202
132,7.93,10.442604008977439
132,8.02,10.493644572774603
132,8.11,10.544464228913172
132,8.2,10.594852850244166
132,8.29,10.64506388792197
132,8.38,10.6946466316597
132,8.47,10.743982194199114
132,8.56,10.792869500026299
132,8.65,10.841552487881222
132,8.74,10.889599081458254
132,8.83,10.93737573530916
132,8.92,10.9848222560849
132,9.01,11.032088847859745
132,9.1,11.07912972899677
132,9.19,11.125530597861983
132,9.28,11.171643727560745
132,9.37,11.217411794894526
132,9.46,11.262979444409929
132,9.55,11.30830316110217
132,9.64,11.353306644803974
132,9.73,11.397957824285001
132,9.82,11.442307896689965
132,9.91,11.486302201456827
132,10.0,11.530079956592518
133,1.0,3.4402528374642607
133,1.09,3.6536915407683654
133,1.18,3.8550269564257444
133,1.27,4.045435629943321
133,1.36,4.22659489299791
133,1.45,4.39980989462845
133,1.54,4.565620034432818
133,1.63,4.724360371199302
133,1.72,4.8770939851272255
133,1.81,5.024644056691549
133,1.9,5.167144612674477
133,1.99,5.304598204492832
133,2.08,5.437827922523003
133,2.17,5.567455259363582
133,2.26,5.693421898475516
133,2.35,5.8155629502143125
133,2.44,5.934592785955662
133,2.53,6.051035798176322
133,2.62,6.164724735408258
133,2.71,6.275395034337714
133,2.8,6.38370950334138
133,2.89,6.489386150264509
133,2.98,6.592529583833356
133,3.07,6.693787052912271
133,3.16,6.792826006076277
133,3.25,6.889720404500758
133,3.34,6.98511278683708
133,3.43,7.078627989541121
133,3.52,7.17031687780092
133,3.61,7.260824867265407
133,3.7,7.34973929454789
133,3.79,7.437093083169348
133,3.88,7.522783823310872
133,3.97,7.607112729731433
133,4.06,7.689960201427856
133,4.15,7.7716280094232175
133,4.24,7.851980418639735
133,4.33,7.931321390433888
133,4.42,8.00949984988772
133,4.51,8.086823377789363
133,4.6,8.163126143141486
133,4.69,8.238165762179117
133,4.78,8.312044381070162
133,4.87,8.38486257674969
133,4.96,8.456720566215946
133,5.05,8.527714909563047
133,5.14,8.597942525964168
133,5.23,8.66749964727869
133,5.32,8.736482044561031
133,5.41,8.80498524623082
133,5.5,8.873104749072901
133,5.59,8.940936223132368
133,5.68,9.00645558500743
133,5.77,9.069724047772086
133,5.86,9.132692518995162
133,5.95,9.195361341900863
133,6.04,9.257664774995181
133,6.13,9.319541919252982
133,6.22,9.380936425383872
133,6.31,9.441796218525122
133,6.4,9.50207323925832
133,6.49,9.561723199924796
133,6.58,9.620705355286463
133,6.67,9.678982286644919
133,6.76,9.736603060236982
133,6.85,9.793996187404792
133,6.94,9.850703306399106
133,7.03,9.90713713388352
133,7.12,9.962858935746405
133,7.21,10.018266163184627
133,7.3,10.072938827159097
133,7.39,10.127259631359625
133,7.48,10.180878195508338
133,7.57,10.234344498561303
133,7.66,10.287428785354667
133,7.75,10.339795623980946
133,7.84,10.391973894240891
133,7.93,10.443743899527133
133,8.02,10.494784463324297
133,8.11,10.545604119462867
133,8.2,10.59599274079386
133,8.29,10.646203778471664
133,8.38,10.695786522209392
133,8.47,10.74512208474881
133,8.56,10.794009390575994
133,8.65,10.842692378430916
133,8.74,10.89073897200795
133,8.83,10.938515625858853
133,8.92,10.985962146634593
133,9.01,11.033228738409436
133,9.1,11.080269619546463
133,9.19,11.126670488411674
133,9.28,11.172783618110438
133,9.37,11.218551685444218
133,9.46,11.26411933495962
133,9.55,11.309443051651863
133,9.64,11.354446535353667
133,9.73,11.399097714834692
133,9.82,11.443447787239654
133,9.91,11.487442092006516
133,10.0,11.531219847142212
134,1.0,3.4413449578541764
134,1.09,3.6547836611582802
134,1.18,3.856119076815655
134,1.27,4.046527750333232
134,1.36,4.227687013387819
134,1.45,4.40090201501836
134,1.54,4.56671215482273
134,1.63,4.725452491589211
134,1.72,4.878186105517135
134,1.81,5.025736177081457
134,1.9,5.168236733064388
134,1.99,5.305690324882744
134,2.08,5.4389200429129145
134,2.17,5.568547379753494
134,2.26,5.694514018865426
134,2.35,5.816655070604225
134,2.44,5.935684906345572
134,2.53,6.0521279185662324
134,2.62,6.16581685579817
134,2.71,6.276487154727623
134,2.8,6.384801623731291
134,2.89,6.490478270654418
134,2.98,6.593621704223265
134,3.07,6.69487917330218
134,3.16,6.793918126466187
134,3.25,6.89081252489067
134,3.34,6.986204907226992
134,3.43,7.079720109931035
134,3.52,7.1714089981908336
134,3.61,7.261916987655321
134,3.7,7.350831414937802
134,3.79,7.43818520355926
134,3.88,7.523875943700781
134,3.97,7.608204850121342
134,4.06,7.691052321817767
134,4.15,7.77272012981313
134,4.24,7.853072539029646
134,4.33,7.9324135108238
134,4.42,8.01059197027763
134,4.51,8.087915498179274
134,4.6,8.164218263531398
134,4.69,8.239257882569028
134,4.78,8.313136631544575
134,4.87,8.38595610975168
134,4.96,8.457814099217938
134,5.05,8.528808442565035
134,5.14,8.59903605896616
134,5.23,8.66859318028068
134,5.32,8.737575577563023
134,5.41,8.80607877923281
134,5.5,8.874198282074891
134,5.59,8.942029756134358
134,5.68,9.007549854696395
134,5.77,9.070818342699791
134,5.86,9.133786813922868
134,5.95,9.196455636828569
134,6.04,9.258759069922887
134,6.13,9.320636214180684
134,6.22,9.38203072031158
134,6.31,9.442890513452825
134,6.4,9.503167534186026
134,6.49,9.562817494852498
134,6.58,9.62179965021417
134,6.67,9.680076581572624
134,6.76,9.737697355164688
134,6.85,9.795090482332494
134,6.94,9.85179760132681
134,7.03,9.908231428811224
134,7.12,9.96395323067411
134,7.21,10.019360458112333
134,7.3,10.074033122086803
134,7.39,10.12835392628733
134,7.48,10.181972490436044
134,7.57,10.235438793489008
134,7.66,10.288523080282372
134,7.75,10.340889918908653
134,7.84,10.393068189168595
134,7.93,10.444838194454835
134,8.02,10.495878758251997
134,8.11,10.546698414390569
134,8.2,10.597087035721566
134,8.29,10.64729807339937
134,8.38,10.6968808171371
134,8.47,10.746216379676516
134,8.56,10.795103685503701
134,8.65,10.843786673358624
134,8.74,10.891833266935656
134,8.83,10.93960992078656
134,8.92,10.9870564415623
134,9.01,11.034323033337142
134,9.1,11.08136391447417
134,9.19,11.127764783339384
134,9.28,11.173877913038142
134,9.37,11.219645980371924
134,9.46,11.265213629887324
134,9.55,11.310537346579567
134,9.64,11.35554083028137
134,9.73,11.400192009762396
134,9.82,11.44454208216736
134,9.91,11.488536386934221
134,10.0,11.532314142069916
135,1.0,3.442393393428489
135,1.09,3.6558320967325937
135,1.18,3.857167512389969
135,1.27,4.047576185907544
135,1.36,4.228735448962133
135,1.45,4.401950450592673
135,1.54,4.567760590397045
135,1.63,4.726500927163526
135,1.72,4.87923454109145
135,1.81,5.026784612655773
135,1.9,5.1692851686387025
135,1.99,5.30673876045706
135,2.08,5.439968478487229
135,2.17,5.569595815327808
135,2.26,5.695562454439741
135,2.35,5.817703506178537
135,2.44,5.936733341919887
135,2.53,6.053176354140548
135,2.62,6.166865291372482
135,2.71,6.2775355903019365
135,2.8,6.385850059305604
135,2.89,6.491526706228733
135,2.98,6.59467013979758
135,3.07,6.695927608876496
135,3.16,6.794966562040505
135,3.25,6.891860960464987
135,3.34,6.987253342801309
135,3.43,7.080768545505351
135,3.52,7.17245743376515
135,3.61,7.2629654232296375
135,3.7,7.351879850512114
135,3.79,7.4392336391335725
135,3.88,7.524924379275096
135,3.97,7.609253285695657
135,4.06,7.692100757392082
135,4.15,7.773768565387444
135,4.24,7.85412097460396
135,4.33,7.933461946398114
135,4.42,8.011640405851946
135,4.51,8.08896393375359
135,4.6,8.165266699105713
135,4.69,8.240306443024464
135,4.78,8.314186423226486
135,4.87,8.387005901433593
135,4.96,8.458863890899847
135,5.05,8.529858234246948
135,5.14,8.60008585064807
135,5.23,8.669642971962594
135,5.32,8.738625369244932
135,5.41,8.80712857091472
135,5.5,8.875248073756802
135,5.59,8.94307954781627
135,5.68,9.008600353597801
135,5.77,9.071868865830389
135,5.86,9.134837337053465
135,5.95,9.197506159959167
135,6.04,9.259809593053484
135,6.13,9.321686737311282
135,6.22,9.383081243442172
135,6.31,9.443941036583425
135,6.4,9.504218057316622
135,6.49,9.563868017983097
135,6.58,9.622850173344764
135,6.67,9.681127104703222
135,6.76,9.738747878295285
135,6.85,9.796141005463092
135,6.94,9.852848124457408
135,7.03,9.909281951941818
135,7.12,9.965003753804705
135,7.21,10.020410981242927
135,7.3,10.075083645217399
135,7.39,10.129404449417928
135,7.48,10.183023013566642
135,7.57,10.236489316619606
135,7.66,10.28957360341297
135,7.75,10.34194044203925
135,7.84,10.394118712299193
135,7.93,10.445888717585433
135,8.02,10.496929281382597
135,8.11,10.547748937521165
135,8.2,10.59813755885216
135,8.29,10.648348596529964
135,8.38,10.697931340267692
135,8.47,10.74726690280711
135,8.56,10.796154208634299
135,8.65,10.844837196489221
135,8.74,10.892883790066255
135,8.83,10.940660443917158
135,8.92,10.988106964692898
135,9.01,11.035373556467741
135,9.1,11.08241443760477
135,9.19,11.128815306469981
135,9.28,11.174928436168742
135,9.37,11.220696503502523
135,9.46,11.266264153017922
135,9.55,11.311587869710166
135,9.64,11.35659135341197
135,9.73,11.401242532892997
135,9.82,11.445592605297955
135,9.91,11.489586910064817
135,10.0,11.533364665200512
136,1.0,3.44339989157983
136,1.09,3.6568385948839337
136,1.18,3.858174010541312
136,1.27,4.0485826840588865
136,1.36,4.229741947113475
136,1.45,4.402956948744016
136,1.54,4.568767088548387
136,1.63,4.72750742531487
136,1.72,4.880241039242792
136,1.81,5.027791110807114
136,1.9,5.170291666790044
136,1.99,5.3077452586084
136,2.08,5.4409749766385715
136,2.17,5.57060231347915
136,2.26,5.696568952591081
136,2.35,5.818710004329878
136,2.44,5.937739840071227
136,2.53,6.054182852291888
136,2.62,6.167871789523824
136,2.71,6.278542088453279
136,2.8,6.386856557456947
136,2.89,6.492533204380078
136,2.98,6.595676637948925
136,3.07,6.69693410702784
136,3.16,6.795973060191848
136,3.25,6.8928674586163305
136,3.34,6.988259840952653
136,3.43,7.081775043656691
136,3.52,7.17346393191649
136,3.61,7.2639719213809775
136,3.7,7.352886348663457
136,3.79,7.440240137284915
136,3.88,7.525930877426439
136,3.97,7.610259783846999
136,4.06,7.693107255543424
136,4.15,7.774775063538786
136,4.24,7.855127472755303
136,4.33,7.934468444549457
136,4.42,8.012646904003288
136,4.51,8.089970431904932
136,4.6,8.166273317142931
136,4.69,8.241314243039099
136,4.78,8.315194223241122
136,4.87,8.388013701448225
136,4.96,8.459871690914483
136,5.05,8.53086603426158
136,5.14,8.601093650662706
136,5.23,8.670650771977227
136,5.32,8.739633169259568
136,5.41,8.808136370929356
136,5.5,8.876255873771438
136,5.59,8.944087347830905
136,5.68,9.009608832543151
136,5.77,9.072877368035762
136,5.86,9.135845839258838
136,5.95,9.19851466216454
136,6.04,9.260818095258857
136,6.13,9.322695239516657
136,6.22,9.384089745647547
136,6.31,9.444949538788794
136,6.4,9.505226559521999
136,6.49,9.564876520188468
136,6.58,9.623858675550139
136,6.67,9.682135606908593
136,6.76,9.739756380500657
136,6.85,9.797149507668466
136,6.94,9.853856626662783
136,7.03,9.910290454147193
136,7.12,9.966012256010078
136,7.21,10.021419483448298
136,7.3,10.07609214742277
136,7.39,10.130412951623297
136,7.48,10.184031515772011
136,7.57,10.237497818824979
136,7.66,10.290582105618345
136,7.75,10.342948944244624
136,7.84,10.395127214504566
136,7.93,10.446897219790806
136,8.02,10.497937783587972
136,8.11,10.548757439726538
136,8.2,10.599146061057535
136,8.29,10.649357098735338
136,8.38,10.698939842473067
136,8.47,10.748275405012482
136,8.56,10.797162710839672
136,8.65,10.84584569869459
136,8.74,10.893892292271623
136,8.83,10.94166894612253
136,8.92,10.98911546689827
136,9.01,11.036382058673116
136,9.1,11.083422939810143
136,9.19,11.129823808675356
136,9.28,11.175936938374116
136,9.37,11.221705005707896
136,9.46,11.267272655223298
136,9.55,11.312596371915543
136,9.64,11.357599855617346
136,9.73,11.40225103509837
136,9.82,11.44660110750333
136,9.91,11.490595412270194
136,10.0,11.534373167405885
137,1.0,3.444366129805119
137,1.09,3.657804833109224
137,1.18,3.8591402487666002
137,1.27,4.049548922284177
137,1.36,4.230708185338763
137,1.45,4.403923186969304
137,1.54,4.569733326773675
137,1.63,4.728473663540156
137,1.72,4.88120727746808
137,1.81,5.028757349032404
137,1.9,5.17125790501533
137,1.99,5.308711496833688
137,2.08,5.441941214863857
137,2.17,5.571568551704437
137,2.26,5.697535190816369
137,2.35,5.819676242555167
137,2.44,5.9387060782965175
137,2.53,6.055149090517178
137,2.62,6.168838027749116
137,2.71,6.279508326678569
137,2.8,6.387822795682236
137,2.89,6.4934994426053665
137,2.98,6.596642876174214
137,3.07,6.69790034525313
137,3.16,6.796939298417135
137,3.25,6.893833696841617
137,3.34,6.989226079177939
137,3.43,7.0827412818819795
137,3.52,7.174430170141778
137,3.61,7.264938159606266
137,3.7,7.353852586888745
137,3.79,7.441206375510204
137,3.88,7.526897115651726
137,3.97,7.611226022072287
137,4.06,7.6940734937687125
137,4.15,7.775741301764075
137,4.24,7.856093710980592
137,4.33,7.935434682774746
137,4.42,8.013613257319017
137,4.51,8.090936785220661
137,4.6,8.16724080515698
137,4.69,8.242281731053149
137,4.78,8.31616171125517
137,4.87,8.388981189462275
137,4.96,8.460839178928529
137,5.05,8.531833522275631
137,5.14,8.602061138676754
137,5.23,8.671618259991277
137,5.32,8.740600657273617
137,5.41,8.809103858943406
137,5.5,8.877223361785488
137,5.59,8.945054835844955
137,5.68,9.010576972330686
137,5.77,9.07384553015292
137,5.86,9.136814001375996
137,5.95,9.199482824281699
137,6.04,9.261786257376015
137,6.13,9.323663401633814
137,6.22,9.385057907764706
137,6.31,9.445917700905953
137,6.4,9.506194721639153
137,6.49,9.565844682305631
137,6.58,9.624826837667296
137,6.67,9.683103769025752
137,6.76,9.740724542617816
137,6.85,9.798117669785622
137,6.94,9.854824788779938
137,7.03,9.911258616264352
137,7.12,9.966980418127239
137,7.21,10.022387645565457
137,7.3,10.07706030953993
137,7.39,10.131381113740455
137,7.48,10.184999677889168
137,7.57,10.238465980942134
137,7.66,10.291550267735499
137,7.75,10.34391710636178
137,7.84,10.396095376621725
137,7.93,10.447865381907965
137,8.02,10.498905945705129
137,8.11,10.549725601843695
137,8.2,10.600114223174693
137,8.29,10.650325260852496
137,8.38,10.699908004590228
137,8.47,10.749243567129641
137,8.56,10.798130872956829
137,8.65,10.846813860811752
137,8.74,10.894860454388784
137,8.83,10.942637108239685
137,8.92,10.990083629015425
137,9.01,11.037350220790273
137,9.1,11.084391101927299
137,9.19,11.13079197079251
137,9.28,11.176905100491272
137,9.37,11.222673167825054
137,9.46,11.268240817340455
137,9.55,11.3135645340327
137,9.64,11.358568017734504
137,9.73,11.403219197215531
137,9.82,11.447569269620491
137,9.91,11.491563574387351
137,10.0,11.535341329523048
138,1.0,3.4452937185013948
138,1.09,3.6587324218054995
138,1.18,3.8600678374628767
138,1.27,4.0504765109804515
138,1.36,4.23163577403504
138,1.45,4.404850775665581
138,1.54,4.570660915469949
138,1.63,4.729401252236432
138,1.72,4.882134866164355
138,1.81,5.029684937728678
138,1.9,5.172185493711607
138,1.99,5.309639085529965
138,2.08,5.4428688035601365
138,2.17,5.572496140400715
138,2.26,5.698462779512649
138,2.35,5.820603831251446
138,2.44,5.939633666992795
138,2.53,6.056076679213455
138,2.62,6.1697656164453925
138,2.71,6.280435915374847
138,2.8,6.388750384378516
138,2.89,6.494427031301642
138,2.98,6.59757046487049
138,3.07,6.6988279339494055
138,3.16,6.797866887113412
138,3.25,6.894761285537894
138,3.34,6.990153667874216
138,3.43,7.083668870578257
138,3.52,7.1753577588380555
138,3.61,7.265865748302543
138,3.7,7.354780175585022
138,3.79,7.44213396420648
138,3.88,7.527824704348004
138,3.97,7.612153610768565
138,4.06,7.695001082464991
138,4.15,7.7766688904603525
138,4.24,7.857021410163692
138,4.33,7.936362381957846
138,4.42,8.014542045812506
138,4.51,8.09186557371415
138,4.6,8.168169593650468
138,4.69,8.243210519546635
138,4.78,8.317090499748657
138,4.87,8.38990997795576
138,4.96,8.46176796742202
138,5.05,8.532762310769119
138,5.14,8.602989927170242
138,5.23,8.672547048484764
138,5.32,8.741529445767105
138,5.41,8.810032647436893
138,5.5,8.878152150278975
138,5.59,8.945983624338442
138,5.68,9.01150638652672
138,5.77,9.074774965785391
138,5.86,9.137743437008467
138,5.95,9.200412259914168
138,6.04,9.262715693008488
138,6.13,9.324592837266286
138,6.22,9.385987343397177
138,6.31,9.446847136538427
138,6.4,9.507124157271626
138,6.49,9.566774117938097
138,6.58,9.625756273299771
138,6.67,9.684033204658224
138,6.76,9.741653978250287
138,6.85,9.799047105418095
138,6.94,9.855754224412411
138,7.03,9.912188051896822
138,7.12,9.967909853759709
138,7.21,10.02331708119793
138,7.3,10.077989745172403
138,7.39,10.132310549372928
138,7.48,10.185929113521642
138,7.57,10.239395416574608
138,7.66,10.29247970336797
138,7.75,10.344846541994249
138,7.84,10.397024812254193
138,7.93,10.448794817540433
138,8.02,10.499835381337599
138,8.11,10.550655037476169
138,8.2,10.601043658807166
138,8.29,10.651254696484969
138,8.38,10.700837440222697
138,8.47,10.750173002762113
138,8.56,10.7990603085893
138,8.65,10.847743296444222
138,8.74,10.895789890021257
138,8.83,10.943566543872159
138,8.92,10.991013064647898
138,9.01,11.038279656422745
138,9.1,11.085320537559772
138,9.19,11.131721406424983
138,9.28,11.177834536123742
138,9.37,11.223602603457524
138,9.46,11.269170252972927
138,9.55,11.31449396966517
138,9.64,11.359497453366973
138,9.73,11.404148632847997
138,9.82,11.448498705252959
138,9.91,11.492493010019823
138,10.0,11.536270765155518
139,1.0,3.446184203649821
139,1.09,3.659622906953926
139,1.18,3.8609583226112996
139,1.27,4.051366996128876
139,1.36,4.232526259183464
139,1.45,4.405741260814005
139,1.54,4.571551400618375
139,1.63,4.730291737384858
139,1.72,4.883025351312783
139,1.81,5.030575422877106
139,1.9,5.1730759788600365
139,1.99,5.310529570678392
139,2.08,5.443759288708563
139,2.17,5.5733866255491415
139,2.26,5.699353264661075
139,2.35,5.821494316399872
139,2.44,5.940524152141223
139,2.53,6.056967164361883
139,2.62,6.170656101593817
139,2.71,6.281326400523271
139,2.8,6.38964086952694
139,2.89,6.4953175164500685
139,2.98,6.598460950018915
139,3.07,6.69971841909783
139,3.16,6.798757372261838
139,3.25,6.89565177068632
139,3.34,6.991044153022642
139,3.43,7.084559355726682
139,3.52,7.176248243986481
139,3.61,7.266756233450969
139,3.7,7.355670660733448
139,3.79,7.4430244493549065
139,3.88,7.528715189496431
139,3.97,7.613044095916991
139,4.06,7.695891673680767
139,4.15,7.777559481676128
139,4.24,7.857913047117441
139,4.33,7.937254018911595
139,4.42,8.015433682766254
139,4.51,8.092757210667898
139,4.6,8.169061230604214
139,4.69,8.244102156500382
139,4.78,8.317982136702403
139,4.87,8.390801614909511
139,4.96,8.462659604375768
139,5.05,8.533653947722867
139,5.14,8.60388156412399
139,5.23,8.673438685438512
139,5.32,8.742421082720853
139,5.41,8.81092428439064
139,5.5,8.879043787232723
139,5.59,8.94687526129219
139,5.68,9.012398624154914
139,5.77,9.075667223992564
139,5.86,9.13863569521564
139,5.95,9.201304518121342
139,6.04,9.26360795121566
139,6.13,9.325485095473459
139,6.22,9.38687960160435
139,6.31,9.447739394745598
139,6.4,9.5080164154788
139,6.49,9.567666376145272
139,6.58,9.62664853150694
139,6.67,9.6849254628654
139,6.76,9.742546236457462
139,6.85,9.799939363625267
139,6.94,9.856646482619583
139,7.03,9.913080310103995
139,7.12,9.968802111966882
139,7.21,10.024209339405102
139,7.3,10.078882003379574
139,7.39,10.133202807580101
139,7.48,10.186821371728815
139,7.57,10.240287674781781
139,7.66,10.293371961575144
139,7.75,10.345738800201424
139,7.84,10.397917070461368
139,7.93,10.449687075747606
139,8.02,10.500727639544769
139,8.11,10.551547295683338
139,8.2,10.601935917014334
139,8.29,10.652146954692137
139,8.38,10.701729698429869
139,8.47,10.751065260969286
139,8.56,10.799952566796474
139,8.65,10.848635554651397
139,8.74,10.896682148228429
139,8.83,10.944458802079332
139,8.92,10.991905322855072
139,9.01,11.039171914629916
139,9.1,11.086212795766944
139,9.19,11.132613664632158
139,9.28,11.178726794330915
139,9.37,11.224494861664697
139,9.46,11.2700625111801
139,9.55,11.315386227872343
139,9.64,11.360389711574147
139,9.73,11.405040891055172
139,9.82,11.44939096346013
139,9.91,11.493385268226994
139,10.0,11.537163023362691
140,1.0,3.447039069392308
140,1.09,3.660477772696413
140,1.18,3.861813188353789
140,1.27,4.052221861871366
140,1.36,4.2333811249259545
140,1.45,4.4065961265564955
140,1.54,4.5724062663608676
140,1.63,4.731146603127349
140,1.72,4.883880217055272
140,1.81,5.031430288619595
140,1.9,5.173930844602524
140,1.99,5.311384436420882
140,2.08,5.444614154451053
140,2.17,5.574241491291633
140,2.26,5.700208130403563
140,2.35,5.82234918214236
140,2.44,5.941379017883711
140,2.53,6.057822030104371
140,2.62,6.171510967336307
140,2.71,6.28218126626576
140,2.8,6.390495735269427
140,2.89,6.496172382192557
140,2.98,6.599315815761405
140,3.07,6.70057328484032
140,3.16,6.799612238004326
140,3.25,6.896506636428809
140,3.34,6.991899018765131
140,3.43,7.085414221469171
140,3.52,7.17710310972897
140,3.61,7.2676110991934575
140,3.7,7.356525526475938
140,3.79,7.443879315097396
140,3.88,7.529570157063576
140,3.97,7.613899063484136
140,4.06,7.696747645156366
140,4.15,7.7784154531517276
140,4.24,7.858769018593039
140,4.33,7.938109990387193
140,4.42,8.01628965424185
140,4.51,8.093613182143494
140,4.6,8.169917202079812
140,4.69,8.244958127975979
140,4.78,8.318838108178005
140,4.87,8.39165758638511
140,4.96,8.463515575851366
140,5.05,8.534509919198463
140,5.14,8.604737535599588
140,5.23,8.67429465691411
140,5.32,8.74327705419645
140,5.41,8.811780255866239
140,5.5,8.879899758708321
140,5.59,8.947731232767788
140,5.68,9.01325517227798
140,5.77,9.07652379187145
140,5.86,9.139492263094526
140,5.95,9.202161086000228
140,6.04,9.264464519094545
140,6.13,9.326341663352345
140,6.22,9.387736169483237
140,6.31,9.448595962624484
140,6.4,9.508872983357685
140,6.49,9.568522944024158
140,6.58,9.627505099385827
140,6.67,9.685782030744281
140,6.76,9.743402804336345
140,6.85,9.800795931504156
140,6.94,9.857503050498472
140,7.03,9.91393687798288
140,7.12,9.969658679845766
140,7.21,10.025065907283988
140,7.3,10.07973857125846
140,7.39,10.134059375458985
140,7.48,10.187677939607699
140,7.57,10.241144242660667
140,7.66,10.294228529454031
140,7.75,10.34659536808031
140,7.84,10.398773638340254
140,7.93,10.450543643626492
140,8.02,10.501584207423658
140,8.11,10.552403863562226
140,8.2,10.602792484893222
140,8.29,10.653003522571025
140,8.38,10.702586266308751
140,8.47,10.75192182884817
140,8.56,10.800809134675358
140,8.65,10.849492122530277
140,8.74,10.897538716107313
140,8.83,10.945315369958218
140,8.92,10.992761890733957
140,9.01,11.040028482508804
140,9.1,11.087069363645831
140,9.19,11.133470232511042
140,9.28,11.179583362209803
140,9.37,11.225351429543583
140,9.46,11.270919079058984
140,9.55,11.31624279575123
140,9.64,11.361246279453033
140,9.73,11.40589745893406
140,9.82,11.450247531339016
140,9.91,11.49424183610588
140,10.0,11.538019591241577
141,1.0,3.4478597405050992
141,1.09,3.661298443809204
141,1.18,3.862633859466582
141,1.27,4.053042532984157
141,1.36,4.234201796038744
141,1.45,4.407416797669285
141,1.54,4.573226937473655
141,1.63,4.731967274240138
141,1.72,4.884700888168063
141,1.81,5.032250959732386
141,1.9,5.174751515715313
141,1.99,5.31220510753367
141,2.08,5.445434825563842
141,2.17,5.5750621624044205
141,2.26,5.701028801516353
141,2.35,5.823169853255149
141,2.44,5.942199688996498
141,2.53,6.058642701217158
141,2.62,6.172331638449096
141,2.71,6.28300193737855
141,2.8,6.391316406382217
141,2.89,6.496993053305346
141,2.98,6.600136486874193
141,3.07,6.701393955953109
141,3.16,6.800432909117116
141,3.25,6.897327307541598
141,3.34,6.992719689877919
141,3.43,7.086234892581961
141,3.52,7.17792378084176
141,3.61,7.268431770306248
141,3.7,7.357346295340397
141,3.79,7.4447000839618545
141,3.88,7.530391889680151
141,3.97,7.614720796100711
141,4.06,7.69756937777294
141,4.15,7.779237185768301
141,4.24,7.859590751209612
141,4.33,7.9389317230037655
141,4.42,8.017111386858424
141,4.51,8.094434914760068
141,4.6,8.170738934696384
141,4.69,8.245779860592556
141,4.78,8.319659840794579
141,4.87,8.392479319001684
141,4.96,8.464337308467938
141,5.05,8.535331651815039
141,5.14,8.605559268216162
141,5.23,8.675116389530684
141,5.32,8.744098786813025
141,5.41,8.812601988482813
141,5.5,8.880721491324895
141,5.59,8.948552965384362
141,5.68,9.014077458476121
141,5.77,9.07734609703518
141,5.86,9.140314568258257
141,5.95,9.20298339116396
141,6.04,9.265286824258276
141,6.13,9.327163968516075
141,6.22,9.388558474646967
141,6.31,9.449418267788216
141,6.4,9.509695288521415
141,6.49,9.56934524918789
141,6.58,9.628327404549559
141,6.67,9.686604335908013
141,6.76,9.744225109500077
141,6.85,9.801618236667883
141,6.94,9.858325355662199
141,7.03,9.914759183146614
141,7.12,9.970480985009502
141,7.21,10.025888212447718
141,7.3,10.08056087642219
141,7.39,10.134881680622717
141,7.48,10.188500244771431
141,7.57,10.241966547824397
141,7.66,10.29505083461776
141,7.75,10.34741767324404
141,7.84,10.399595943503984
141,7.93,10.451365948790224
141,8.02,10.502406512587388
141,8.11,10.553226168725956
141,8.2,10.603614790056952
141,8.29,10.653825827734755
141,8.38,10.703408571472485
141,8.47,10.752744134011902
141,8.56,10.801631439839088
141,8.65,10.85031442769401
141,8.74,10.89836102127104
141,8.83,10.946137675121946
141,8.92,10.993584195897686
141,9.01,11.040850787672532
141,9.1,11.087891668809556
141,9.19,11.134292537674773
141,9.28,11.180405667373533
141,9.37,11.226173734707315
141,9.46,11.271741384222718
141,9.55,11.317065100914961
141,9.64,11.362068584616765
141,9.73,11.40671976409779
141,9.82,11.451069836502748
141,9.91,11.49506414126961
141,10.0,11.538841896405305
142,1.0,3.4486475847733766
142,1.09,3.6620862880774814
142,1.18,3.8634217037348577
142,1.27,4.053830377252434
142,1.36,4.234989640307024
142,1.45,4.408204641937565
142,1.54,4.5740147817419325
142,1.63,4.732755118508415
142,1.72,4.88548873243634
142,1.81,5.033038804000663
142,1.9,5.175539359983592
142,1.99,5.312992951801948
142,2.08,5.4462226698321174
142,2.17,5.575850006672696
142,2.26,5.70181664578463
142,2.35,5.8239576975234275
142,2.44,5.942987533264777
142,2.53,6.059430545485437
142,2.62,6.1731194827173725
142,2.71,6.283789781646827
142,2.8,6.392104250650496
142,2.89,6.497780897573624
142,2.98,6.600924331142472
142,3.07,6.7021818002213855
142,3.16,6.801220753385394
142,3.25,6.8981151518098764
142,3.34,6.9935075341461985
142,3.43,7.087022830691843
142,3.52,7.17871171895164
142,3.61,7.269219708416128
142,3.7,7.358135158652309
142,3.79,7.445488947273766
142,3.88,7.531180752992062
142,3.97,7.615509659412622
142,4.06,7.69835824108485
142,4.15,7.780026049080211
142,4.24,7.860379614521523
142,4.33,7.939720586315676
142,4.42,8.017900250170333
142,4.51,8.095223778071977
142,4.6,8.171527798008299
142,4.69,8.246568723904467
142,4.78,8.32044870410649
142,4.87,8.393268182313593
142,4.96,8.46512617177985
142,5.05,8.53612051512695
142,5.14,8.606348131528073
142,5.23,8.675905252842595
142,5.32,8.744887650124936
142,5.41,8.813390851794724
142,5.5,8.881510354636806
142,5.59,8.949341828696273
142,5.68,9.014866853226339
142,5.77,9.07813550999236
142,5.86,9.141103981215437
142,5.95,9.20377280412114
142,6.04,9.266076237215458
142,6.13,9.327953381473256
142,6.22,9.389347887604147
142,6.31,9.450207680745397
142,6.4,9.510484701478598
142,6.49,9.57013466214507
142,6.58,9.629116817506741
142,6.67,9.687393748865196
142,6.76,9.745014522457259
142,6.85,9.802407649625065
142,6.94,9.859114768619381
142,7.03,9.915548596103791
142,7.12,9.971270397966679
142,7.21,10.026677625404902
142,7.3,10.081350289379376
142,7.39,10.135671093579898
142,7.48,10.189289657728612
142,7.57,10.242755960781578
142,7.66,10.295840247574942
142,7.75,10.348207086201223
142,7.84,10.400385356461166
142,7.93,10.452155361747405
142,8.02,10.503195925544569
142,8.11,10.554015581683137
142,8.2,10.604404203014134
142,8.29,10.654615240691937
142,8.38,10.704197984429667
142,8.47,10.753533546969082
142,8.56,10.80242085279627
142,8.65,10.851103840651191
142,8.74,10.899150434228225
142,8.83,10.946927088079129
142,8.92,10.994373608854868
142,9.01,11.041640200629713
142,9.1,11.08868108176674
142,9.19,11.13508195063195
142,9.28,11.181195080330712
142,9.37,11.226963147664494
142,9.46,11.272530797179897
142,9.55,11.317854513872136
142,9.64,11.36285799757394
142,9.73,11.40750917705497
142,9.82,11.45185924945993
142,9.91,11.495853554226793
142,10.0,11.539631309362491
143,1.0,3.449403915270926
143,1.09,3.6628426185750307
143,1.18,3.8641780342324044
143,1.27,4.05458670774998
143,1.36,4.235745970804569
143,1.45,4.40896097243511
143,1.54,4.57477111223948
143,1.63,4.733511449005962
143,1.72,4.8862450629338845
143,1.81,5.033795134498207
143,1.9,5.176295690481138
143,1.99,5.3137492822994945
143,2.08,5.446979000329665
143,2.17,5.576606337170245
143,2.26,5.702572976282176
143,2.35,5.824714028020973
143,2.44,5.943743863762323
143,2.53,6.060186875982984
143,2.62,6.17387581321492
143,2.71,6.284546112144374
143,2.8,6.392860581148041
143,2.89,6.498537228071171
143,2.98,6.601680661640018
143,3.07,6.702938130718934
143,3.16,6.80197717397088
143,3.25,6.898871572395362
143,3.34,6.994263954731683
143,3.43,7.087780139471278
143,3.52,7.179469027731075
143,3.61,7.269977017195563
143,3.7,7.358892467431744
143,3.79,7.446246256053201
143,3.88,7.531938061771496
143,3.97,7.616266968192056
143,4.06,7.699115549864284
143,4.15,7.7807833578596455
143,4.24,7.861136923300955
143,4.33,7.940477895095109
143,4.42,8.018657558949771
143,4.51,8.095981086851415
143,4.6,8.172285106787733
143,4.69,8.247326032683903
143,4.78,8.321206012885922
143,4.87,8.394025491093029
143,4.96,8.465883480559285
143,5.05,8.536877823906384
143,5.14,8.607105440307508
143,5.23,8.67666256162203
143,5.32,8.745644958904371
143,5.41,8.814148160574158
143,5.5,8.88226766341624
143,5.59,8.950099137475707
143,5.68,9.015624672186547
143,5.77,9.078893346431254
143,5.86,9.14186181765433
143,5.95,9.204530640560034
143,6.04,9.266834073654351
143,6.13,9.32871121791215
143,6.22,9.39010572404304
143,6.31,9.45096551718429
143,6.4,9.511242537917491
143,6.49,9.570892498583966
143,6.58,9.629874653945635
143,6.67,9.688151585304091
143,6.76,9.745772358896154
143,6.85,9.80316548606396
143,6.94,9.859872605058277
143,7.03,9.916306432542687
143,7.12,9.972028234405574
143,7.21,10.027435461843792
143,7.3,10.082108125818266
143,7.39,10.136428930018795
143,7.48,10.190047494167509
143,7.57,10.243513797220476
143,7.66,10.296598084013835
143,7.75,10.348964922640116
143,7.84,10.40114319290006
143,7.93,10.452913198186298
143,8.02,10.503953761983464
143,8.11,10.554773418122032
143,8.2,10.605162039453027
143,8.29,10.65537307713083
143,8.38,10.70495582086856
143,8.47,10.754291383407976
143,8.56,10.803178689235164
143,8.65,10.851861677090087
143,8.74,10.899908270667119
143,8.83,10.947684924518022
143,8.92,10.995131445293762
143,9.01,11.042398037068608
143,9.1,11.089438918205634
143,9.19,11.135839787070848
143,9.28,11.181952916769607
143,9.37,11.227720984103389
143,9.46,11.27328863361879
143,9.55,11.318612350311033
143,9.64,11.363615834012837
143,9.73,11.40826701349386
143,9.82,11.452617085898822
143,9.91,11.496611390665684
143,10.0,11.540389145801383
144,1.0,3.4501299925485682
144,1.09,3.663568695852674
144,1.18,3.8649041115100493
144,1.27,4.055312785027626
144,1.36,4.236472048082212
144,1.45,4.409687049712752
144,1.54,4.575497189517124
144,1.63,4.734237526283606
144,1.72,4.88697114021153
144,1.81,5.0345212117758535
144,1.9,5.177021767758782
144,1.99,5.314475359577139
144,2.08,5.44770507760731
144,2.17,5.577332414447889
144,2.26,5.703299053559821
144,2.35,5.825440105298619
144,2.44,5.944469941039967
144,2.53,6.060912953260627
144,2.62,6.174601890492565
144,2.71,6.285272189422019
144,2.8,6.393586658425687
144,2.89,6.499263391833238
144,2.98,6.602406825402085
144,3.07,6.703664294480999
144,3.16,6.802704190399138
144,3.25,6.899598588823619
144,3.34,6.994990971159941
144,3.43,7.088507155899535
144,3.52,7.180196044159333
144,3.61,7.2707040336238205
144,3.7,7.35961948386
144,3.79,7.446973272481458
144,3.88,7.532665078199752
144,3.97,7.616993984620312
144,4.06,7.6998425662925385
144,4.15,7.781510374287901
144,4.24,7.861863939729216
144,4.33,7.94120491152337
144,4.42,8.019384575378028
144,4.51,8.096708103279672
144,4.6,8.173012123215992
144,4.69,8.248053049112157
144,4.78,8.32193302931418
144,4.87,8.394752507521286
144,4.96,8.466610496987542
144,5.05,8.537604840334643
144,5.14,8.607832456735764
144,5.23,8.677389578050288
144,5.32,8.746371975332627
144,5.41,8.814875177002415
144,5.5,8.882994679844497
144,5.59,8.950826153903964
144,5.68,9.016352178388347
144,5.77,9.079620869412592
144,5.86,9.142589340635668
144,5.95,9.205258163541371
144,6.04,9.267561596635689
144,6.13,9.329438740893488
144,6.22,9.39083324702438
144,6.31,9.451693040165628
144,6.4,9.511970060898829
144,6.49,9.571620021565304
144,6.58,9.630602176926974
144,6.67,9.688879108285429
144,6.76,9.746499881877492
144,6.85,9.8038930090453
144,6.94,9.860600128039616
144,7.03,9.917033955524026
144,7.12,9.972755757386913
144,7.21,10.028162984825132
144,7.3,10.082835648799605
144,7.39,10.137156453000129
144,7.48,10.190775017148843
144,7.57,10.24424132020181
144,7.66,10.297325606995177
144,7.75,10.349692445621457
144,7.84,10.401870715881401
144,7.93,10.453640721167636
144,8.02,10.504681284964802
144,8.11,10.55550094110337
144,8.2,10.605889562434365
144,8.29,10.656100600112168
144,8.38,10.7056833438499
144,8.47,10.755018906389315
144,8.56,10.803906212216503
144,8.65,10.852589200071424
144,8.74,10.900635793648457
144,8.83,10.94841244749936
144,8.92,10.9958589682751
144,9.01,11.043125560049946
144,9.1,11.090166441186973
144,9.19,11.136567310052186
144,9.28,11.182680439750945
144,9.37,11.228448507084726
144,9.46,11.27401615660013
144,9.55,11.319339873292371
144,9.64,11.364343356994175
144,9.73,11.408994536475204
144,9.82,11.453344608880162
144,9.91,11.497338913647024
144,10.0,11.54111666878272
145,1.0,3.450827026735106
145,1.09,3.66426573003921
145,1.18,3.865601145696588
145,1.27,4.056009819214164
145,1.36,4.237169082268752
145,1.45,4.410384083899293
145,1.54,4.576194223703663
145,1.63,4.734934560470145
145,1.72,4.887668174398069
145,1.81,5.035218245962392
145,1.9,5.177718801945321
145,1.99,5.315172393763679
145,2.08,5.448402111793848
145,2.17,5.578029448634426
145,2.26,5.7039960877463605
145,2.35,5.826137139485158
145,2.44,5.945166975226508
145,2.53,6.061609987447168
145,2.62,6.175299007704149
145,2.71,6.285969306633603
145,2.8,6.39428377563727
145,2.89,6.499961327604365
145,2.98,6.603104761173212
145,3.07,6.704362230252127
145,3.16,6.803402126170265
145,3.25,6.900296524594746
145,3.34,6.995688906931068
145,3.43,7.089205091670661
145,3.52,7.180893979930459
145,3.61,7.2714019693949465
145,3.7,7.3603174196311265
145,3.79,7.447671208252584
145,3.88,7.5333630139708765
145,3.97,7.6176919203914375
145,4.06,7.700540502063669
145,4.15,7.782208310059032
145,4.24,7.862561875500343
145,4.33,7.941902847294497
145,4.42,8.020082511149157
145,4.51,8.097406039050801
145,4.6,8.173710058987115
145,4.69,8.248750984883285
145,4.78,8.322630965085308
145,4.87,8.395450443292413
145,4.96,8.46730843275867
145,5.05,8.538302776105768
145,5.14,8.608530392506893
145,5.23,8.678087513821414
145,5.32,8.747069911103754
145,5.41,8.815573112773542
145,5.5,8.883692615615624
145,5.59,8.951524089675091
145,5.68,9.017050584342075
145,5.77,9.080319291474677
145,5.86,9.143287762697753
145,5.95,9.205956585603454
145,6.04,9.268260018697774
145,6.13,9.330137162955573
145,6.22,9.391531669086465
145,6.31,9.452391462227713
145,6.4,9.512668482960914
145,6.49,9.572318443627386
145,6.58,9.631300598989057
145,6.67,9.689577530347515
145,6.76,9.747198303939578
145,6.85,9.804591431107385
145,6.94,9.8612985501017
145,7.03,9.917732377586113
145,7.12,9.973454179448998
145,7.21,10.028861406887218
145,7.3,10.08353407086169
145,7.39,10.137854875062214
145,7.48,10.191473439210927
145,7.57,10.244939742263897
145,7.66,10.298024029057258
145,7.75,10.350390867683537
145,7.84,10.402569137943482
145,7.93,10.454339143229724
145,8.02,10.50537970702689
145,8.11,10.556199363165458
145,8.2,10.60658798449645
145,8.29,10.656799022174253
145,8.38,10.706381765911983
145,8.47,10.7557173284514
145,8.56,10.804604634278586
145,8.65,10.853287622133507
145,8.74,10.901334215710543
145,8.83,10.949110869561446
145,8.92,10.996557390337186
145,9.01,11.043823982112032
145,9.1,11.090864863249058
145,9.19,11.137265732114269
145,9.28,11.18337886181303
145,9.37,11.22914692914681
145,9.46,11.274714578662213
145,9.55,11.320038295354458
145,9.64,11.365041779056261
145,9.73,11.409692958537287
145,9.82,11.454043030942245
145,9.91,11.498037335709109
145,10.0,11.541815090844805
146,1.0,3.4514961795541845
146,1.09,3.66493488285829
146,1.18,3.8662702985156647
146,1.27,4.056678972033241
146,1.36,4.237838235087829
146,1.45,4.41105323671837
146,1.54,4.5768633765227404
146,1.63,4.7356037132892235
146,1.72,4.888337327217146
146,1.81,5.035887398781468
146,1.9,5.178387954764399
146,1.99,5.315841546582756
146,2.08,5.449071264612927
146,2.17,5.578698601453506
146,2.26,5.7046653202694815
146,2.35,5.826806372008278
146,2.44,5.945836207749627
146,2.53,6.0622792199702875
146,2.62,6.175969026044431
146,2.71,6.286639324973884
146,2.8,6.394953793977553
146,2.89,6.5006313459446465
146,2.98,6.603774779513493
146,3.07,6.705032248592409
146,3.16,6.804072144510546
146,3.25,6.900966542935027
146,3.34,6.996358925271349
146,3.43,7.089875110010943
146,3.52,7.18156399827074
146,3.61,7.272071987735228
146,3.7,7.360987437971406
146,3.79,7.448341226592865
146,3.88,7.534033032311162
146,3.97,7.618361938731723
146,4.06,7.701210520403952
146,4.15,7.782878328399313
146,4.24,7.863231893840626
146,4.33,7.94257286563478
146,4.42,8.020752529489435
146,4.51,8.09807605739108
146,4.6,8.174380077327399
146,4.69,8.249421003223567
146,4.78,8.32330098342559
146,4.87,8.396120461632696
146,4.96,8.46797845109895
146,5.05,8.538972794446051
146,5.14,8.609200410847173
146,5.23,8.678757532161695
146,5.32,8.747739929444036
146,5.41,8.816243131113824
146,5.5,8.884362633955906
146,5.59,8.952194108015373
146,5.68,9.017721054057652
146,5.77,9.080989776654278
146,5.86,9.143958247877354
146,5.95,9.206627070783057
146,6.04,9.268930503877373
146,6.13,9.330807648135174
146,6.22,9.392202154266066
146,6.31,9.453061947407315
146,6.4,9.513338968140514
146,6.49,9.57298892880699
146,6.58,9.631971084168658
146,6.67,9.690248015527114
146,6.76,9.747868789119178
146,6.85,9.805261916286987
146,6.94,9.861969035281303
146,7.03,9.918402862765713
146,7.12,9.9741246646286
146,7.21,10.02953189206682
146,7.3,10.084204556041293
146,7.39,10.138525360241818
146,7.48,10.192143924390532
146,7.57,10.245610227443498
146,7.66,10.298694514236859
146,7.75,10.35106135286314
146,7.84,10.403239623123085
146,7.93,10.455009628409321
146,8.02,10.506050192206486
146,8.11,10.556869848345055
146,8.2,10.607258469676054
146,8.29,10.657469507353857
146,8.38,10.707052251091588
146,8.47,10.756387813631004
146,8.56,10.805275119458187
146,8.65,10.85395810731311
146,8.74,10.902004700890142
146,8.83,10.949781354741047
146,8.92,10.997227875516787
146,9.01,11.044494467291631
146,9.1,11.091535348428657
146,9.19,11.137936217293873
146,9.28,11.184049346992632
146,9.37,11.229817414326414
146,9.46,11.275385063841817
146,9.55,11.320708780534058
146,9.64,11.365712264235862
146,9.73,11.410363443716887
146,9.82,11.454713516121847
146,9.91,11.498707820888708
146,10.0,11.542485576024406
147,1.0,3.4521385662604986
147,1.09,3.6655772695646034
147,1.18,3.8669126852219797
147,1.27,4.057321358739556
147,1.36,4.238480621794143
147,1.45,4.411695623424683
147,1.54,4.5775057632290554
147,1.63,4.736246099995538
147,1.72,4.888979713923462
147,1.81,5.036529785487785
147,1.9,5.179030417986595
147,1.99,5.3164840098049515
147,2.08,5.449713727835122
147,2.17,5.579341064675701
147,2.26,5.705308537876152
147,2.35,5.8274495896149485
147,2.44,5.946479425356299
147,2.53,6.062922437576959
147,2.62,6.1766122436511015
147,2.71,6.287282542580555
147,2.8,6.395597011584223
147,2.89,6.501274563551317
147,2.98,6.604417997120163
147,3.07,6.705675466199079
147,3.16,6.804715362117216
147,3.25,6.901609760541698
147,3.34,6.99700214287802
147,3.43,7.090518327617611
147,3.52,7.182207215877409
147,3.61,7.272715205341897
147,3.7,7.36163065557808
147,3.79,7.448984444199538
147,3.88,7.534676249917833
147,3.97,7.619005156338393
147,4.06,7.701853738010623
147,4.15,7.783521546005986
147,4.24,7.863875111447293
147,4.33,7.943216083241447
147,4.42,8.021395747096108
147,4.51,8.098719274997752
147,4.6,8.17502329493407
147,4.69,8.250064220830238
147,4.78,8.323944201032262
147,4.87,8.396763679239365
147,4.96,8.468621668705623
147,5.05,8.53961601205272
147,5.14,8.609843628453843
147,5.23,8.679400749768366
147,5.32,8.748383147050706
147,5.41,8.816886348720494
147,5.5,8.885005851562576
147,5.59,8.952837325622044
147,5.68,9.018364704984608
147,5.77,9.081633442426694
147,5.86,9.14460191364977
147,5.95,9.207270736555474
147,6.04,9.269574169649792
147,6.13,9.33145131390759
147,6.22,9.392845820038483
147,6.31,9.453705613179732
147,6.4,9.513982633912933
147,6.49,9.573632594579406
147,6.58,9.632614749941077
147,6.67,9.690891681299531
147,6.76,9.748512454891594
147,6.85,9.805905582059403
147,6.94,9.862612701053719
147,7.03,9.919046528538132
147,7.12,9.97476833040102
147,7.21,10.030175557839238
147,7.3,10.084848221813711
147,7.39,10.139169026014237
147,7.48,10.19278759016295
147,7.57,10.246253893215917
147,7.66,10.29933818000928
147,7.75,10.351705018635558
147,7.84,10.403883288895502
147,7.93,10.455653294181738
147,8.02,10.506693857978904
147,8.11,10.557513514117474
147,8.2,10.607902135448468
147,8.29,10.65811317312627
147,8.38,10.707695916864001
147,8.47,10.757031479403418
147,8.56,10.80591878523061
147,8.65,10.85460177308553
147,8.74,10.902648366662563
147,8.83,10.950425020513467
147,8.92,10.997871541289207
147,9.01,11.045138133064048
147,9.1,11.092179014201076
147,9.19,11.138579883066289
147,9.28,11.184693012765049
147,9.37,11.23046108009883
147,9.46,11.276028729614232
147,9.55,11.321352446306474
147,9.64,11.366355930008277
147,9.73,11.411007109489308
147,9.82,11.455357181894264
147,9.91,11.499351486661128
147,10.0,11.543129241796825
148,1.0,3.45275525749856
148,1.09,3.666193960802664
148,1.18,3.867529376460042
148,1.27,4.057938049977618
148,1.36,4.2390973130322065
148,1.45,4.412312314662747
148,1.54,4.578122527922363
148,1.63,4.736862864688845
148,1.72,4.8895964786167685
148,1.81,5.037146550181092
148,1.9,5.179647906888999
148,1.99,5.317101498707355
148,2.08,5.450331216737526
148,2.17,5.5799585535781056
148,2.26,5.705926026778555
148,2.35,5.8280670785173525
148,2.44,5.947096914258702
148,2.53,6.063539926479362
148,2.62,6.1772297325535055
148,2.71,6.287900031482958
148,2.8,6.396214500486626
148,2.89,6.50189205245372
148,2.98,6.605035486022567
148,3.07,6.706292955101483
148,3.16,6.805332851019617
148,3.25,6.9022272494441
148,3.34,6.997619631780422
148,3.43,7.091135816520017
148,3.52,7.182824704779816
148,3.61,7.273332694244304
148,3.7,7.362248144480485
148,3.79,7.449601933101942
148,3.88,7.535293738820238
148,3.97,7.619622645240799
148,4.06,7.7024712269130235
148,4.15,7.784139034908386
148,4.24,7.864492600349699
148,4.33,7.943833572143852
148,4.42,8.02201323599851
148,4.51,8.099336763900155
148,4.6,8.175640783836473
148,4.69,8.250681709732644
148,4.78,8.324561689934663
148,4.87,8.39738116814177
148,4.96,8.469239157608024
148,5.05,8.540233500955123
148,5.14,8.610461117356248
148,5.23,8.680018238670769
148,5.32,8.749000635953111
148,5.41,8.817503837622898
148,5.5,8.88562334046498
148,5.59,8.953454814524447
148,5.68,9.018982609874485
148,5.77,9.082251361568215
148,5.86,9.145219832791291
148,5.95,9.207888655696994
148,6.04,9.270192088791312
148,6.13,9.332069233049111
148,6.22,9.393463739180001
148,6.31,9.454323532321252
148,6.4,9.514600553054454
148,6.49,9.574250513720928
148,6.58,9.633232669082597
148,6.67,9.691509600441053
148,6.76,9.749130374033117
148,6.85,9.806523501200923
148,6.94,9.863230620195239
148,7.03,9.91966444767965
148,7.12,9.975386249542538
148,7.21,10.03079347698076
148,7.3,10.085466140955234
148,7.39,10.139786945155757
148,7.48,10.19340550930447
148,7.57,10.246871812357439
148,7.66,10.299956099150801
148,7.75,10.35232293777708
148,7.84,10.404501208037024
148,7.93,10.456271213323262
148,8.02,10.507311777120426
148,8.11,10.558131433258994
148,8.2,10.608520054589988
148,8.29,10.658731092267791
148,8.38,10.708313836005521
148,8.47,10.75764939854494
148,8.56,10.806536704372125
148,8.65,10.855219692227047
148,8.74,10.90326628580408
148,8.83,10.951042939654984
148,8.92,10.998489460430724
148,9.01,11.045756052205574
148,9.1,11.0927969333426
148,9.19,11.13919780220781
148,9.28,11.185310931906573
148,9.37,11.231078999240355
148,9.46,11.27664664875575
148,9.55,11.321970365447996
148,9.64,11.3669738491498
148,9.73,11.411625028630827
148,9.82,11.455975101035785
148,9.91,11.499969405802648
148,10.0,11.543747160938343
149,1.0,3.453347281087101
149,1.09,3.666785984391206
149,1.18,3.868121470565618
149,1.27,4.058530144083194
149,1.36,4.239689407137781
149,1.45,4.412904408768322
149,1.54,4.578715317268671
149,1.63,4.737455654035152
149,1.72,4.890189267963077
149,1.81,5.0377393395274
149,1.9,5.180240696235306
149,1.99,5.317694288053663
149,2.08,5.4509240060838335
149,2.17,5.580551342924412
149,2.26,5.706518816124864
149,2.35,5.828659867863659
149,2.44,5.9476897036050085
149,2.53,6.064132715825669
149,2.62,6.177822521899812
149,2.71,6.288492820829266
149,2.8,6.3968072898329345
149,2.89,6.502484841800025
149,2.98,6.605628275368873
149,3.07,6.7068857444477885
149,3.16,6.805925640365928
149,3.25,6.90282003879041
149,3.34,6.998212421126732
149,3.43,7.091728605866326
149,3.52,7.1834174941261235
149,3.61,7.273925483590611
149,3.7,7.362840933826793
149,3.79,7.450194722448251
149,3.88,7.535886528166542
149,3.97,7.620215434587103
149,4.06,7.703064016259333
149,4.15,7.784731824254695
149,4.24,7.865085389696006
149,4.33,7.94442636149016
149,4.42,8.022606025344817
149,4.51,8.099929553246461
149,4.6,8.176233573182785
149,4.69,8.25127449907895
149,4.78,8.325154479280972
149,4.87,8.397973957488075
149,4.96,8.469831946954331
149,5.05,8.540826290301432
149,5.14,8.611053906702555
149,5.23,8.68061102801708
149,5.32,8.749593425299418
149,5.41,8.818096626969206
149,5.5,8.886216129811286
149,5.59,8.954047603870753
149,5.68,9.019575798568766
149,5.77,9.082844563944075
149,5.86,9.145813035167151
149,5.95,9.208481858072853
149,6.04,9.270785291167172
149,6.13,9.33266243542497
149,6.22,9.394056941555863
149,6.31,9.45491673469711
149,6.4,9.515193755430312
149,6.49,9.574843716096787
149,6.58,9.633825871458457
149,6.67,9.692102802816912
149,6.76,9.749723576408975
149,6.85,9.807116703576783
149,6.94,9.8638238225711
149,7.03,9.92025765005551
149,7.12,9.975979451918397
149,7.21,10.031386679356618
149,7.3,10.08605934333109
149,7.39,10.140380147531618
149,7.48,10.193998711680331
149,7.57,10.247465014733299
149,7.66,10.30054930152666
149,7.75,10.35291614015294
149,7.84,10.405094410412886
149,7.93,10.456864415699124
149,8.02,10.507904979496287
149,8.11,10.558724635634857
149,8.2,10.60911325696585
149,8.29,10.659324294643653
149,8.38,10.708907038381383
149,8.47,10.758242600920799
149,8.56,10.807129906747985
149,8.65,10.855812894602906
149,8.74,10.90385948817994
149,8.83,10.951636142030846
149,8.92,10.999082662806586
149,9.01,11.046349254581427
149,9.1,11.093390135718456
149,9.19,11.139791004583667
149,9.28,11.185904134282428
149,9.37,11.23167220161621
149,9.46,11.277239851131618
149,9.55,11.322563567823858
149,9.64,11.367567051525661
149,9.73,11.412218231006687
149,9.82,11.456568303411649
149,9.91,11.50056260817851
149,10.0,11.544340363314202
150,1.0,3.4539156914284517
150,1.09,3.6673543947325573
150,1.18,3.8686905483380727
150,1.27,4.059099221855647
150,1.36,4.240258484910237
150,1.45,4.413473486540778
150,1.54,4.579284395041126
150,1.63,4.7380247318076085
150,1.72,4.890758345735532
150,1.81,5.038308417299855
150,1.9,5.180809774007762
150,1.99,5.318263365826117
150,2.08,5.451493083856287
150,2.17,5.581120420696867
150,2.26,5.7070878938973175
150,2.35,5.829228945636115
150,2.44,5.948258781377465
150,2.53,6.064701793598125
150,2.62,6.178391599672265
150,2.71,6.2890618986017195
150,2.8,6.397376367605387
150,2.89,6.5030539195724835
150,2.98,6.606197353141331
150,3.07,6.707454822220246
150,3.16,6.806494718138384
150,3.25,6.903389116562866
150,3.34,6.998781498899187
150,3.43,7.092297683638782
150,3.52,7.183986571898581
150,3.61,7.274494561363069
150,3.7,7.363410011599245
150,3.79,7.450763800220703
150,3.88,7.5364556059389995
150,3.97,7.62078451235956
150,4.06,7.703633094031788
150,4.15,7.785300902027149
150,4.24,7.8656544674684605
150,4.33,7.944995439262613
150,4.42,8.023175103117277
150,4.51,8.10049863101892
150,4.6,8.176802650955237
150,4.69,8.251843576851405
150,4.78,8.325723557053426
150,4.87,8.39854303526053
150,4.96,8.470401024726788
150,5.05,8.541395368073886
150,5.14,8.611622984475012
150,5.23,8.681180105789533
150,5.32,8.750162503071873
150,5.41,8.81866570474166
150,5.5,8.886785207583742
150,5.59,8.95461668164321
150,5.68,9.020145259715278
150,5.77,9.0834140382249
150,5.86,9.146382509447976
150,5.95,9.20905133235368
150,6.04,9.271354765447995
150,6.13,9.333231909705797
150,6.22,9.394626415836687
150,6.31,9.455486208977938
150,6.4,9.515763229711135
150,6.49,9.575413190377612
150,6.58,9.634395345739282
150,6.67,9.692672277097738
150,6.76,9.750293050689802
150,6.85,9.807686177857608
150,6.94,9.864393296851924
150,7.03,9.920827124336336
150,7.12,9.976548926199223
150,7.21,10.031956153637442
150,7.3,10.086628817611915
150,7.39,10.140949621812442
150,7.48,10.194568185961156
150,7.57,10.248034489014122
150,7.66,10.301118775807486
150,7.75,10.353485614433767
150,7.84,10.40566388469371
150,7.93,10.457433889979947
150,8.02,10.508474453777113
150,8.11,10.559294109915683
150,8.2,10.609682731246679
150,8.29,10.659893768924482
150,8.38,10.70947651266221
150,8.47,10.758812075201627
150,8.56,10.807699381028812
150,8.65,10.856382368883734
150,8.74,10.904428962460766
150,8.83,10.95220561631167
150,8.92,10.99965213708741
150,9.01,11.046918728862254
150,9.1,11.09395960999928
150,9.19,11.140360478864494
150,9.28,11.186473608563256
150,9.37,11.232241675897038
150,9.46,11.277809325412434
150,9.55,11.323133042104681
150,9.64,11.368136525806484
150,9.73,11.41278770528751
150,9.82,11.45713777769247
150,9.91,11.501132082459332
150,10.0,11.544909837595034
151,1.0,3.4544620060900106
151,1.09,3.6679007093941154
151,1.18,3.86923686299963
151,1.27,4.0596455365172055
151,1.36,4.2408047995717935
151,1.45,4.414019801202334
151,1.54,4.579830709702684
151,1.63,4.738571046469164
151,1.72,4.891304660397088
151,1.81,5.038854731961411
151,1.9,5.181356088669317
151,1.99,5.318809680487675
151,2.08,5.4520393985178455
151,2.17,5.581666735358425
151,2.26,5.707634208558873
151,2.35,5.82977526029767
151,2.44,5.9488050960390195
151,2.53,6.06524810825968
151,2.62,6.178937914333825
151,2.71,6.289608213263279
151,2.8,6.397922682266946
151,2.89,6.5036002342340415
151,2.98,6.606743667802888
151,3.07,6.708001136881803
151,3.16,6.807041032799942
151,3.25,6.903935431224425
151,3.34,6.999327813560747
151,3.43,7.092843998300336
151,3.52,7.184532886560135
151,3.61,7.275040876024622
151,3.7,7.363956326260804
151,3.79,7.451310114882261
151,3.88,7.537001920600556
151,3.97,7.621330827021116
151,4.06,7.704179408693344
151,4.15,7.785847216688706
151,4.24,7.866200782130021
151,4.33,7.945541753924174
151,4.42,8.023721417778832
151,4.51,8.101044945680476
151,4.6,8.177348965616794
151,4.69,8.25238989151296
151,4.78,8.326269871714983
151,4.87,8.39908934992209
151,4.96,8.470947339388344
151,5.05,8.541941682735446
151,5.14,8.612169299136568
151,5.23,8.68172642045109
151,5.32,8.750708817733429
151,5.41,8.819212019403217
151,5.5,8.887331522245299
151,5.59,8.955162996304766
151,5.68,9.020691942415928
151,5.77,9.083960733534493
151,5.86,9.14692920475757
151,5.95,9.20959802766327
151,6.04,9.27190146075759
151,6.13,9.333778605015386
151,6.22,9.395173111146281
151,6.31,9.456032904287527
151,6.4,9.51630992502073
151,6.49,9.575959885687201
151,6.58,9.634942041048873
151,6.67,9.69321897240733
151,6.76,9.750839745999393
151,6.85,9.808232873167201
151,6.94,9.864939992161517
151,7.03,9.921373819645927
151,7.12,9.977095621508814
151,7.21,10.032502848947036
151,7.3,10.087175512921508
151,7.39,10.141496317122032
151,7.48,10.195114881270745
151,7.57,10.248581184323713
151,7.66,10.301665471117078
151,7.75,10.354032309743358
151,7.84,10.406210580003302
151,7.93,10.457980585289542
151,8.02,10.509021149086706
151,8.11,10.559840805225276
151,8.2,10.610229426556268
151,8.29,10.660440464234071
151,8.38,10.710023207971803
151,8.47,10.75935877051122
151,8.56,10.808246076338406
151,8.65,10.856929064193329
151,8.74,10.904975657770361
151,8.83,10.952752311621266
151,8.92,11.000198832397006
151,9.01,11.047465424171847
151,9.1,11.094506305308876
151,9.19,11.140907174174087
151,9.28,11.187020303872846
151,9.37,11.232788371206627
151,9.46,11.278356020722029
151,9.55,11.32367973741427
151,9.64,11.368683221116074
151,9.73,11.413334400597103
151,9.82,11.457684473002065
151,9.91,11.501678777768927
151,10.0,11.545456532904618
152,1.0,3.454986468165104
152,1.09,3.6684251714692095
152,1.18,3.869761325074725
152,1.27,4.060169998592299
152,1.36,4.241329261646888
152,1.45,4.4145442632774285
152,1.54,4.580355171777777
152,1.63,4.73909550854426
152,1.72,4.891829122472183
152,1.81,5.039379194036507
152,1.9,5.181880550744411
152,1.99,5.319334142562768
152,2.08,5.452563860592938
152,2.17,5.582191197433517
152,2.26,5.70815867063397
152,2.35,5.830299722372768
152,2.44,5.949329558114116
152,2.53,6.065772570334777
152,2.62,6.179462376408921
152,2.71,6.290132675338374
152,2.8,6.398447144342041
152,2.89,6.5041246963091375
152,2.98,6.607268129877985
152,3.07,6.7085255989569
152,3.16,6.807565494875034
152,3.25,6.904459893299516
152,3.34,6.999852275635838
152,3.43,7.093368460375433
152,3.52,7.1850573486352305
152,3.61,7.275565338099718
152,3.7,7.364480788335898
152,3.79,7.4518345769573555
152,3.88,7.53752638267565
152,3.97,7.62185528909621
152,4.06,7.7047038707684425
152,4.15,7.786371678763803
152,4.24,7.8667252442051145
152,4.33,7.946066215999267
152,4.42,8.024245879853927
152,4.51,8.101569407755571
152,4.6,8.177873427691887
152,4.69,8.252914353588055
152,4.78,8.32679433379008
152,4.87,8.399613811997183
152,4.96,8.471471801463442
152,5.05,8.542466144810538
152,5.14,8.612693761211663
152,5.23,8.682250882526183
152,5.32,8.751233279808524
152,5.41,8.819736481478312
152,5.5,8.887855984320394
152,5.59,8.955687458379861
152,5.68,9.021216757808553
152,5.77,9.084485561031702
152,5.86,9.147454032254778
152,5.95,9.21012285516048
152,6.04,9.272426288254797
152,6.13,9.334303432512598
152,6.22,9.395697938643487
152,6.31,9.456557731784738
152,6.4,9.516834752517937
152,6.49,9.576484713184412
152,6.58,9.635466868546079
152,6.67,9.693743799904539
152,6.76,9.751364573496602
152,6.85,9.808757700664408
152,6.94,9.865464819658724
152,7.03,9.921898647143138
152,7.12,9.977620449006023
152,7.21,10.033027676444243
152,7.3,10.087700340418715
152,7.39,10.142021144619243
152,7.48,10.195639708767956
152,7.57,10.249106011820922
152,7.66,10.302190298614285
152,7.75,10.354557137240564
152,7.84,10.40673540750051
152,7.93,10.45850541278675
152,8.02,10.509545976583913
152,8.11,10.560365632722483
152,8.2,10.610754254053479
152,8.29,10.660965291731282
152,8.38,10.710548035469012
152,8.47,10.759883598008429
152,8.56,10.808770903835612
152,8.65,10.857453891690534
152,8.74,10.90550048526757
152,8.83,10.953277139118475
152,8.92,11.000723659894215
152,9.01,11.047990251669058
152,9.1,11.095031132806087
152,9.19,11.141432001671298
152,9.28,11.187545131370058
152,9.37,11.23331319870384
152,9.46,11.278880848219238
152,9.55,11.324204564911483
152,9.64,11.369208048613286
152,9.73,11.413859228094312
152,9.82,11.45820930049927
152,9.91,11.502203605266134
152,10.0,11.545981360401829
153,1.0,3.455489951757195
153,1.09,3.6689286550612996
153,1.18,3.870264808666815
153,1.27,4.0606734821843915
153,1.36,4.241832745238979
153,1.45,4.41504774686952
153,1.54,4.580858655369866
153,1.63,4.739598992136349
153,1.72,4.892332606064272
153,1.81,5.039882677628595
153,1.9,5.182384034336504
153,1.99,5.319837626154862
153,2.08,5.4530673441850315
153,2.17,5.58269468102561
153,2.26,5.7086621542260625
153,2.35,5.830803205964859
153,2.44,5.949833041706207
153,2.53,6.066276053926868
153,2.62,6.179965860001013
153,2.71,6.290636158930467
153,2.8,6.398950627934134
153,2.89,6.504628179901225
153,2.98,6.607771613470073
153,3.07,6.709029082548988
153,3.16,6.808068978467126
153,3.25,6.904963376891608
153,3.34,7.00035575922793
153,3.43,7.093871943967523
153,3.52,7.185560832227321
153,3.61,7.276068821691808
153,3.7,7.364984271927988
153,3.79,7.452338060549446
153,3.88,7.5380298662677445
153,3.97,7.622358772688304
153,4.06,7.705207354360532
153,4.15,7.786875162355893
153,4.24,7.8672287277972055
153,4.33,7.946569699591359
153,4.42,8.024749363446016
153,4.51,8.10207289134766
153,4.6,8.178376911283978
153,4.69,8.253417837180148
153,4.78,8.327297817382169
153,4.87,8.400117295589277
153,4.96,8.47197528505553
153,5.05,8.54296962840263
153,5.14,8.613197244803752
153,5.23,8.682754366118274
153,5.32,8.751736763400615
153,5.41,8.820239965070403
153,5.5,8.888359467912485
153,5.59,8.956190941971952
153,5.68,9.021720580585471
153,5.77,9.084989395429023
153,5.86,9.1479578666521
153,5.95,9.2106266895578
153,6.04,9.272930122652118
153,6.13,9.334807266909916
153,6.22,9.39620177304081
153,6.31,9.457061566182055
153,6.4,9.517338586915258
153,6.49,9.576988547581731
153,6.58,9.635970702943402
153,6.67,9.694247634301854
153,6.76,9.751868407893918
153,6.85,9.80926153506173
153,6.94,9.865968654056045
153,7.03,9.922402481540455
153,7.12,9.978124283403343
153,7.21,10.033531510841565
153,7.3,10.088204174816036
153,7.39,10.142524979016562
153,7.48,10.196143543165276
153,7.57,10.249609846218242
153,7.66,10.302694133011606
153,7.75,10.355060971637887
153,7.84,10.40723924189783
153,7.93,10.459009247184069
153,8.02,10.510049810981231
153,8.11,10.560869467119803
153,8.2,10.611258088450798
153,8.29,10.661469126128601
153,8.38,10.711051869866331
153,8.47,10.760387432405748
153,8.56,10.809274738232936
153,8.65,10.857957726087857
153,8.74,10.906004319664891
153,8.83,10.953780973515794
153,8.92,11.001227494291534
153,9.01,11.048494086066375
153,9.1,11.095534967203404
153,9.19,11.141935836068619
153,9.28,11.18804896576738
153,9.37,11.233817033101161
153,9.46,11.279384682616563
153,9.55,11.324708399308806
153,9.64,11.36971188301061
153,9.73,11.414363062491635
153,9.82,11.458713134896595
153,9.91,11.502707439663457
153,10.0,11.54648519479915
154,1.0,3.4559732960056024
154,1.09,3.669411999309708
154,1.18,3.87074815291522
154,1.27,4.061156826432796
154,1.36,4.242316089487384
154,1.45,4.415531091117925
154,1.54,4.581341999618276
154,1.63,4.740082336384759
154,1.72,4.8928159503126825
154,1.81,5.040366021877005
154,1.9,5.182867378584913
154,1.99,5.320320970403269
154,2.08,5.453550688433438
154,2.17,5.583178025274018
154,2.26,5.70914549847447
154,2.35,5.831286550213268
154,2.44,5.950316385954617
154,2.53,6.066759398175277
154,2.62,6.180449204249417
154,2.71,6.291119503178871
154,2.8,6.399433972182539
154,2.89,6.505111524149634
154,2.98,6.608254957718481
154,3.07,6.709512426797397
154,3.16,6.808552322715533
154,3.25,6.905446721140015
154,3.34,7.000839103476337
154,3.43,7.0943552882159295
154,3.52,7.186044176475727
154,3.61,7.276552165940215
154,3.7,7.3654676161763994
154,3.79,7.452821404797856
154,3.88,7.53851321051615
154,3.97,7.62284211693671
154,4.06,7.705690698608939
154,4.15,7.787358506604301
154,4.24,7.867712072045611
154,4.33,7.947053043839764
154,4.42,8.025232707694423
154,4.51,8.102556235596067
154,4.6,8.178860255532387
154,4.69,8.253901181428555
154,4.78,8.327781161630579
154,4.87,8.40060063983768
154,4.96,8.472458629303938
154,5.05,8.543452972651036
154,5.14,8.61368058905216
154,5.23,8.683237710366681
154,5.32,8.752220107649023
154,5.41,8.82072330931881
154,5.5,8.888842812160892
154,5.59,8.956674286220359
154,5.68,9.022204250451313
154,5.77,9.085473076450452
154,5.86,9.148441547673528
154,5.95,9.21111037057923
154,6.04,9.273413803673547
154,6.13,9.335290947931345
154,6.22,9.396685454062235
154,6.31,9.457545247203486
154,6.4,9.517822267936683
154,6.49,9.57747222860316
154,6.58,9.636454383964828
154,6.67,9.694731315323285
154,6.76,9.752352088915348
154,6.85,9.809745216083153
154,6.94,9.866452335077469
154,7.03,9.922886162561884
154,7.12,9.978607964424771
154,7.21,10.03401519186299
154,7.3,10.088687855837463
154,7.39,10.14300866003799
154,7.48,10.196627224186704
154,7.57,10.25009352723967
154,7.66,10.303177814033033
154,7.75,10.355544652659313
154,7.84,10.407722922919257
154,7.93,10.459492928205496
154,8.02,10.510533492002661
154,8.11,10.56135314814123
154,8.2,10.611741769472225
154,8.29,10.661952807150028
154,8.38,10.711535550887756
154,8.47,10.760871113427175
154,8.56,10.809758419254361
154,8.65,10.858441407109284
154,8.74,10.906488000686316
154,8.83,10.954264654537221
154,8.92,11.00171117531296
154,9.01,11.048977767087807
154,9.1,11.096018648224833
154,9.19,11.142419517090048
154,9.28,11.188532646788806
154,9.37,11.234300714122588
154,9.46,11.279868363637984
154,9.55,11.32519208033023
154,9.64,11.370195564032034
154,9.73,11.414846743513063
154,9.82,11.459196815918023
154,9.91,11.503191120684885
154,10.0,11.546968875820582
155,1.0,3.456437306484071
155,1.09,3.669876009788177
155,1.18,3.871212163393694
155,1.27,4.0616208369112705
155,1.36,4.2427800999658585
155,1.45,4.4159951015963985
155,1.54,4.581806010096749
155,1.63,4.74054634686323
155,1.72,4.893279960791152
155,1.81,5.040830032355476
155,1.9,5.183331389063384
155,1.99,5.320784980881742
155,2.08,5.454014698911911
155,2.17,5.58364203575249
155,2.26,5.709609508952938
155,2.35,5.831750560691736
155,2.44,5.950780396433085
155,2.53,6.067223408653746
155,2.62,6.18091321472789
155,2.71,6.2915835136573435
155,2.8,6.399897982661011
155,2.89,6.505575534628105
155,2.98,6.608718968196952
155,3.07,6.709976437275866
155,3.16,6.809016333194004
155,3.25,6.905910731618485
155,3.34,7.0013031139548065
155,3.43,7.0948192986944045
155,3.52,7.186508186954201
155,3.61,7.277016176418689
155,3.7,7.365931626654869
155,3.79,7.453285415276326
155,3.88,7.538977220994622
155,3.97,7.623306127415182
155,4.06,7.706154709087409
155,4.15,7.78782251708277
155,4.24,7.868176082524081
155,4.33,7.947517054318235
155,4.42,8.025696718172895
155,4.51,8.10302024607454
155,4.6,8.179324266010857
155,4.69,8.254365191907029
155,4.78,8.328245172109046
155,4.87,8.401064650316153
155,4.96,8.472922639782407
155,5.05,8.543916983129508
155,5.14,8.614144599530631
155,5.23,8.683701720845153
155,5.32,8.752684118127494
155,5.41,8.82118731979728
155,5.5,8.889306822639362
155,5.59,8.95713829669883
155,5.68,9.022668573522523
155,5.77,9.085937410231022
155,5.86,9.148905881454098
155,5.95,9.2115747043598
155,6.04,9.273878137454117
155,6.13,9.335755281711917
155,6.22,9.397149787842807
155,6.31,9.458009580984054
155,6.4,9.518286601717257
155,6.49,9.577936562383728
155,6.58,9.636918717745399
155,6.67,9.695195649103855
155,6.76,9.752816422695918
155,6.85,9.810209549863727
155,6.94,9.866916668858043
155,7.03,9.92335049634245
155,7.12,9.979072298205338
155,7.21,10.034479525643562
155,7.3,10.089152189618034
155,7.39,10.143472993818559
155,7.48,10.197091557967273
155,7.57,10.25055786102024
155,7.66,10.303642147813605
155,7.75,10.356008986439884
155,7.84,10.408187256699827
155,7.93,10.459957261986066
155,8.02,10.510997825783232
155,8.11,10.5618174819218
155,8.2,10.612206103252795
155,8.29,10.662417140930598
155,8.38,10.711999884668328
155,8.47,10.761335447207745
155,8.56,10.810222753034932
155,8.65,10.858905740889853
155,8.74,10.906952334466885
155,8.83,10.954728988317791
155,8.92,11.002175509093531
155,9.01,11.049442100868376
155,9.1,11.096482982005403
155,9.19,11.142883850870614
155,9.28,11.188996980569376
155,9.37,11.234765047903156
155,9.46,11.280332697418562
155,9.55,11.325656414110803
155,9.64,11.370659897812606
155,9.73,11.415311077293634
155,9.82,11.459661149698592
155,9.91,11.503655454465456
155,10.0,11.547433209601145
156,1.0,3.456882756543407
156,1.09,3.6703214598475107
156,1.18,3.871657613453028
156,1.27,4.062066286970603
156,1.36,4.243225550025189
156,1.45,4.4164405516557315
156,1.54,4.582251460156081
156,1.63,4.740991796922564
156,1.72,4.893725410850487
156,1.81,5.041275482414809
156,1.9,5.1837768391227135
156,1.99,5.321230430941071
156,2.08,5.454460148971242
156,2.17,5.58408748581182
156,2.26,5.710054959012273
156,2.35,5.832196010751069
156,2.44,5.951225846492419
156,2.53,6.06766885871308
156,2.62,6.181358664787221
156,2.71,6.2920289637166755
156,2.8,6.400343432720343
156,2.89,6.506020984687436
156,2.98,6.609164418256284
156,3.07,6.7104218873351975
156,3.16,6.809461783253339
156,3.25,6.90635618167782
156,3.34,7.001748564014142
156,3.43,7.095264748753736
156,3.52,7.186953637013533
156,3.61,7.277461626478021
156,3.7,7.366377076714201
156,3.79,7.453730865335658
156,3.88,7.539422671053952
156,3.97,7.623751577474511
156,4.06,7.70660015914674
156,4.15,7.788267967142102
156,4.24,7.868621532583415
156,4.33,7.947962504377569
156,4.42,8.026142168232226
156,4.51,8.10346569613387
156,4.6,8.179769716070194
156,4.69,8.254810641966356
156,4.78,8.328690622168379
156,4.87,8.401510100375482
156,4.96,8.47336808984174
156,5.05,8.544362433188839
156,5.14,8.614590049589964
156,5.23,8.684147170904486
156,5.32,8.753129568186825
156,5.41,8.821632769856613
156,5.5,8.889752272698695
156,5.59,8.957583746758162
156,5.68,9.023114323670884
156,5.77,9.086383170660369
156,5.86,9.149351641883445
156,5.95,9.212020464789148
156,6.04,9.274323897883464
156,6.13,9.336201042141264
156,6.22,9.397595548272156
156,6.31,9.458455341413403
156,6.4,9.518732362146602
156,6.49,9.578382322813079
156,6.58,9.637364478174746
156,6.67,9.695641409533202
156,6.76,9.753262183125265
156,6.85,9.810655310293074
156,6.94,9.86736242928739
156,7.03,9.923796256771801
156,7.12,9.979518058634689
156,7.21,10.034925286072905
156,7.3,10.089597950047379
156,7.39,10.143918754247908
156,7.48,10.197537318396622
156,7.57,10.251003621449588
156,7.66,10.30408790824295
156,7.75,10.35645474686923
156,7.84,10.408633017129175
156,7.93,10.460403022415415
156,8.02,10.511443586212579
156,8.11,10.562263242351147
156,8.2,10.612651863682142
156,8.29,10.662862901359945
156,8.38,10.712445645097677
156,8.47,10.761781207637092
156,8.56,10.810668513464279
156,8.65,10.859351501319201
156,8.74,10.907398094896234
156,8.83,10.955174748747138
156,8.92,11.002621269522878
156,9.01,11.049887861297723
156,9.1,11.096928742434748
156,9.19,11.143329611299961
156,9.28,11.189442740998723
156,9.37,11.235210808332505
156,9.46,11.280778457847905
156,9.55,11.32610217454015
156,9.64,11.371105658241953
156,9.73,11.415756837722979
156,9.82,11.46010691012794
156,9.91,11.504101214894801
156,10.0,11.5478789700305
157,1.0,3.457310388600364
157,1.09,3.6707490919044705
157,1.18,3.872085245509986
157,1.27,4.062493919027562
157,1.36,4.24365318208215
157,1.45,4.41686818371269
157,1.54,4.582679092213037
157,1.63,4.74141942897952
157,1.72,4.894153042907444
157,1.81,5.041703114471766
157,1.9,5.184204471179675
157,1.99,5.321658062998031
157,2.08,5.454887781028202
157,2.17,5.584515117868781
157,2.26,5.710482591069231
157,2.35,5.832623642808028
157,2.44,5.951653478549376
157,2.53,6.068096490770037
157,2.62,6.181786296844179
157,2.71,6.292456595773634
157,2.8,6.400771064777301
157,2.89,6.5064486167443984
157,2.98,6.609592050313244
157,3.07,6.71084951939216
157,3.16,6.809889415310297
157,3.25,6.906783813734779
157,3.34,7.002176196071101
157,3.43,7.095692380810694
157,3.52,7.1873812690704915
157,3.61,7.277889258534979
157,3.7,7.366804708771158
157,3.79,7.454158497392615
157,3.88,7.53985030311091
157,3.97,7.62417920953147
157,4.06,7.7070277912037
157,4.15,7.7886955991990625
157,4.24,7.869049164640373
157,4.33,7.948390136434527
157,4.42,8.02656980028919
157,4.51,8.103893328190834
157,4.6,8.180197348127148
157,4.69,8.255238274023316
157,4.78,8.329118254225335
157,4.87,8.401937732432442
157,4.96,8.473795721898698
157,5.05,8.544790065245799
157,5.14,8.615017681646924
157,5.23,8.684574802961444
157,5.32,8.753557200243785
157,5.41,8.822060401913573
157,5.5,8.890179904755653
157,5.59,8.95801137881512
157,5.68,9.02354224381331
157,5.77,9.086811100672543
157,5.86,9.14977957189562
157,5.95,9.21244839480132
157,6.04,9.27475182789564
157,6.13,9.336628972153438
157,6.22,9.39802347828433
157,6.31,9.458883271425577
157,6.4,9.519160292158777
157,6.49,9.57881025282525
157,6.58,9.637792408186922
157,6.67,9.696069339545376
157,6.76,9.75369011313744
157,6.85,9.811083240305246
157,6.94,9.867790359299562
157,7.03,9.924224186783974
157,7.12,9.979945988646861
157,7.21,10.035353216085083
157,7.3,10.090025880059555
157,7.39,10.144346684260077
157,7.48,10.19796524840879
157,7.57,10.251431551461758
157,7.66,10.304515838255124
157,7.75,10.356882676881405
157,7.84,10.409060947141349
157,7.93,10.460830952427587
157,8.02,10.511871516224751
157,8.11,10.562691172363321
157,8.2,10.613079793694316
157,8.29,10.66329083137212
157,8.38,10.71287357510985
157,8.47,10.762209137649265
157,8.56,10.811096443476451
157,8.65,10.859779431331374
157,8.74,10.90782602490841
157,8.83,10.955602678759313
157,8.92,11.003049199535052
157,9.01,11.050315791309895
157,9.1,11.097356672446924
157,9.19,11.143757541312135
157,9.28,11.189870671010896
157,9.37,11.235638738344678
157,9.46,11.281206387860081
157,9.55,11.32653010455232
157,9.64,11.371533588254124
157,9.73,11.416184767735151
157,9.82,11.460534840140113
157,9.91,11.504529144906977
157,10.0,11.54830690004267
158,1.0,3.457720915375047
158,1.09,3.671159618679151
158,1.18,3.8724957722846645
158,1.27,4.062904445802241
158,1.36,4.244063708856829
158,1.45,4.41727871048737
158,1.54,4.58308961898772
158,1.63,4.741829955754202
158,1.72,4.894563569682126
158,1.81,5.0421136412464485
158,1.9,5.1846149979543545
158,1.99,5.322068589772711
158,2.08,5.455298307802881
158,2.17,5.58492564464346
158,2.26,5.71089311784391
158,2.35,5.8330341695827075
158,2.44,5.952064005324057
158,2.53,6.068507017544717
158,2.62,6.182196823618863
158,2.71,6.292867122548317
158,2.8,6.4011815915519845
158,2.89,6.506859143519078
158,2.98,6.610002577087925
158,3.07,6.71126004616684
158,3.16,6.810299942084978
158,3.25,6.9071943405094585
158,3.34,7.0025867228457805
158,3.43,7.096102907585373
158,3.52,7.18779179584517
158,3.61,7.278299785309658
158,3.7,7.367215235545839
158,3.79,7.454569024167296
158,3.88,7.540260829885591
158,3.97,7.624589736306152
158,4.06,7.70743831797838
158,4.15,7.789106125973742
158,4.24,7.869459691415058
158,4.33,7.948800663209211
158,4.42,8.026980327063866
158,4.51,8.10430385496551
158,4.6,8.18060787490183
158,4.69,8.255648800797994
158,4.78,8.329528781000018
158,4.87,8.402348259207121
158,4.96,8.47420624867338
158,5.05,8.54520059202048
158,5.14,8.615428208421603
158,5.23,8.684985329736126
158,5.32,8.753967727018466
158,5.41,8.822470928688253
158,5.5,8.890590431530335
158,5.59,8.958421905589802
158,5.68,9.023953047150039
158,5.77,9.08722191348423
158,5.86,9.150190384707306
158,5.95,9.212859207613008
158,6.04,9.275162640707325
158,6.13,9.337039784965127
158,6.22,9.398434291096017
158,6.31,9.459294084237264
158,6.4,9.519571104970465
158,6.49,9.579221065636936
158,6.58,9.638203220998605
158,6.67,9.696480152357065
158,6.76,9.754100925949128
158,6.85,9.811494053116935
158,6.94,9.868201172111249
158,7.03,9.92463499959566
158,7.12,9.980356801458546
158,7.21,10.035764028896768
158,7.3,10.09043669287124
158,7.39,10.144757497071767
158,7.48,10.19837606122048
158,7.57,10.251842364273447
158,7.66,10.304926651066808
158,7.75,10.357293489693086
158,7.84,10.409471759953032
158,7.93,10.461241765239274
158,8.02,10.51228232903644
158,8.11,10.563101985175008
158,8.2,10.613490606506003
158,8.29,10.663701644183806
158,8.38,10.713284387921535
158,8.47,10.762619950460952
158,8.56,10.811507256288138
158,8.65,10.86019024414306
158,8.74,10.908236837720095
158,8.83,10.956013491570998
158,8.92,11.003460012346737
158,9.01,11.050726604121582
158,9.1,11.09776748525861
158,9.19,11.144168354123824
158,9.28,11.190281483822584
158,9.37,11.236049551156365
158,9.46,11.281617200671764
158,9.55,11.32694091736401
158,9.64,11.371944401065813
158,9.73,11.416595580546838
158,9.82,11.460945652951798
158,9.91,11.504939957718662
158,10.0,11.548717712854359
159,1.0,3.458115021078738
159,1.09,3.671553724382843
159,1.18,3.87288987798836
159,1.27,4.063298551505936
159,1.36,4.2444578145605245
159,1.45,4.4176728161910646
159,1.54,4.583483724691413
159,1.63,4.742224061457895
159,1.72,4.894957675385817
159,1.81,5.0425077469501405
159,1.9,5.185009103658047
159,1.99,5.322462695476403
159,2.08,5.455692413506574
159,2.17,5.585319750347153
159,2.26,5.711287223547607
159,2.35,5.833428275286403
159,2.44,5.952458111027753
159,2.53,6.068901123248414
159,2.62,6.182590929322555
159,2.71,6.2932612282520095
159,2.8,6.401575697255677
159,2.89,6.507253249222772
159,2.98,6.610396682791618
159,3.07,6.711654151870532
159,3.16,6.81069404778867
159,3.25,6.9075884462131505
159,3.34,7.002980828549472
159,3.43,7.096497013289066
159,3.52,7.188185901548864
159,3.61,7.278693891013352
159,3.7,7.3676093412495325
159,3.79,7.454963129870991
159,3.88,7.540654935589285
159,3.97,7.624983842009845
159,4.06,7.707832423682078
159,4.15,7.789500231677439
159,4.24,7.869853797118746
159,4.33,7.9491947689129
159,4.42,8.02737443276756
159,4.51,8.104697960669204
159,4.6,8.181001980605519
159,4.69,8.25604290650169
159,4.78,8.32992288670371
159,4.87,8.402742364910816
159,4.96,8.474600354377074
159,5.05,8.545594697724173
159,5.14,8.615822314125298
159,5.23,8.685379435439819
159,5.32,8.754361832722159
159,5.41,8.822865034391945
159,5.5,8.890984537234027
159,5.59,8.958816011293495
159,5.68,9.0243474183533
159,5.77,9.08761629378345
159,5.86,9.150584765006526
159,5.95,9.213253587912227
159,6.04,9.275557021006545
159,6.13,9.337434165264344
159,6.22,9.398828671395238
159,6.31,9.459688464536484
159,6.4,9.519965485269683
159,6.49,9.579615445936158
159,6.58,9.638597601297825
159,6.67,9.696874532656281
159,6.76,9.754495306248344
159,6.85,9.811888433416154
159,6.94,9.86859555241047
159,7.03,9.92502937989488
159,7.12,9.980751181757766
159,7.21,10.036158409195988
159,7.3,10.090831073170458
159,7.39,10.145151877370985
159,7.48,10.198770441519699
159,7.57,10.252236744572665
159,7.66,10.30532103136603
159,7.75,10.35768786999231
159,7.84,10.409866140252253
159,7.93,10.46163614553849
159,8.02,10.512676709335654
159,8.11,10.563496365474224
159,8.2,10.613884986805221
159,8.29,10.664096024483024
159,8.38,10.713678768220756
159,8.47,10.763014330760171
159,8.56,10.811901636587358
159,8.65,10.86058462444228
159,8.74,10.908631218019313
159,8.83,10.956407871870217
159,8.92,11.003854392645957
159,9.01,11.0511209844208
159,9.1,11.09816186555783
159,9.19,11.144562734423042
159,9.28,11.1906758641218
159,9.37,11.236443931455582
159,9.46,11.282011580970984
159,9.55,11.327335297663227
159,9.64,11.37233878136503
159,9.73,11.41698996084606
159,9.82,11.46134003325102
159,9.91,11.505334338017882
159,10.0,11.549112093153575
160,1.0,3.458493362554286
160,1.09,3.67193206585839
160,1.18,3.873268219463905
160,1.27,4.063676892981481
160,1.36,4.244836156036068
160,1.45,4.418051157666609
160,1.54,4.583862066166957
160,1.63,4.742602402933439
160,1.72,4.895336016861362
160,1.81,5.042886088425686
160,1.9,5.185387445133595
160,1.99,5.322841036951951
160,2.08,5.456070754982123
160,2.17,5.585698091822701
160,2.26,5.711665565023151
160,2.35,5.833806616761948
160,2.44,5.952836452503298
160,2.53,6.069279464723959
160,2.62,6.182969270798101
160,2.71,6.293639569727555
160,2.8,6.401954038731222
160,2.89,6.507631590698316
160,2.98,6.610775024267162
160,3.07,6.712032493346076
160,3.16,6.811072389264215
160,3.25,6.9079667876886965
160,3.34,7.003359170025018
160,3.43,7.096875354764612
160,3.52,7.188564243024411
160,3.61,7.279072232488899
160,3.7,7.3679876827250785
160,3.79,7.455341471346536
160,3.88,7.541033277064834
160,3.97,7.625362183485395
160,4.06,7.708210765157618
160,4.15,7.78987857315298
160,4.24,7.870232138594293
160,4.33,7.949573110388447
160,4.42,8.027752774243103
160,4.51,8.105076302144747
160,4.6,8.181380322081068
160,4.69,8.256421247977233
160,4.78,8.330301228179257
160,4.87,8.403120706386364
160,4.96,8.474978695852618
160,5.05,8.545973039199719
160,5.14,8.616200655600842
160,5.23,8.685757776915365
160,5.32,8.754740174197703
160,5.41,8.823243375867492
160,5.5,8.891362878709574
160,5.59,8.95919435276904
160,5.68,9.02472601470843
160,5.77,9.0879948988707
160,5.86,9.150963370093777
160,5.95,9.213632192999478
160,6.04,9.275935626093796
160,6.13,9.337812770351594
160,6.22,9.399207276482487
160,6.31,9.460067069623737
160,6.4,9.520344090356934
160,6.49,9.579994051023407
160,6.58,9.638976206385077
160,6.67,9.697253137743532
160,6.76,9.754873911335595
160,6.85,9.812267038503402
160,6.94,9.868974157497718
160,7.03,9.925407984982131
160,7.12,9.981129786845019
160,7.21,10.036537014283239
160,7.3,10.091209678257709
160,7.39,10.145530482458236
160,7.48,10.19914904660695
160,7.57,10.252615349659914
160,7.66,10.30569963645328
160,7.75,10.358066475079559
160,7.84,10.410244745339503
160,7.93,10.462014750625745
160,8.02,10.513055314422907
160,8.11,10.563874970561477
160,8.2,10.61426359189247
160,8.29,10.664474629570273
160,8.38,10.714057373308002
160,8.47,10.763392935847419
160,8.56,10.812280241674607
160,8.65,10.86096322952953
160,8.74,10.909009823106565
160,8.83,10.956786476957468
160,8.92,11.004232997733208
160,9.01,11.051499589508051
160,9.1,11.09854047064508
160,9.19,11.144941339510291
160,9.28,11.191054469209051
160,9.37,11.236822536542833
160,9.46,11.282390186058233
160,9.55,11.327713902750478
160,9.64,11.372717386452281
160,9.73,11.417368565933309
160,9.82,11.461718638338267
160,9.91,11.50571294310513
160,10.0,11.549490698240826
161,1.0,3.4588565703708074
161,1.09,3.672295273674913
161,1.18,3.8736314272804275
161,1.27,4.064040100798003
161,1.36,4.245199363852591
161,1.45,4.418414365483132
161,1.54,4.584225273983484
161,1.63,4.742965610749965
161,1.72,4.895699224677889
161,1.81,5.043249296242212
161,1.9,5.185750652950118
161,1.99,5.323204244768474
161,2.08,5.456433962798646
161,2.17,5.586061299639225
161,2.26,5.712028772839675
161,2.35,5.834169824578472
161,2.44,5.953199660319821
161,2.53,6.069642672540481
161,2.62,6.183332478614624
161,2.71,6.294002777544077
161,2.8,6.402317246547743
161,2.89,6.507994798514839
161,2.98,6.611138232083686
161,3.07,6.712395701162601
161,3.16,6.811435597080739
161,3.25,6.9083299955052215
161,3.34,7.003722377841543
161,3.43,7.097238562581136
161,3.52,7.188927450840934
161,3.61,7.279435440305422
161,3.7,7.368350890541605
161,3.79,7.4557046791630635
161,3.88,7.5413964848813535
161,3.97,7.625725391301914
161,4.06,7.708573972974143
161,4.15,7.790241780969505
161,4.24,7.8705953464108145
161,4.33,7.949936318204967
161,4.42,8.02811598205963
161,4.51,8.105439509961274
161,4.6,8.18174352989759
161,4.69,8.25678445579376
161,4.78,8.330664435995782
161,4.87,8.403483914202885
161,4.96,8.475341903669143
161,5.05,8.546336247016242
161,5.14,8.616563863417367
161,5.23,8.686120984731886
161,5.32,8.755103382014228
161,5.41,8.823606583684015
161,5.5,8.891726086526097
161,5.59,8.959557560585564
161,5.68,9.025089467209353
161,5.77,9.088358359754462
161,5.86,9.151326830977538
161,5.95,9.21399565388324
161,6.04,9.276299086977557
161,6.13,9.338176231235355
161,6.22,9.399570737366245
161,6.31,9.460430530507496
161,6.4,9.520707551240697
161,6.49,9.580357511907168
161,6.58,9.639339667268837
161,6.67,9.697616598627294
161,6.76,9.755237372219357
161,6.85,9.812630499387163
161,6.94,9.86933761838148
161,7.03,9.92577144586589
161,7.12,9.981493247728777
161,7.21,10.036900475166998
161,7.3,10.091573139141472
161,7.39,10.145893943341997
161,7.48,10.199512507490711
161,7.57,10.252978810543675
161,7.66,10.30606309733704
161,7.75,10.35842993596332
161,7.84,10.410608206223262
161,7.93,10.462378211509504
161,8.02,10.513418775306667
161,8.11,10.564238431445236
161,8.2,10.614627052776234
161,8.29,10.664838090454037
161,8.38,10.714420834191765
161,8.47,10.763756396731182
161,8.56,10.812643702558368
161,8.65,10.86132669041329
161,8.74,10.909373283990321
161,8.83,10.957149937841224
161,8.92,11.004596458616964
161,9.01,11.05186305039181
161,9.1,11.09890393152884
161,9.19,11.145304800394054
161,9.28,11.191417930092813
161,9.37,11.237185997426595
161,9.46,11.282753646941995
161,9.55,11.32807736363424
161,9.64,11.373080847336043
161,9.73,11.417732026817069
161,9.82,11.462082099222028
161,9.91,11.50607640398889
161,10.0,11.549854159124585
162,1.0,3.45920524987467
162,1.09,3.672643953178775
162,1.18,3.873980106784294
162,1.27,4.064388780301869
162,1.36,4.2455480433564565
162,1.45,4.4187630449869975
162,1.54,4.584573953487345
162,1.63,4.743314290253827
162,1.72,4.896047904181752
162,1.81,5.043597975746075
162,1.9,5.186099332453981
162,1.99,5.323552924272338
162,2.08,5.456782642302508
162,2.17,5.586409979143086
162,2.26,5.712377452343538
162,2.35,5.834518504082333
162,2.44,5.953548339823682
162,2.53,6.069991352044342
162,2.62,6.183681158118486
162,2.71,6.29435145704794
162,2.8,6.402665926051608
162,2.89,6.508343478018702
162,2.98,6.61148691158755
162,3.07,6.712744380666464
162,3.16,6.811784276584603
162,3.25,6.908678675009083
162,3.34,7.0040710573454055
162,3.43,7.097587242085002
162,3.52,7.1892761303448
162,3.61,7.279784119809288
162,3.7,7.368699570045464
162,3.79,7.456053358666921
162,3.88,7.541745164385217
162,3.97,7.626074070805777
162,4.06,7.708922652478004
162,4.15,7.790590460473365
162,4.24,7.87094402591468
162,4.33,7.950284997708834
162,4.42,8.02846466156349
162,4.51,8.105788189465134
162,4.6,8.182092209401455
162,4.69,8.257133135297623
162,4.78,8.331013115499642
162,4.87,8.403832593706749
162,4.96,8.475690583173005
162,5.05,8.546684926520106
162,5.14,8.616912542921227
162,5.23,8.686469664235752
162,5.32,8.75545206151809
162,5.41,8.823955263187878
162,5.5,8.89207476602996
162,5.59,8.959906240089428
162,5.68,9.025438381610241
162,5.77,9.088707282202872
162,5.86,9.151675753425948
162,5.95,9.21434457633165
162,6.04,9.276648009425967
162,6.13,9.338525153683767
162,6.22,9.399919659814657
162,6.31,9.460779452955904
162,6.4,9.521056473689107
162,6.49,9.58070643435558
162,6.58,9.639688589717249
162,6.67,9.697965521075703
162,6.76,9.755586294667767
162,6.85,9.812979421835575
162,6.94,9.86968654082989
162,7.03,9.926120368314301
162,7.12,9.981842170177188
162,7.21,10.037249397615406
162,7.3,10.09192206158988
162,7.39,10.146242865790407
162,7.48,10.199861429939121
162,7.57,10.253327732992089
162,7.66,10.306412019785451
162,7.75,10.35877885841173
162,7.84,10.410957128671672
162,7.93,10.462727133957912
162,8.02,10.513767697755078
162,8.11,10.564587353893645
162,8.2,10.614975975224644
162,8.29,10.665187012902447
162,8.38,10.714769756640173
162,8.47,10.764105319179592
162,8.56,10.812992625006782
162,8.65,10.861675612861701
162,8.74,10.909722206438733
162,8.83,10.957498860289638
162,8.92,11.004945381065378
162,9.01,11.052211972840222
162,9.1,11.099252853977248
162,9.19,11.14565372284246
162,9.28,11.19176685254122
162,9.37,11.237534919875001
162,9.46,11.283102569390405
162,9.55,11.32842628608265
162,9.64,11.373429769784453
162,9.73,11.41808094926548
162,9.82,11.462431021670438
162,9.91,11.506425326437302
162,10.0,11.550203081572995
163,1.0,3.4595399821983808
163,1.09,3.6729786855024855
163,1.18,3.874314839108
163,1.27,4.064723512625576
163,1.36,4.2458827756801645
163,1.45,4.419097777310706
163,1.54,4.584908685811055
163,1.63,4.743649022577537
163,1.72,4.896382636505459
163,1.81,5.043932708069782
163,1.9,5.186434064777689
163,1.99,5.323887656596044
163,2.08,5.457117374626214
163,2.17,5.5867447114667925
163,2.26,5.712712184667245
163,2.35,5.834853236406041
163,2.44,5.953883072147391
163,2.53,6.070326084368052
163,2.62,6.184015890442194
163,2.71,6.2946861893716495
163,2.8,6.4030006583753165
163,2.89,6.508678210342412
163,2.98,6.611821643911258
163,3.07,6.713079112990172
163,3.16,6.812119008908313
163,3.25,6.909013407332795
163,3.34,7.004405789669117
163,3.43,7.097921974408706
163,3.52,7.189610862668504
163,3.61,7.280118852132992
163,3.7,7.369034302369173
163,3.79,7.456388090990631
163,3.88,7.542079896708924
163,3.97,7.626408803129483
163,4.06,7.709257384801715
163,4.15,7.790925192797077
163,4.24,7.871278758238385
163,4.33,7.950619730032539
163,4.42,8.028799393887201
163,4.51,8.106122921788845
163,4.6,8.182426941725163
163,4.69,8.25746786762133
163,4.78,8.331347847823352
163,4.87,8.404167326030457
163,4.96,8.476025315496715
163,5.05,8.547019658843812
163,5.14,8.617247275244939
163,5.23,8.686804396559458
163,5.32,8.7557867938418
163,5.41,8.824289995511586
163,5.5,8.892409498353668
163,5.59,8.960240972413136
163,5.68,9.025773339435094
163,5.77,9.089042247753346
163,5.86,9.152010718976422
163,5.95,9.214679541882123
163,6.04,9.276982974976441
163,6.13,9.33886011923424
163,6.22,9.400254625365132
163,6.31,9.461114418506378
163,6.4,9.52139143923958
163,6.49,9.581041399906054
163,6.58,9.640023555267723
163,6.67,9.698300486626179
163,6.76,9.755921260218242
163,6.85,9.813314387386049
163,6.94,9.870021506380363
163,7.03,9.926455333864777
163,7.12,9.982177135727662
163,7.21,10.037584363165882
163,7.3,10.092257027140354
163,7.39,10.146577831340878
163,7.48,10.200196395489591
163,7.57,10.25366269854256
163,7.66,10.306746985335925
163,7.75,10.359113823962204
163,7.84,10.41129209422215
163,7.93,10.463062099508388
163,8.02,10.514102663305552
163,8.11,10.564922319444118
163,8.2,10.615310940775116
163,8.29,10.665521978452919
163,8.38,10.715104722190649
163,8.47,10.764440284730062
163,8.56,10.813327590557254
163,8.65,10.862010578412175
163,8.74,10.910057171989205
163,8.83,10.957833825840112
163,8.92,11.005280346615852
163,9.01,11.052546938390698
163,9.1,11.099587819527724
163,9.19,11.145988688392935
163,9.28,11.192101818091697
163,9.37,11.237869885425477
163,9.46,11.28343753494088
163,9.55,11.328761251633122
163,9.64,11.373764735334925
163,9.73,11.41841591481595
163,9.82,11.462765987220909
163,9.91,11.506760291987773
163,10.0,11.550538047123469
164,1.0,3.4598613252291406
164,1.09,3.673300028533246
164,1.18,3.8746361821387616
164,1.27,4.065044855656337
164,1.36,4.246204118710923
164,1.45,4.419419120341465
164,1.54,4.5852300288418135
164,1.63,4.743970365608295
164,1.72,4.896703979536217
164,1.81,5.044254051100539
164,1.9,5.186755407808448
164,1.99,5.324208999626804
164,2.08,5.457438717656975
164,2.17,5.587066054497554
164,2.26,5.713033527698005
164,2.35,5.835174579436803
164,2.44,5.954204415178152
164,2.53,6.0706474273988125
164,2.62,6.184337233472956
164,2.71,6.295007532402409
164,2.8,6.403322001406076
164,2.89,6.508999553373173
164,2.98,6.61214298694202
164,3.07,6.713400456020936
164,3.16,6.8124403519390695
164,3.25,6.90933475036355
164,3.34,7.004727132699872
164,3.43,7.098243317439468
164,3.52,7.189932205699265
164,3.61,7.280440195163753
164,3.7,7.369355645399931
164,3.79,7.456709434021389
164,3.88,7.542401239739686
164,3.97,7.626730146160246
164,4.06,7.709578727832472
164,4.15,7.791246535827834
164,4.24,7.8716001012691486
164,4.33,7.950941073063302
164,4.42,8.02912073691796
164,4.51,8.106444264819604
164,4.6,8.182748284755922
164,4.69,8.25778921065209
164,4.78,8.331669190854113
164,4.87,8.404488669061218
164,4.96,8.476346658527472
164,5.05,8.547341001874575
164,5.14,8.617568618275696
164,5.23,8.68712573959022
164,5.32,8.756108136872559
164,5.41,8.824611338542347
164,5.5,8.892730841384429
164,5.59,8.960562315443896
164,5.68,9.026094898946953
164,5.77,9.0893638146818
164,5.86,9.152332285904876
164,5.95,9.21500110881058
164,6.04,9.277304541904895
164,6.13,9.339181686162695
164,6.22,9.400576192293586
164,6.31,9.461435985434836
164,6.4,9.521713006168033
164,6.49,9.581362966834508
164,6.58,9.640345122196178
164,6.67,9.698622053554633
164,6.76,9.756242827146696
164,6.85,9.813635954314504
164,6.94,9.87034307330882
164,7.03,9.92677690079323
164,7.12,9.982498702656116
164,7.21,10.037905930094338
164,7.3,10.09257859406881
164,7.39,10.146899398269335
164,7.48,10.200517962418049
164,7.57,10.253984265471015
164,7.66,10.307068552264376
164,7.75,10.359435390890656
164,7.84,10.411613661150602
164,7.93,10.463383666436844
164,8.02,10.514424230234006
164,8.11,10.565243886372576
164,8.2,10.615632507703571
164,8.29,10.665843545381374
164,8.38,10.715426289119105
164,8.47,10.764761851658518
164,8.56,10.813649157485706
164,8.65,10.862332145340629
164,8.74,10.910378738917663
164,8.83,10.958155392768562
164,8.92,11.005601913544302
164,9.01,11.052868505319152
164,9.1,11.09990938645618
164,9.19,11.146310255321389
164,9.28,11.19242338502015
164,9.37,11.238191452353933
164,9.46,11.283759101869336
164,9.55,11.329082818561577
164,9.64,11.37408630226338
164,9.73,11.418737481744406
164,9.82,11.463087554149368
164,9.91,11.507081858916228
164,10.0,11.550859614051927
165,1.0,3.460169814538669
165,1.09,3.6736085178427746
165,1.18,3.87494467144829
165,1.27,4.065353344965865
165,1.36,4.246512608020451
165,1.45,4.419727609650992
165,1.54,4.585538518151342
165,1.63,4.744278854917824
165,1.72,4.897012468845748
165,1.81,5.0445625404100705
165,1.9,5.187063897117977
165,1.99,5.324517488936335
165,2.08,5.457747206966506
165,2.17,5.587374543807084
165,2.26,5.713342017007536
165,2.35,5.835483068746332
165,2.44,5.9545129044876814
165,2.53,6.070955916708342
165,2.62,6.184645722782487
165,2.71,6.295316021711941
165,2.8,6.403630490715609
165,2.89,6.509308042682699
165,2.98,6.612451476251546
165,3.07,6.713708945330461
165,3.16,6.812748841248601
165,3.25,6.909643239673081
165,3.34,7.005035622009403
165,3.43,7.098551806748995
165,3.52,7.190240695008793
165,3.61,7.280748684473281
165,3.7,7.369664134709463
165,3.79,7.457017923330921
165,3.88,7.542709729049212
165,3.97,7.6270386354697735
165,4.06,7.709887217142005
165,4.15,7.791555025137367
165,4.24,7.871908590578677
165,4.33,7.951249562372831
165,4.42,8.029429226227489
165,4.51,8.106752754129133
165,4.6,8.183056774065452
165,4.69,8.25809769996162
165,4.78,8.331977680163643
165,4.87,8.404797158370744
165,4.96,8.476655147837004
165,5.05,8.547649491184101
165,5.14,8.617877107585228
165,5.23,8.687434228899749
165,5.32,8.756416626182089
165,5.41,8.824919827851877
165,5.5,8.89303933069396
165,5.59,8.960870804753426
165,5.68,9.026403596078337
165,5.77,9.089672518933117
165,5.86,9.152640990156193
165,5.95,9.215309813061895
165,6.04,9.277613246156214
165,6.13,9.33949039041401
165,6.22,9.400884896544902
165,6.31,9.461744689686151
165,6.4,9.522021710419352
165,6.49,9.581671671085823
165,6.58,9.640653826447494
165,6.67,9.69893075780595
165,6.76,9.756551531398014
165,6.85,9.81394465856582
165,6.94,9.870651777560136
165,7.03,9.927085605044548
165,7.12,9.982807406907435
165,7.21,10.038214634345655
165,7.3,10.092887298320125
165,7.39,10.147208102520652
165,7.48,10.200826666669366
165,7.57,10.254292969722332
165,7.66,10.307377256515695
165,7.75,10.359744095141975
165,7.84,10.411922365401919
165,7.93,10.463692370688156
165,8.02,10.51473293448532
165,8.11,10.565552590623891
165,8.2,10.615941211954889
165,8.29,10.666152249632692
165,8.38,10.71573499337042
165,8.47,10.765070555909837
165,8.56,10.813957861737023
165,8.65,10.862640849591946
165,8.74,10.91068744316898
165,8.83,10.958464097019881
165,8.92,11.005910617795621
165,9.01,11.053177209570466
165,9.1,11.100218090707495
165,9.19,11.146618959572708
165,9.28,11.192732089271463
165,9.37,11.238500156605244
165,9.46,11.284067806120653
165,9.55,11.329391522812895
165,9.64,11.374395006514698
165,9.73,11.419046185995722
165,9.82,11.463396258400683
165,9.91,11.507390563167545
165,10.0,11.551168318303244
166,1.0,3.4604659642758158
166,1.09,3.6739046675799205
166,1.18,3.875240821185437
166,1.27,4.065649494703012
166,1.36,4.246808757757601
166,1.45,4.420023759388141
166,1.54,4.5858346678884905
166,1.63,4.7445750046549735
166,1.72,4.897308618582898
166,1.81,5.04485869014722
166,1.9,5.187360046855127
166,1.99,5.324813638673484
166,2.08,5.458043356703653
166,2.17,5.587670693544233
166,2.26,5.713638166744685
166,2.35,5.835779218483483
166,2.44,5.954809054224833
166,2.53,6.071252066445493
166,2.62,6.184941872519632
166,2.71,6.295612171449085
166,2.8,6.403926640452752
166,2.89,6.509604192419849
166,2.98,6.612747625988695
166,3.07,6.714005095067611
166,3.16,6.8130449909857465
166,3.25,6.909939389410228
166,3.34,7.00533177174655
166,3.43,7.0988479564861455
166,3.52,7.190536844745943
166,3.61,7.281044834210431
166,3.7,7.369960284446608
166,3.79,7.4573140730680665
166,3.88,7.5430058787863645
166,3.97,7.627334785206925
166,4.06,7.710183366879152
166,4.15,7.791851174874514
166,4.24,7.872204740315825
166,4.33,7.951545712109978
166,4.42,8.029725375964638
166,4.51,8.107048903866282
166,4.6,8.183352923802602
166,4.69,8.25839384969877
166,4.78,8.332273829900787
166,4.87,8.405093308107896
166,4.96,8.47695129757415
166,5.05,8.547945640921252
166,5.14,8.618173257322375
166,5.23,8.687730378636896
166,5.32,8.756712775919238
166,5.41,8.825215977589025
166,5.5,8.893335480431107
166,5.59,8.961166954490574
166,5.68,9.026699945324465
166,5.77,9.089968875014382
166,5.86,9.152937346237458
166,5.95,9.21560616914316
166,6.04,9.277909602237477
166,6.13,9.339786746495276
166,6.22,9.401181252626165
166,6.31,9.462041045767414
166,6.4,9.522318066500615
166,6.49,9.58196802716709
166,6.58,9.640950182528757
166,6.67,9.699227113887213
166,6.76,9.756847887479276
166,6.85,9.814241014647084
166,6.94,9.8709481336414
166,7.03,9.92738196112581
166,7.12,9.983103762988698
166,7.21,10.03851099042692
166,7.3,10.093183654401392
166,7.39,10.147504458601917
166,7.48,10.20112302275063
166,7.57,10.254589325803595
166,7.66,10.30767361259696
166,7.75,10.36004045122324
166,7.84,10.412218721483184
166,7.93,10.463988726769422
166,8.02,10.515029290566586
166,8.11,10.565848946705156
166,8.2,10.616237568036148
166,8.29,10.666448605713951
166,8.38,10.716031349451681
166,8.47,10.7653669119911
166,8.56,10.814254217818288
166,8.65,10.86293720567321
166,8.74,10.910983799250243
166,8.83,10.958760453101148
166,8.92,11.006206973876887
166,9.01,11.05347356565173
166,9.1,11.10051444678876
166,9.19,11.146915315653972
166,9.28,11.193028445352729
166,9.37,11.23879651268651
166,9.46,11.284364162201914
166,9.55,11.329687878894157
166,9.64,11.37469136259596
166,9.73,11.419342542076988
166,9.82,11.463692614481943
166,9.91,11.507686919248806
166,10.0,11.551464674384508
167,1.0,3.46075026802348
167,1.09,3.6741889713275837
167,1.18,3.8755251249331
167,1.27,4.0659337984506765
167,1.36,4.2470930615052644
167,1.45,4.420308063135805
167,1.54,4.586118971636154
167,1.63,4.744859308402636
167,1.72,4.897592922330559
167,1.81,5.045142993894882
167,1.9,5.187644350602791
167,1.99,5.325097942421149
167,2.08,5.458327660451319
167,2.17,5.587954997291898
167,2.26,5.713922470492345
167,2.35,5.836063522231141
167,2.44,5.9550933579724905
167,2.53,6.071536370193151
167,2.62,6.185226176267296
167,2.71,6.295896475196749
167,2.8,6.404210944200417
167,2.89,6.509888496167509
167,2.98,6.613031929736357
167,3.07,6.714289398815271
167,3.16,6.813329294733411
167,3.25,6.910223693157892
167,3.34,7.005616075494214
167,3.43,7.099132260233805
167,3.52,7.190821148493604
167,3.61,7.281329137958092
167,3.7,7.370244588194274
167,3.79,7.4575983768157315
167,3.88,7.543290182534025
167,3.97,7.627619088954586
167,4.06,7.710467670626814
167,4.15,7.792135478622176
167,4.24,7.872489044063488
167,4.33,7.951830015857642
167,4.42,8.030009679712302
167,4.51,8.107333207613946
167,4.6,8.183637227550264
167,4.69,8.258678153446427
167,4.78,8.332558133648453
167,4.87,8.405377611855556
167,4.96,8.477235601321816
167,5.05,8.548229944668915
167,5.14,8.618457561070038
167,5.23,8.68801468238456
167,5.32,8.756997079666899
167,5.41,8.825500281336687
167,5.5,8.89361978417877
167,5.59,8.961451258238236
167,5.68,9.026984440600748
167,5.77,9.090253376852395
167,5.86,9.153221848075471
167,5.95,9.215890670981173
167,6.04,9.27819410407549
167,6.13,9.34007124833329
167,6.22,9.401465754464182
167,6.31,9.462325547605426
167,6.4,9.522602568338627
167,6.49,9.582252529005101
167,6.58,9.641234684366772
167,6.67,9.699511615725227
167,6.76,9.75713238931729
167,6.85,9.814525516485096
167,6.94,9.871232635479412
167,7.03,9.927666462963826
167,7.12,9.983388264826711
167,7.21,10.038795492264931
167,7.3,10.093468156239403
167,7.39,10.14778896043993
167,7.48,10.201407524588644
167,7.57,10.25487382764161
167,7.66,10.307958114434975
167,7.75,10.360324953061253
167,7.84,10.412503223321195
167,7.93,10.464273228607436
167,8.02,10.515313792404601
167,8.11,10.56613344854317
167,8.2,10.616522069874165
167,8.29,10.666733107551968
167,8.38,10.716315851289696
167,8.47,10.765651413829113
167,8.56,10.814538719656298
167,8.65,10.863221707511219
167,8.74,10.911268301088253
167,8.83,10.95904495493916
167,8.92,11.006491475714899
167,9.01,11.053758067489746
167,9.1,11.100798948626773
167,9.19,11.147199817491984
167,9.28,11.193312947190746
167,9.37,11.239081014524526
167,9.46,11.284648664039928
167,9.55,11.32997238073217
167,9.64,11.374975864433974
167,9.73,11.419627043915002
167,9.82,11.463977116319958
167,9.91,11.507971421086822
167,10.0,11.551749176222518
168,1.0,3.461023199621237
168,1.09,3.6744619029253416
168,1.18,3.875798056530856
168,1.27,4.066206730048432
168,1.36,4.24736599310302
168,1.45,4.420580994733561
168,1.54,4.5863919032339115
168,1.63,4.745132240000395
168,1.72,4.897865853928318
168,1.81,5.045415925492641
168,1.9,5.1879172822005435
168,1.99,5.3253708740189
168,2.08,5.458600592049071
168,2.17,5.5882279288896495
168,2.26,5.714195402090102
168,2.35,5.836336453828899
168,2.44,5.955366289570248
168,2.53,6.071809301790909
168,2.62,6.185499107865049
168,2.71,6.296169406794504
168,2.8,6.404483875798171
168,2.89,6.510161427765268
168,2.98,6.613304861334114
168,3.07,6.714562330413029
168,3.16,6.813602226331164
168,3.25,6.9104966247556465
168,3.34,7.005889007091969
168,3.43,7.099405191831564
168,3.52,7.191094080091362
168,3.61,7.281602069555849
168,3.7,7.3705175197920285
168,3.79,7.457871308413487
168,3.88,7.543563114131781
168,3.97,7.627892020552341
168,4.06,7.71074060222457
168,4.15,7.792408410219933
168,4.24,7.872761975661246
168,4.33,7.9521029474553995
168,4.42,8.030282611310058
168,4.51,8.107606139211702
168,4.6,8.183910159148015
168,4.69,8.258951085044187
168,4.78,8.332831065246207
168,4.87,8.405650543453316
168,4.96,8.477508532919572
168,5.05,8.54850287626667
168,5.14,8.618730492667794
168,5.23,8.688287613982315
168,5.32,8.757270011264655
168,5.41,8.825773212934443
168,5.5,8.893892715776525
168,5.59,8.961724189835993
168,5.68,9.02725755606598
168,5.77,9.090526498616889
168,5.86,9.153494969839965
168,5.95,9.216163792745666
168,6.04,9.278467225839984
168,6.13,9.340344370097782
168,6.22,9.401738876228674
168,6.31,9.462598669369923
168,6.4,9.522875690103119
168,6.49,9.582525650769593
168,6.58,9.641507806131264
168,6.67,9.69978473748972
168,6.76,9.757405511081783
168,6.85,9.81479863824959
168,6.94,9.871505757243906
168,7.03,9.927939584728316
168,7.12,9.983661386591203
168,7.21,10.039068614029427
168,7.3,10.093741278003897
168,7.39,10.148062082204422
168,7.48,10.201680646353136
168,7.57,10.255146949406102
168,7.66,10.308231236199466
168,7.75,10.360598074825747
168,7.84,10.41277634508569
168,7.93,10.464546350371931
168,8.02,10.515586914169093
168,8.11,10.566406570307661
168,8.2,10.616795191638657
168,8.29,10.66700622931646
168,8.38,10.716588973054192
168,8.47,10.765924535593607
168,8.56,10.814811841420795
168,8.65,10.863494829275716
168,8.74,10.911541422852748
168,8.83,10.959318076703653
168,8.92,11.006764597479393
168,9.01,11.054031189254234
168,9.1,11.101072070391261
168,9.19,11.147472939256474
168,9.28,11.193586068955236
168,9.37,11.239354136289018
168,9.46,11.284921785804421
168,9.55,11.330245502496664
168,9.64,11.375248986198468
168,9.73,11.419900165679493
168,9.82,11.464250238084455
168,9.91,11.508244542851315
168,10.0,11.552022297987012
169,1.0,3.4612852139550814
169,1.09,3.674723917259186
169,1.18,3.876060070864704
169,1.27,4.066468744382281
169,1.36,4.247628007436868
169,1.45,4.42084300906741
169,1.54,4.586653917567754
169,1.63,4.7453942543342365
169,1.72,4.89812786826216
169,1.81,5.045677939826483
169,1.9,5.188179296534391
169,1.99,5.3256328883527475
169,2.08,5.458862606382918
169,2.17,5.588489943223497
169,2.26,5.7144574164239454
169,2.35,5.836598468162743
169,2.44,5.955628303904092
169,2.53,6.072071316124752
169,2.62,6.1857611221988975
169,2.71,6.296431421128351
169,2.8,6.404745890132019
169,2.89,6.5104234420991105
169,2.98,6.613566875667958
169,3.07,6.714824344746873
169,3.16,6.813864240665013
169,3.25,6.910758639089494
169,3.34,7.006151021425816
169,3.43,7.0996672061654085
169,3.52,7.191356094425207
169,3.61,7.281864083889695
169,3.7,7.370779534125875
169,3.79,7.458133322747332
169,3.88,7.543825128465627
169,3.97,7.6281540348861885
169,4.06,7.711002616558418
169,4.15,7.79267042455378
169,4.24,7.873023989995091
169,4.33,7.952364961789245
169,4.42,8.030544625643898
169,4.51,8.107868153545542
169,4.6,8.184172173481864
169,4.69,8.259213099378032
169,4.78,8.333093079580056
169,4.87,8.405912557787161
169,4.96,8.477770547253417
169,5.05,8.548764890600516
169,5.14,8.61899250700164
169,5.23,8.68854962831616
169,5.32,8.757532025598502
169,5.41,8.826035227268289
169,5.5,8.89415473011037
169,5.59,8.961986204169838
169,5.68,9.027519746912603
169,5.77,9.090788695510803
169,5.86,9.153757166733879
169,5.95,9.21642598963958
169,6.04,9.278729422733898
169,6.13,9.340606566991696
169,6.22,9.402001073122586
169,6.31,9.462860866263835
169,6.4,9.523137886997036
169,6.49,9.582787847663505
169,6.58,9.641770003025176
169,6.67,9.700046934383632
169,6.76,9.757667707975695
169,6.85,9.815060835143504
169,6.94,9.87176795413782
169,7.03,9.92820178162223
169,7.12,9.983923583485117
169,7.21,10.039330810923337
169,7.3,10.094003474897809
169,7.39,10.148324279098338
169,7.48,10.201942843247052
169,7.57,10.255409146300016
169,7.66,10.308493433093378
169,7.75,10.360860271719659
169,7.84,10.413038541979603
169,7.93,10.464808547265843
169,8.02,10.515849111063007
169,8.11,10.566668767201577
169,8.2,10.617057388532572
169,8.29,10.667268426210375
169,8.38,10.716851169948104
169,8.47,10.766186732487519
169,8.56,10.815074038314705
169,8.65,10.863757026169628
169,8.74,10.911803619746664
169,8.83,10.959580273597567
169,8.92,11.007026794373306
169,9.01,11.054293386148151
169,9.1,11.101334267285178
169,9.19,11.14773513615039
169,9.28,11.19384826584915
169,9.37,11.239616333182932
169,9.46,11.285183982698332
169,9.55,11.330507699390573
169,9.64,11.375511183092376
169,9.73,11.420162362573404
169,9.82,11.464512434978365
169,9.91,11.508506739745227
169,10.0,11.552284494880926
170,1.0,3.4615367477155754
170,1.09,3.674975451019681
170,1.18,3.876311604625193
170,1.27,4.0667202781427685
170,1.36,4.2478795411973564
170,1.45,4.421094542827897
170,1.54,4.5869054513282475
170,1.63,4.74564578809473
170,1.72,4.898379402022653
170,1.81,5.045929473586976
170,1.9,5.18843083029488
170,1.99,5.325884422113237
170,2.08,5.459114140143408
170,2.17,5.588741476983987
170,2.26,5.7147089501844395
170,2.35,5.836850001923237
170,2.44,5.955879837664586
170,2.53,6.072322849885246
170,2.62,6.186012655959387
170,2.71,6.296682954888841
170,2.8,6.4049974238925085
170,2.89,6.510674975859605
170,2.98,6.613818409428451
170,3.07,6.715075878507366
170,3.16,6.814115774425503
170,3.25,6.911010172849986
170,3.34,7.006402555186307
170,3.43,7.099918739925901
170,3.52,7.191607628185698
170,3.61,7.282115617650186
170,3.7,7.371031067886366
170,3.79,7.458384856507825
170,3.88,7.5440766622261215
170,3.97,7.628405568646682
170,4.06,7.71125415031891
170,4.15,7.792921958314271
170,4.24,7.873275523755578
170,4.33,7.952616495549732
170,4.42,8.030796159404394
170,4.51,8.108119687306038
170,4.6,8.184423707242356
170,4.69,8.259464633138526
170,4.78,8.333344613340548
170,4.87,8.406164091547653
170,4.96,8.47802208101391
170,5.05,8.549016424361007
170,5.14,8.61924404076213
170,5.23,8.688801162076654
170,5.32,8.757783559358993
170,5.41,8.826286761028781
170,5.5,8.894406263870863
170,5.59,8.96223773793033
170,5.68,9.02777145012536
170,5.77,9.09104040452896
170,5.86,9.154008875752035
170,5.95,9.216677698657737
170,6.04,9.278981131752055
170,6.13,9.340858276009854
170,6.22,9.402252782140744
170,6.31,9.46311257528199
170,6.4,9.523389596015193
170,6.49,9.583039556681666
170,6.58,9.64202171204333
170,6.67,9.700298643401789
170,6.76,9.757919416993852
170,6.85,9.81531254416166
170,6.94,9.872019663155974
170,7.03,9.928453490640388
170,7.12,9.984175292503274
170,7.21,10.039582519941494
170,7.3,10.094255183915966
170,7.39,10.148575988116491
170,7.48,10.202194552265205
170,7.57,10.25566085531817
170,7.66,10.308745142111539
170,7.75,10.361111980737817
170,7.84,10.41329025099776
170,7.93,10.465060256283998
170,8.02,10.516100820081164
170,8.11,10.566920476219732
170,8.2,10.617309097550729
170,8.29,10.667520135228532
170,8.38,10.71710287896626
170,8.47,10.766438441505677
170,8.56,10.815325747332864
170,8.65,10.864008735187786
170,8.74,10.912055328764819
170,8.83,10.959831982615722
170,8.92,11.007278503391461
170,9.01,11.054545095166306
170,9.1,11.101585976303333
170,9.19,11.147986845168548
170,9.28,11.194099974867308
170,9.37,11.239868042201088
170,9.46,11.28543569171649
170,9.55,11.330759408408735
170,9.64,11.375762892110538
170,9.73,11.420414071591562
170,9.82,11.464764143996522
170,9.91,11.508758448763386
170,10.0,11.552536203899079
171,1.0,3.4617782201256446
171,1.09,3.6752169234297494
171,1.18,3.8765530770352665
171,1.27,4.066961750552842
171,1.36,4.248121013607429
171,1.45,4.421336015237971
171,1.54,4.587146923738318
171,1.63,4.7458872605048
171,1.72,4.898620874432723
171,1.81,5.046170945997047
171,1.9,5.188672302704955
171,1.99,5.326125894523312
171,2.08,5.459355612553482
171,2.17,5.588982949394061
171,2.26,5.71495042259451
171,2.35,5.837091474333307
171,2.44,5.956121310074656
171,2.53,6.0725643222953165
171,2.62,6.186254128369462
171,2.71,6.296924427298915
171,2.8,6.405238896302582
171,2.89,6.510916448269676
171,2.98,6.614059881838524
171,3.07,6.715317350917438
171,3.16,6.814357246835576
171,3.25,6.911251645260057
171,3.34,7.006644027596379
171,3.43,7.100160212335973
171,3.52,7.191849100595772
171,3.61,7.28235709006026
171,3.7,7.371272540296442
171,3.79,7.458626328917899
171,3.88,7.5443181346361925
171,3.97,7.6286470410567535
171,4.06,7.711495622728977
171,4.15,7.793163430724339
171,4.24,7.8735169961656535
171,4.33,7.952857967959807
171,4.42,8.031037631814465
171,4.51,8.10836115971611
171,4.6,8.18466517965243
171,4.69,8.259706105548599
171,4.78,8.333586085750621
171,4.87,8.406405563957724
171,4.96,8.478263553423979
171,5.05,8.549257896771078
171,5.14,8.619485513172204
171,5.23,8.689042634486725
171,5.32,8.758025031769066
171,5.41,8.826528233438854
171,5.5,8.894647736280936
171,5.59,8.962479210340403
171,5.68,9.028013085209608
171,5.77,9.09128204518639
171,5.86,9.154250516409466
171,5.95,9.216919339315167
171,6.04,9.279222772409485
171,6.13,9.341099916667284
171,6.22,9.402494422798176
171,6.31,9.463354215939422
171,6.4,9.523631236672621
171,6.49,9.583281197339096
171,6.58,9.642263352700764
171,6.67,9.700540284059217
171,6.76,9.75816105765128
171,6.85,9.81555418481909
171,6.94,9.872261303813406
171,7.03,9.928695131297818
171,7.12,9.984416933160704
171,7.21,10.039824160598926
171,7.3,10.094496824573397
171,7.39,10.148817628773923
171,7.48,10.202436192922637
171,7.57,10.255902495975603
171,7.66,10.308986782768965
171,7.75,10.361353621395244
171,7.84,10.413531891655188
171,7.93,10.465301896941432
171,8.02,10.516342460738596
171,8.11,10.567162116877162
171,8.2,10.617550738208157
171,8.29,10.66776177588596
171,8.38,10.71734451962369
171,8.47,10.766680082163107
171,8.56,10.815567387990296
171,8.65,10.864250375845216
171,8.74,10.912296969422249
171,8.83,10.960073623273153
171,8.92,11.007520144048893
171,9.01,11.054786735823738
171,9.1,11.101827616960765
171,9.19,11.148228485825976
171,9.28,11.194341615524737
171,9.37,11.240109682858517
171,9.46,11.285677332373918
171,9.55,11.331001049066163
171,9.64,11.376004532767967
171,9.73,11.420655712248994
171,9.82,11.465005784653954
171,9.91,11.509000089420816
171,10.0,11.55277784455651
172,1.0,3.4620100336393147
172,1.09,3.6754487369434203
172,1.18,3.876784890548934
172,1.27,4.06719356406651
172,1.36,4.248352827121097
172,1.45,4.421567828751639
172,1.54,4.5873787372519885
172,1.63,4.746119074018471
172,1.72,4.898852687946395
172,1.81,5.046402759510717
172,1.9,5.188904116218622
172,1.99,5.326357708036979
172,2.08,5.4595874260671495
172,2.17,5.589214762907728
172,2.26,5.715182236108181
172,2.35,5.837323287846978
172,2.44,5.956353123588327
172,2.53,6.0727961358089875
172,2.62,6.18648594188313
172,2.71,6.297156240812584
172,2.8,6.405470709816251
172,2.89,6.511148261783346
172,2.98,6.614291695352192
172,3.07,6.715549164431107
172,3.16,6.814589060349245
172,3.25,6.911483458773728
172,3.34,7.00687584111005
172,3.43,7.1003920258496445
172,3.52,7.192080914109443
172,3.61,7.282588903573931
172,3.7,7.371504353810109
172,3.79,7.458858142431567
172,3.88,7.544549948149857
172,3.97,7.628878854570418
172,4.06,7.71172743624265
172,4.15,7.793395244238011
172,4.24,7.873748809679322
172,4.33,7.953089781473476
172,4.42,8.031269445328137
172,4.51,8.108592973229781
172,4.6,8.1848969931661
172,4.69,8.259937919062269
172,4.78,8.333817899264288
172,4.87,8.406637377471391
172,4.96,8.478495366937647
172,5.05,8.54948971028475
172,5.14,8.619717326685873
172,5.23,8.689274448000395
172,5.32,8.758256845282736
172,5.41,8.826760046952524
172,5.5,8.894879549794606
172,5.59,8.962711023854073
172,5.68,9.028245054890485
172,5.77,9.091514020217522
172,5.86,9.154482491440598
172,5.95,9.217151314346301
172,6.04,9.279454747440617
172,6.13,9.341331891698417
172,6.22,9.402726397829309
172,6.31,9.463586190970558
172,6.4,9.523863211703755
172,6.49,9.583513172370228
172,6.58,9.642495327731899
172,6.67,9.700772259090353
172,6.76,9.758393032682417
172,6.85,9.815786159850221
172,6.94,9.872493278844537
172,7.03,9.92892710632895
172,7.12,9.984648908191838
172,7.21,10.040056135630058
172,7.3,10.09472879960453
172,7.39,10.149049603805057
172,7.48,10.202668167953771
172,7.57,10.256134471006737
172,7.66,10.3092187578001
172,7.75,10.36158559642638
172,7.84,10.413763866686322
172,7.93,10.46553387197256
172,8.02,10.516574435769725
172,8.11,10.567394091908293
172,8.2,10.617782713239293
172,8.29,10.667993750917097
172,8.38,10.717576494654825
172,8.47,10.76691205719424
172,8.56,10.815799363021426
172,8.65,10.864482350876349
172,8.74,10.912528944453381
172,8.83,10.960305598304286
172,8.92,11.007752119080026
172,9.01,11.055018710854872
172,9.1,11.102059591991898
172,9.19,11.14846046085711
172,9.28,11.194573590555871
172,9.37,11.240341657889653
172,9.46,11.285909307405053
172,9.55,11.331233024097298
172,9.64,11.376236507799101
172,9.73,11.420887687280127
172,9.82,11.465237759685087
172,9.91,11.509232064451947
172,10.0,11.553009819587643
173,1.0,3.462232574612435
173,1.09,3.6756712779165417
173,1.18,3.877007431522058
173,1.27,4.067416105039634
173,1.36,4.2485753680942215
173,1.45,4.4217903697247625
173,1.54,4.58760127822511
173,1.63,4.746341614991592
173,1.72,4.899075228919515
173,1.81,5.046625300483838
173,1.9,5.189126657191747
173,1.99,5.326580249010103
173,2.08,5.4598099670402735
173,2.17,5.589437303880852
173,2.26,5.715404777081303
173,2.35,5.8375458288201
173,2.44,5.956575664561449
173,2.53,6.07301867678211
173,2.62,6.186708482856252
173,2.71,6.2973787817857065
173,2.8,6.405693250789374
173,2.89,6.511370802756469
173,2.98,6.614514236325316
173,3.07,6.715771705404231
173,3.16,6.81481160132237
173,3.25,6.911705999746852
173,3.34,7.007098382083174
173,3.43,7.100614566822766
173,3.52,7.192303455082564
173,3.61,7.282811444547052
173,3.7,7.371726894783228
173,3.79,7.459080683404686
173,3.88,7.544772489122983
173,3.97,7.629101395543544
173,4.06,7.711949977215771
173,4.15,7.793617785211133
173,4.24,7.873971350652447
173,4.33,7.9533123224466005
173,4.42,8.03149198630126
173,4.51,8.108815514202904
173,4.6,8.185119534139224
173,4.69,8.260160460035388
173,4.78,8.334040440237409
173,4.87,8.406859918444514
173,4.96,8.478717907910772
173,5.05,8.549712251257871
173,5.14,8.619939867658996
173,5.23,8.689496988973518
173,5.32,8.758479386255859
173,5.41,8.826982587925647
173,5.5,8.895102090767729
173,5.59,8.962933564827196
173,5.68,9.028467745784127
173,5.77,9.091736716247409
173,5.86,9.154705187470485
173,5.95,9.217374010376188
173,6.04,9.279677443470506
173,6.13,9.341554587728304
173,6.22,9.402949093859196
173,6.31,9.463808887000445
173,6.4,9.524085907733646
173,6.49,9.583735868400117
173,6.58,9.642718023761786
173,6.67,9.700994955120242
173,6.76,9.758615728712305
173,6.85,9.816008855880112
173,6.94,9.872715974874428
173,7.03,9.929149802358836
173,7.12,9.984871604221723
173,7.21,10.040278831659945
173,7.3,10.094951495634419
173,7.39,10.149272299834944
173,7.48,10.202890863983658
173,7.57,10.256357167036624
173,7.66,10.309441453829988
173,7.75,10.361808292456269
173,7.84,10.413986562716213
173,7.93,10.465756568002451
173,8.02,10.516797131799615
173,8.11,10.567616787938183
173,8.2,10.618005409269177
173,8.29,10.66821644694698
173,8.38,10.71779919068471
173,8.47,10.767134753224125
173,8.56,10.816022059051317
173,8.65,10.86470504690624
173,8.74,10.912751640483272
173,8.83,10.960528294334173
173,8.92,11.007974815109913
173,9.01,11.055241406884758
173,9.1,11.102282288021787
173,9.19,11.148683156886998
173,9.28,11.194796286585758
173,9.37,11.24056435391954
173,9.46,11.286132003434943
173,9.55,11.331455720127185
173,9.64,11.376459203828988
173,9.73,11.421110383310015
173,9.82,11.465460455714975
173,9.91,11.509454760481837
173,10.0,11.553232515617532
174,1.0,3.4624462139466354
174,1.09,3.67588491725074
174,1.18,3.8772210708562547
174,1.27,4.06762974437383
174,1.36,4.248789007428417
174,1.45,4.422004009058958
174,1.54,4.587814917559309
174,1.63,4.7465552543257905
174,1.72,4.899288868253715
174,1.81,5.046838939818037
174,1.9,5.189340296525944
174,1.99,5.326793888344301
174,2.08,5.460023606374471
174,2.17,5.58965094321505
174,2.26,5.7156184164155
174,2.35,5.837759468154298
174,2.44,5.956789303895647
174,2.53,6.073232316116307
174,2.62,6.186922122190451
174,2.71,6.297592421119905
174,2.8,6.405906890123573
174,2.89,6.511584442090668
174,2.98,6.614727875659515
174,3.07,6.715985344738431
174,3.16,6.815025240656566
174,3.25,6.911919639081049
174,3.34,7.007312021417371
174,3.43,7.10082820615696
174,3.52,7.1925170944167585
174,3.61,7.283025083881246
174,3.7,7.371940534117428
174,3.79,7.459294322738886
174,3.88,7.54498612845718
174,3.97,7.62931503487774
174,4.06,7.7121636165499705
174,4.15,7.793831424545333
174,4.24,7.874184989986645
174,4.33,7.953525961780799
174,4.42,8.031705625635459
174,4.51,8.109029153537103
174,4.6,8.185333173473419
174,4.69,8.260374099369585
174,4.78,8.334254079571606
174,4.87,8.407073557778713
174,4.96,8.478931547244969
174,5.05,8.54992589059207
174,5.14,8.620153506993194
174,5.23,8.689710628307717
174,5.32,8.758693025590057
174,5.41,8.827196227259845
174,5.5,8.895315730101926
174,5.59,8.963147204161393
174,5.68,9.028681529042023
174,5.77,9.0919505044361
174,5.86,9.154918975659177
174,5.95,9.21758779856488
174,6.04,9.279891231659198
174,6.13,9.341768375916997
174,6.22,9.403162882047887
174,6.31,9.464022675189137
174,6.4,9.524299695922338
174,6.49,9.583949656588812
174,6.58,9.64293181195048
174,6.67,9.701208743308934
174,6.76,9.758829516900997
174,6.85,9.816222644068805
174,6.94,9.872929763063121
174,7.03,9.929363590547531
174,7.12,9.985085392410419
174,7.21,10.040492619848635
174,7.3,10.095165283823109
174,7.39,10.149486088023636
174,7.48,10.20310465217235
174,7.57,10.256570955225317
174,7.66,10.30965524201868
174,7.75,10.36202208064496
174,7.84,10.414200350904904
174,7.93,10.465970356191143
174,8.02,10.517010919988309
174,8.11,10.567830576126877
174,8.2,10.618219197457872
174,8.29,10.668430235135675
174,8.38,10.718012978873405
174,8.47,10.76734854141282
174,8.56,10.816235847240005
174,8.65,10.864918835094928
174,8.74,10.91296542867196
174,8.83,10.960742082522863
174,8.92,11.008188603298603
174,9.01,11.055455195073453
174,9.1,11.10249607621048
174,9.19,11.148896945075693
174,9.28,11.19501007477445
174,9.37,11.240778142108232
174,9.46,11.286345791623631
174,9.55,11.331669508315878
174,9.64,11.376672992017681
174,9.73,11.421324171498707
174,9.82,11.465674243903667
174,9.91,11.509668548670529
174,10.0,11.553446303806227
175,1.0,3.462651307707463
175,1.09,3.676090011011568
175,1.18,3.877426164617086
175,1.27,4.067834838134661
175,1.36,4.248994101189249
175,1.45,4.42220910281979
175,1.54,4.588020011320138
175,1.63,4.746760348086621
175,1.72,4.899493962014544
175,1.81,5.047044033578866
175,1.9,5.189545390286773
175,1.99,5.32699898210513
175,2.08,5.460228700135301
175,2.17,5.589856036975879
175,2.26,5.715823510176331
175,2.35,5.837964561915128
175,2.44,5.956994397656478
175,2.53,6.073437409877139
175,2.62,6.187127215951282
175,2.71,6.2977975148807355
175,2.8,6.406111983884404
175,2.89,6.511789535851496
175,2.98,6.614932969420344
175,3.07,6.716190438499259
175,3.16,6.815230334417393
175,3.25,6.912124732841875
175,3.34,7.007517115178197
175,3.43,7.101033299917792
175,3.52,7.192722188177591
175,3.61,7.2832301776420785
175,3.7,7.372145627878258
175,3.79,7.459499416499715
175,3.88,7.545191222218011
175,3.97,7.629520128638572
175,4.06,7.712368710310802
175,4.15,7.7940365183061635
175,4.24,7.874390083747476
175,4.33,7.953731055541629
175,4.42,8.031910719396286
175,4.51,8.10923424729793
175,4.6,8.185538267234246
175,4.69,8.260579193130413
175,4.78,8.334459173332437
175,4.87,8.407278651539542
175,4.96,8.4791366410058
175,5.05,8.5501309843529
175,5.14,8.620358600754024
175,5.23,8.689915722068546
175,5.32,8.758898119350887
175,5.41,8.827401321020673
175,5.5,8.895520823862755
175,5.59,8.963352297922222
175,5.68,9.028886760969604
175,5.77,9.092155741097246
175,5.86,9.155124212320322
175,5.95,9.217793035226023
175,6.04,9.280096468320343
175,6.13,9.34197361257814
175,6.22,9.403368118709032
175,6.31,9.46422791185028
175,6.4,9.524504932583481
175,6.49,9.584154893249956
175,6.58,9.643137048611626
175,6.67,9.701413979970079
175,6.76,9.759034753562142
175,6.85,9.816427880729949
175,6.94,9.873134999724265
175,7.03,9.929568827208676
175,7.12,9.985290629071564
175,7.21,10.040697856509784
175,7.3,10.095370520484256
175,7.39,10.149691324684778
175,7.48,10.203309888833491
175,7.57,10.256776191886459
175,7.66,10.309860478679823
175,7.75,10.362227317306104
175,7.84,10.41440558756605
175,7.93,10.466175592852288
175,8.02,10.517216156649452
175,8.11,10.568035812788022
175,8.2,10.618424434119015
175,8.29,10.668635471796819
175,8.38,10.71821821553455
175,8.47,10.767553778073966
175,8.56,10.816441083901154
175,8.65,10.865124071756075
175,8.74,10.913170665333109
175,8.83,10.960947319184012
175,8.92,11.008393839959751
175,9.01,11.055660431734593
175,9.1,11.102701312871622
175,9.19,11.149102181736833
175,9.28,11.195215311435591
175,9.37,11.240983378769373
175,9.46,11.28655102828478
175,9.55,11.331874744977023
175,9.64,11.376878228678827
175,9.73,11.421529408159854
175,9.82,11.46587948056481
175,9.91,11.509873785331674
175,10.0,11.553651540467367
176,1.0,3.462848197717861
176,1.09,3.6762869010219665
176,1.18,3.877623054627481
176,1.27,4.0680317281450575
176,1.36,4.2491909911996455
176,1.45,4.4224059928301855
176,1.54,4.588216901330535
176,1.63,4.746957238097017
176,1.72,4.899690852024941
176,1.81,5.047240923589263
176,1.9,5.18974228029717
176,1.99,5.327195872115527
176,2.08,5.460425590145698
176,2.17,5.590052926986278
176,2.26,5.7160204001867285
176,2.35,5.838161451925526
176,2.44,5.957191287666876
176,2.53,6.073634299887536
176,2.62,6.187324105961677
176,2.71,6.297994404891131
176,2.8,6.406308873894799
176,2.89,6.51198642586189
176,2.98,6.615129859430737
176,3.07,6.7163873285096525
176,3.16,6.815427224427792
176,3.25,6.912321622852274
176,3.34,7.007714005188596
176,3.43,7.101230189928188
176,3.52,7.192919078187986
176,3.61,7.2834270676524735
176,3.7,7.372342517888655
176,3.79,7.459696306510113
176,3.88,7.54538811222841
176,3.97,7.62971701864897
176,4.06,7.712565600321199
176,4.15,7.79423340831656
176,4.24,7.874586973757871
176,4.33,7.9539279455520235
176,4.42,8.032107609406681
176,4.51,8.109431137308325
176,4.6,8.185735157244642
176,4.69,8.260776083140811
176,4.78,8.334656063342834
176,4.87,8.40747554154994
176,4.96,8.479333531016199
176,5.05,8.550327874363296
176,5.14,8.62055549076442
176,5.23,8.690112612078943
176,5.32,8.759095009361282
176,5.41,8.82759821103107
176,5.5,8.895717713873152
176,5.59,8.96354918793262
176,5.68,9.02908378362008
176,5.77,9.092352768291944
176,5.86,9.15532123951502
176,5.95,9.217990062420723
176,6.04,9.28029349551504
176,6.13,9.34217063977284
176,6.22,9.40356514590373
176,6.31,9.46442493904498
176,6.4,9.524701959778179
176,6.49,9.584351920444654
176,6.58,9.643334075806324
176,6.67,9.70161100716478
176,6.76,9.759231780756844
176,6.85,9.816624907924648
176,6.94,9.873332026918964
176,7.03,9.929765854403374
176,7.12,9.985487656266262
176,7.21,10.040894883704482
176,7.3,10.095567547678955
176,7.39,10.149888351879481
176,7.48,10.203506916028195
176,7.57,10.25697321908116
176,7.66,10.31005750587452
176,7.75,10.3624243445008
176,7.84,10.414602614760746
176,7.93,10.466372620046986
176,8.02,10.51741318384415
176,8.11,10.56823283998272
176,8.2,10.618621461313715
176,8.29,10.668832498991518
176,8.38,10.718415242729249
176,8.47,10.767750805268665
176,8.56,10.816638111095852
176,8.65,10.865321098950773
176,8.74,10.913367692527807
176,8.83,10.96114434637871
176,8.92,11.00859086715445
176,9.01,11.055857458929296
176,9.1,11.102898340066321
176,9.19,11.149299208931536
176,9.28,11.195412338630295
176,9.37,11.241180405964077
176,9.46,11.286748055479475
176,9.55,11.33207177217172
176,9.64,11.377075255873523
176,9.73,11.421726435354548
176,9.82,11.466076507759507
176,9.91,11.510070812526369
176,10.0,11.55384856766207
177,1.0,3.4630372121278423
177,1.09,3.676475915431946
177,1.18,3.8778120690374625
177,1.27,4.068220742555038
177,1.36,4.249380005609626
177,1.45,4.422595007240167
177,1.54,4.588405915740515
177,1.63,4.747146252506997
177,1.72,4.899879866434922
177,1.81,5.0474299379992456
177,1.9,5.1899312947071525
177,1.99,5.327384886525509
177,2.08,5.460614604555681
177,2.17,5.590241941396259
177,2.26,5.716209414596708
177,2.35,5.8383504663355055
177,2.44,5.957380302076856
177,2.53,6.073823314297516
177,2.62,6.187513120371655
177,2.71,6.298183419301109
177,2.8,6.406497888304777
177,2.89,6.512175440271872
177,2.98,6.61531887384072
177,3.07,6.716576342919636
177,3.16,6.815616238837772
177,3.25,6.912510637262253
177,3.34,7.007903019598575
177,3.43,7.10141920433817
177,3.52,7.193108092597969
177,3.61,7.283616082062457
177,3.7,7.372531532298638
177,3.79,7.459885320920095
177,3.88,7.54557712663839
177,3.97,7.62990603305895
177,4.06,7.712754614731178
177,4.15,7.794422422726539
177,4.24,7.874775988167849
177,4.33,7.954116959962003
177,4.42,8.03229662381666
177,4.51,8.109620151718303
177,4.6,8.185924171654625
177,4.69,8.260965097550793
177,4.78,8.334845077752815
177,4.87,8.407664555959922
177,4.96,8.479522545426176
177,5.05,8.550516888773277
177,5.14,8.620744505174402
177,5.23,8.690301626488923
177,5.32,8.759284023771263
177,5.41,8.827787225441051
177,5.5,8.895906728283133
177,5.59,8.9637382023426
177,5.68,9.02927292536454
177,5.77,9.092541914398854
177,5.86,9.15551038562193
177,5.95,9.218179208527634
177,6.04,9.280482641621951
177,6.13,9.342359785879749
177,6.22,9.403754292010643
177,6.31,9.46461408515189
177,6.4,9.524891105885091
177,6.49,9.584541066551564
177,6.58,9.643523221913235
177,6.67,9.70180015327169
177,6.76,9.759420926863754
177,6.85,9.816814054031562
177,6.94,9.873521173025878
177,7.03,9.929955000510287
177,7.12,9.985676802373174
177,7.21,10.041084029811392
177,7.3,10.095756693785866
177,7.39,10.150077497986391
177,7.48,10.203696062135105
177,7.57,10.257162365188073
177,7.66,10.310246651981435
177,7.75,10.362613490607716
177,7.84,10.414791760867658
177,7.93,10.466561766153893
177,8.02,10.517602329951059
177,8.11,10.568421986089628
177,8.2,10.618810607420626
177,8.29,10.669021645098429
177,8.38,10.718604388836159
177,8.47,10.767939951375576
177,8.56,10.816827257202764
177,8.65,10.865510245057685
177,8.74,10.913556838634717
177,8.83,10.961333492485622
177,8.92,11.008780013261362
177,9.01,11.056046605036206
177,9.1,11.103087486173232
177,9.19,11.149488355038446
177,9.28,11.195601484737205
177,9.37,11.241369552070987
177,9.46,11.28693720158639
177,9.55,11.332260918278632
177,9.64,11.377264401980435
177,9.73,11.421915581461464
177,9.82,11.466265653866422
177,9.91,11.510259958633284
177,10.0,11.554037713768977
178,1.0,3.4632186659614232
178,1.09,3.676657369265529
178,1.18,3.8779935228710434
178,1.27,4.068402196388619
178,1.36,4.249561459443209
178,1.45,4.42277646107375
178,1.54,4.588587369574099
178,1.63,4.747327706340581
178,1.72,4.900061320268505
178,1.81,5.047611391832828
178,1.9,5.190112748540733
178,1.99,5.327566340359089
178,2.08,5.460796058389261
178,2.17,5.59042339522984
178,2.26,5.716390868430286
178,2.35,5.838531920169085
178,2.44,5.957561755910434
178,2.53,6.074004768131094
178,2.62,6.1876945742052385
178,2.71,6.298364873134693
178,2.8,6.406679342138361
178,2.89,6.512356894105454
178,2.98,6.6155003276743
178,3.07,6.716757796753216
178,3.16,6.815797692671355
178,3.25,6.912692091095837
178,3.34,7.008084473432159
178,3.43,7.101600658171753
178,3.52,7.193289546431551
178,3.61,7.2837975358960385
178,3.7,7.372712986132219
178,3.79,7.460066774753677
178,3.88,7.545758580471971
178,3.97,7.63008748689253
178,4.06,7.712936068564757
178,4.15,7.794603876560119
178,4.24,7.8749574420014286
178,4.33,7.954298413795582
178,4.42,8.032478077650245
178,4.51,8.109801605551889
178,4.6,8.186105625488207
178,4.69,8.261146551384375
178,4.78,8.335026531586399
178,4.87,8.407846009793502
178,4.96,8.47970399925976
178,5.05,8.550698342606859
178,5.14,8.620925959007982
178,5.23,8.690483080322505
178,5.32,8.759465477604845
178,5.41,8.827968679274633
178,5.5,8.896088182116715
178,5.59,8.963919656176182
178,5.68,9.02945450143922
178,5.77,9.092723494661488
178,5.86,9.155691965884564
178,5.95,9.218360788790267
178,6.04,9.280664221884585
178,6.13,9.342541366142385
178,6.22,9.403935872273275
178,6.31,9.464795665414526
178,6.4,9.525072686147725
178,6.49,9.5847226468142
178,6.58,9.643704802175868
178,6.67,9.701981733534325
178,6.76,9.759602507126388
178,6.85,9.816995634294196
178,6.94,9.873702753288512
178,7.03,9.930136580772924
178,7.12,9.985858382635811
178,7.21,10.041265610074028
178,7.3,10.095938274048502
178,7.39,10.150259078249025
178,7.48,10.203877642397739
178,7.57,10.257343945450707
178,7.66,10.31042823224407
178,7.75,10.36279507087035
178,7.84,10.414973341130294
178,7.93,10.466743346416532
178,8.02,10.517783910213698
178,8.11,10.568603566352264
178,8.2,10.618992187683256
178,8.29,10.66920322536106
178,8.38,10.718785969098791
178,8.47,10.768121531638208
178,8.56,10.817008837465398
178,8.65,10.865691825320319
178,8.74,10.913738418897351
178,8.83,10.961515072748256
178,8.92,11.008961593523996
178,9.01,11.056228185298842
178,9.1,11.103269066435868
178,9.19,11.14966993530108
178,9.28,11.19578306499984
178,9.37,11.241551132333623
178,9.46,11.287118781849024
178,9.55,11.332442498541266
178,9.64,11.377445982243069
178,9.73,11.422097161724098
178,9.82,11.466447234129056
178,9.91,11.510441538895918
178,10.0,11.554219294031615
179,1.0,3.4633928616416627
179,1.09,3.6768315649457675
179,1.18,3.8781677185512837
179,1.27,4.068576392068859
179,1.36,4.249735655123448
179,1.45,4.422950656753989
179,1.54,4.588761565254336
179,1.63,4.747501902020818
179,1.72,4.900235515948742
179,1.81,5.047785587513066
179,1.9,5.190286944220968
179,1.99,5.327740536039325
179,2.08,5.460970254069496
179,2.17,5.590597590910075
179,2.26,5.716565064110527
179,2.35,5.838706115849325
179,2.44,5.957735951590674
179,2.53,6.074178963811335
179,2.62,6.187868769885477
179,2.71,6.29853906881493
179,2.8,6.406853537818598
179,2.89,6.512531089785694
179,2.98,6.615674523354541
179,3.07,6.716931992433455
179,3.16,6.815971888351594
179,3.25,6.912866286776076
179,3.34,7.008258669112397
179,3.43,7.101774853851992
179,3.52,7.193463742111789
179,3.61,7.283971731576277
179,3.7,7.372887181812457
179,3.79,7.460240970433913
179,3.88,7.545932776152207
179,3.97,7.630261682572767
179,4.06,7.713110264244993
179,4.15,7.794778072240356
179,4.24,7.87513163768167
179,4.33,7.954472609475824
179,4.42,8.032652273330482
179,4.51,8.109975801232126
179,4.6,8.186279821168444
179,4.69,8.261320747064614
179,4.78,8.335200727266635
179,4.87,8.408020205473742
179,4.96,8.479878194939998
179,5.05,8.550872538287097
179,5.14,8.621100154688222
179,5.23,8.690657276002742
179,5.32,8.759639673285085
179,5.41,8.828142874954871
179,5.5,8.896262377796953
179,5.59,8.96409385185642
179,5.68,9.029628814470913
179,5.77,9.092897811713618
179,5.86,9.155866282936694
179,5.95,9.218535105842395
179,6.04,9.280838538936715
179,6.13,9.342715683194513
179,6.22,9.404110189325404
179,6.31,9.464969982466652
179,6.4,9.525247003199855
179,6.49,9.584896963866328
179,6.58,9.643879119227998
179,6.67,9.702156050586453
179,6.76,9.759776824178516
179,6.85,9.817169951346324
179,6.94,9.87387707034064
179,7.03,9.930310897825052
179,7.12,9.98603269968794
179,7.21,10.04143992712616
179,7.3,10.096112591100633
179,7.39,10.150433395301155
179,7.48,10.204051959449869
179,7.57,10.257518262502836
179,7.66,10.310602549296197
179,7.75,10.362969387922478
179,7.84,10.415147658182423
179,7.93,10.466917663468662
179,8.02,10.517958227265826
179,8.11,10.568777883404396
179,8.2,10.61916650473539
179,8.29,10.669377542413192
179,8.38,10.718960286150924
179,8.47,10.768295848690338
179,8.56,10.817183154517522
179,8.65,10.865866142372443
179,8.74,10.913912735949479
179,8.83,10.961689389800384
179,8.92,11.009135910576124
179,9.01,11.05640250235097
179,9.1,11.103443383487997
179,9.19,11.149844252353208
179,9.28,11.195957382051969
179,9.37,11.24172544938575
179,9.46,11.287293098901156
179,9.55,11.332616815593395
179,9.64,11.377620299295199
179,9.73,11.422271478776226
179,9.82,11.466621551181186
179,9.91,11.510615855948048
179,10.0,11.554393611083745
180,1.0,3.4635600894946927
180,1.09,3.6769987927987975
180,1.18,3.878334946404311
180,1.27,4.068743619921887
180,1.36,4.249902882976476
180,1.45,4.423117884607017
180,1.54,4.588928793107361
180,1.63,4.747669129873844
180,1.72,4.900402743801767
180,1.81,5.0479528153660915
180,1.9,5.1904541720739985
180,1.99,5.327907763892356
180,2.08,5.461137481922527
180,2.17,5.590764818763105
180,2.26,5.716732291963556
180,2.35,5.8388733437023514
180,2.44,5.957903179443702
180,2.53,6.074346191664362
180,2.62,6.188035997738507
180,2.71,6.2987062966679614
180,2.8,6.407020765671628
180,2.89,6.512698317638724
180,2.98,6.6158417512075705
180,3.07,6.717099220286484
180,3.16,6.816139116204623
180,3.25,6.913033514629104
180,3.34,7.008425896965426
180,3.43,7.10194208170502
180,3.52,7.193630969964817
180,3.61,7.2841389594293044
180,3.7,7.3730544096654835
180,3.79,7.460408198286941
180,3.88,7.5461000040052335
180,3.97,7.6304289104257945
180,4.06,7.713277492098025
180,4.15,7.794945300093387
180,4.24,7.875298865534698
180,4.33,7.954639837328852
180,4.42,8.03281950118351
180,4.51,8.110143029085155
180,4.6,8.186447049021474
180,4.69,8.26148797491764
180,4.78,8.335367955119665
180,4.87,8.40818743332677
180,4.96,8.480045422793026
180,5.05,8.551039766140127
180,5.14,8.62126738254125
180,5.23,8.690824503855772
180,5.32,8.759806901138113
180,5.41,8.8283101028079
180,5.5,8.896429605649981
180,5.59,8.964261079709448
180,5.68,9.029796154981337
180,5.77,9.093065156083663
180,5.86,9.156033627306739
180,5.95,9.21870245021244
180,6.04,9.281005883306758
180,6.13,9.342883027564557
180,6.22,9.404277533695447
180,6.31,9.465137326836697
180,6.4,9.525414347569896
180,6.49,9.585064308236372
180,6.58,9.644046463598041
180,6.67,9.702323394956498
180,6.76,9.75994416854856
180,6.85,9.817337295716367
180,6.94,9.874044414710683
180,7.03,9.930478242195095
180,7.12,9.986200044057982
180,7.21,10.041607271496202
180,7.3,10.096279935470676
180,7.39,10.150600739671201
180,7.48,10.204219303819915
180,7.57,10.257685606872883
180,7.66,10.310769893666242
180,7.75,10.363136732292523
180,7.84,10.415315002552468
180,7.93,10.467085007838705
180,8.02,10.518125571635869
180,8.11,10.56894522777444
180,8.2,10.619333849105434
180,8.29,10.669544886783237
180,8.38,10.719127630520967
180,8.47,10.768463193060384
180,8.56,10.81735049888757
180,8.65,10.866033486742491
180,8.74,10.914080080319527
180,8.83,10.961856734170427
180,8.92,11.009303254946166
180,9.01,11.05656984672101
180,9.1,11.103610727858037
180,9.19,11.150011596723251
180,9.28,11.196124726422012
180,9.37,11.241892793755794
180,9.46,11.287460443271197
180,9.55,11.33278415996344
180,9.64,11.377787643665243
180,9.73,11.422438823146269
180,9.82,11.466788895551229
180,9.91,11.510783200318091
180,10.0,11.554560955453791
181,1.0,3.463720628233599
181,1.09,3.6771593315377045
181,1.18,3.8784954851432154
181,1.27,4.068904158660792
181,1.36,4.25006342171538
181,1.45,4.423278423345922
181,1.54,4.589089331846271
181,1.63,4.747829668612754
181,1.72,4.900563282540677
181,1.81,5.048113354105
181,1.9,5.190614710812906
181,1.99,5.328068302631261
181,2.08,5.461298020661433
181,2.17,5.590925357502012
181,2.26,5.716892830702465
181,2.35,5.839033882441262
181,2.44,5.95806371818261
181,2.53,6.074506730403271
181,2.62,6.188196536477416
181,2.71,6.298866835406869
181,2.8,6.4071813044105355
181,2.89,6.5128588563776315
181,2.98,6.616002289946477
181,3.07,6.717259759025392
181,3.16,6.81629965494353
181,3.25,6.913194053368011
181,3.34,7.008586435704332
181,3.43,7.102102620443925
181,3.52,7.193791508703723
181,3.61,7.2842994981682105
181,3.7,7.373214948404389
181,3.79,7.460568737025847
181,3.88,7.546260542744144
181,3.97,7.630589449164704
181,4.06,7.713438030836932
181,4.15,7.795105838832294
181,4.24,7.875459404273606
181,4.33,7.954800376067759
181,4.42,8.03298003992242
181,4.51,8.110303567824063
181,4.6,8.18660758776038
181,4.69,8.26164851365655
181,4.78,8.335528493858572
181,4.87,8.408347972065677
181,4.96,8.480205961531935
181,5.05,8.551200304879034
181,5.14,8.621427921280159
181,5.23,8.69098504259468
181,5.32,8.75996743987702
181,5.41,8.828470641546806
181,5.5,8.896590144388888
181,5.59,8.964421618448355
181,5.68,9.029956801871345
181,5.77,9.093225806678905
181,5.86,9.156194277901982
181,5.95,9.218863100807683
181,6.04,9.281166533902
181,6.13,9.343043678159798
181,6.22,9.40443818429069
181,6.31,9.465297977431938
181,6.4,9.525574998165139
181,6.49,9.585224958831612
181,6.58,9.644207114193284
181,6.67,9.702484045551738
181,6.76,9.760104819143802
181,6.85,9.81749794631161
181,6.94,9.874205065305926
181,7.03,9.930638892790336
181,7.12,9.986360694653223
181,7.21,10.041767922091445
181,7.3,10.096440586065917
181,7.39,10.150761390266442
181,7.48,10.204379954415156
181,7.57,10.257846257468124
181,7.66,10.310930544261486
181,7.75,10.363297382887767
181,7.84,10.415475653147713
181,7.93,10.467245658433947
181,8.02,10.518286222231112
181,8.11,10.569105878369683
181,8.2,10.619494499700675
181,8.29,10.669705537378478
181,8.38,10.719288281116208
181,8.47,10.768623843655627
181,8.56,10.817511149482812
181,8.65,10.866194137337734
181,8.74,10.914240730914768
181,8.83,10.962017384765673
181,8.92,11.009463905541413
181,9.01,11.056730497316256
181,9.1,11.103771378453283
181,9.19,11.150172247318498
181,9.28,11.196285377017253
181,9.37,11.242053444351034
181,9.46,11.287621093866434
181,9.55,11.332944810558677
181,9.64,11.37794829426048
181,9.73,11.42259947374151
181,9.82,11.46694954614647
181,9.91,11.510943850913332
181,10.0,11.55472160604903
182,1.0,3.463874745422947
182,1.09,3.6773134487270527
182,1.18,3.878649602332569
182,1.27,4.0690582758501455
182,1.36,4.250217538904733
182,1.45,4.423432540535274
182,1.54,4.589243449035623
182,1.63,4.747983785802103
182,1.72,4.900717399730027
182,1.81,5.048267471294351
182,1.9,5.190768828002259
182,1.99,5.328222419820616
182,2.08,5.461452137850785
182,2.17,5.591079474691364
182,2.26,5.717046947891817
182,2.35,5.839187999630614
182,2.44,5.958217835371962
182,2.53,6.0746608475926225
182,2.62,6.188350653666767
182,2.71,6.29902095259622
182,2.8,6.407335421599887
182,2.89,6.5130129735669815
182,2.98,6.616156407135828
182,3.07,6.717413876214742
182,3.16,6.8164537721328795
182,3.25,6.91334817055736
182,3.34,7.008740552893682
182,3.43,7.102256737633274
182,3.52,7.193945625893073
182,3.61,7.2844536153575605
182,3.7,7.373369065593743
182,3.79,7.4607228542152
182,3.88,7.546414659933494
182,3.97,7.630743566354055
182,4.06,7.713592148026284
182,4.15,7.795259956021645
182,4.24,7.875613521462958
182,4.33,7.9549544932571115
182,4.42,8.033134157111768
182,4.51,8.110457685013412
182,4.6,8.186761704949733
182,4.69,8.261802630845901
182,4.78,8.335682611047924
182,4.87,8.408502089255029
182,4.96,8.480360078721285
182,5.05,8.551354422068385
182,5.14,8.621582038469509
182,5.23,8.691139159784031
182,5.32,8.76012155706637
182,5.41,8.828624758736158
182,5.5,8.89674426157824
182,5.59,8.964575735637707
182,5.68,9.030111022885752
182,5.77,9.093380031250337
182,5.86,9.156348502473413
182,5.95,9.219017325379117
182,6.04,9.281320758473433
182,6.13,9.343197902731232
182,6.22,9.404592408862122
182,6.31,9.465452202003371
182,6.4,9.52572922273657
182,6.49,9.585379183403045
182,6.58,9.644361338764714
182,6.67,9.702638270123172
182,6.76,9.760259043715235
182,6.85,9.817652170883042
182,6.94,9.874359289877358
182,7.03,9.93079311736177
182,7.12,9.986514919224657
182,7.21,10.041922146662875
182,7.3,10.096594810637349
182,7.39,10.150915614837876
182,7.48,10.20453417898659
182,7.57,10.258000482039556
182,7.66,10.311084768832918
182,7.75,10.363451607459199
182,7.84,10.415629877719143
182,7.93,10.467399883005381
182,8.02,10.518440446802547
182,8.11,10.569260102941117
182,8.2,10.619648724272109
182,8.29,10.669859761949912
182,8.38,10.719442505687642
182,8.47,10.76877806822706
182,8.56,10.817665374054243
182,8.65,10.866348361909166
182,8.74,10.914394955486198
182,8.83,10.962171609337105
182,8.92,11.009618130112845
182,9.01,11.056884721887688
182,9.1,11.103925603024715
182,9.19,11.15032647188993
182,9.28,11.19643960158869
182,9.37,11.242207668922472
182,9.46,11.28777531843787
182,9.55,11.333099035130115
182,9.64,11.378102518831918
182,9.73,11.422753698312947
182,9.82,11.467103770717902
182,9.91,11.511098075484764
182,10.0,11.554875830620459
183,1.0,3.464022697924727
183,1.09,3.6774614012288316
183,1.18,3.878797554834347
183,1.27,4.069206228351921
183,1.36,4.250365491406509
183,1.45,4.423580493037051
183,1.54,4.589391401537401
183,1.63,4.748131738303883
183,1.72,4.900865352231806
183,1.81,5.048415423796128
183,1.9,5.190916780504038
183,1.99,5.328370372322394
183,2.08,5.461600090352563
183,2.17,5.591227427193142
183,2.26,5.7171949003935945
183,2.35,5.839335952132391
183,2.44,5.958365787873739
183,2.53,6.0748088000944
183,2.62,6.188498606168543
183,2.71,6.299168905097996
183,2.8,6.4074833741016635
183,2.89,6.513160926068757
183,2.98,6.616304359637603
183,3.07,6.717561828716518
183,3.16,6.816601724634655
183,3.25,6.9134961230591365
183,3.34,7.008888505395459
183,3.43,7.102404690135054
183,3.52,7.1940935783948525
183,3.61,7.28460156785934
183,3.7,7.3735170180955185
183,3.79,7.460870806716977
183,3.88,7.546562612435272
183,3.97,7.630891518855831
183,4.06,7.713740100528062
183,4.15,7.795407908523424
183,4.24,7.875761473964732
183,4.33,7.955102445758886
183,4.42,8.033282109613548
183,4.51,8.110605637515192
183,4.6,8.18690965745151
183,4.69,8.261950583347678
183,4.78,8.3358305635497
183,4.87,8.408650041756806
183,4.96,8.480508031223064
183,5.05,8.551502374570163
183,5.14,8.621729990971286
183,5.23,8.691287112285806
183,5.32,8.760269509568147
183,5.41,8.828772711237935
183,5.5,8.896892214080017
183,5.59,8.964723688139484
183,5.68,9.030259075059583
183,5.77,9.093528086838912
183,5.86,9.156496558061988
183,5.95,9.21916538096769
183,6.04,9.28146881406201
183,6.13,9.343345958319807
183,6.22,9.404740464450699
183,6.31,9.465600257591946
183,6.4,9.525877278325147
183,6.49,9.585527238991618
183,6.58,9.644509394353289
183,6.67,9.702786325711745
183,6.76,9.760407099303809
183,6.85,9.817800226471618
183,6.94,9.874507345465934
183,7.03,9.930941172950345
183,7.12,9.98666297481323
183,7.21,10.042070202251452
183,7.3,10.096742866225924
183,7.39,10.15106367042645
183,7.48,10.204682234575163
183,7.57,10.25814853762813
183,7.66,10.311232824421495
183,7.75,10.363599663047774
183,7.84,10.415777933307718
183,7.93,10.467547938593956
183,8.02,10.518588502391122
183,8.11,10.56940815852969
183,8.2,10.619796779860685
183,8.29,10.670007817538488
183,8.38,10.719590561276219
183,8.47,10.768926123815636
183,8.56,10.817813429642822
183,8.65,10.866496417497741
183,8.74,10.914543011074775
183,8.83,10.962319664925682
183,8.92,11.009766185701421
183,9.01,11.057032777476262
183,9.1,11.10407365861329
183,9.19,11.1504745274785
183,9.28,11.196587657177265
183,9.37,11.242355724511045
183,9.46,11.287923374026445
183,9.55,11.33324709071869
183,9.64,11.378250574420493
183,9.73,11.42290175390152
183,9.82,11.46725182630648
183,9.91,11.511246131073344
183,10.0,11.555023886209035
184,1.0,3.464164732326431
184,1.09,3.6776034356305365
184,1.18,3.8789395892360536
184,1.27,4.069348262753629
184,1.36,4.250507525808216
184,1.45,4.423722527438757
184,1.54,4.589533435939108
184,1.63,4.74827377270559
184,1.72,4.901007386633513
184,1.81,5.048557458197835
184,1.9,5.191058814905744
184,1.99,5.3285124067241
184,2.08,5.461742124754269
184,2.17,5.591369461594848
184,2.26,5.717336934795299
184,2.35,5.839477986534096
184,2.44,5.958507822275445
184,2.53,6.074950834496105
184,2.62,6.188640640570247
184,2.71,6.2993109394997004
184,2.8,6.407625408503368
184,2.89,6.513302960470462
184,2.98,6.616446394039309
184,3.07,6.717703863118223
184,3.16,6.816743759036363
184,3.25,6.913638157460845
184,3.34,7.009030539797167
184,3.43,7.102546724536759
184,3.52,7.194235612796557
184,3.61,7.284743602261045
184,3.7,7.373659052497226
184,3.79,7.4610128411186825
184,3.88,7.546704646836979
184,3.97,7.63103355325754
184,4.06,7.713882134929765
184,4.15,7.795549942925127
184,4.24,7.8759035083664415
184,4.33,7.955244480160595
184,4.42,8.033424144015253
184,4.51,8.110747671916897
184,4.6,8.187051691853217
184,4.69,8.262092617749385
184,4.78,8.335972597951407
184,4.87,8.408792076158512
184,4.96,8.480650065624769
184,5.05,8.551644408971868
184,5.14,8.62187202537299
184,5.23,8.691429146687513
184,5.32,8.760411543969854
184,5.41,8.828914745639642
184,5.5,8.897034248481724
184,5.59,8.964865722541191
184,5.68,9.030401205146461
184,5.77,9.093670220203943
184,5.86,9.15663869142702
184,5.95,9.219307514332723
184,6.04,9.281610947427039
184,6.13,9.34348809168484
184,6.22,9.40488259781573
184,6.31,9.46574239095698
184,6.4,9.526019411690179
184,6.49,9.585669372356653
184,6.58,9.64465152771832
184,6.67,9.702928459076777
184,6.76,9.76054923266884
184,6.85,9.817942359836648
184,6.94,9.874649478830964
184,7.03,9.931083306315378
184,7.12,9.986805108178265
184,7.21,10.042212335616483
184,7.3,10.096884999590955
184,7.39,10.151205803791482
184,7.48,10.204824367940196
184,7.57,10.258290670993162
184,7.66,10.311374957786525
184,7.75,10.363741796412805
184,7.84,10.41592006667275
184,7.93,10.46769007195899
184,8.02,10.518730635756153
184,8.11,10.569550291894721
184,8.2,10.619938913225717
184,8.29,10.67014995090352
184,8.38,10.719732694641252
184,8.47,10.769068257180667
184,8.56,10.817955563007853
184,8.65,10.866638550862776
184,8.74,10.914685144439808
184,8.83,10.962461798290713
184,8.92,11.009908319066453
184,9.01,11.057174910841297
184,9.1,11.104215791978323
184,9.19,11.150616660843536
184,9.28,11.196729790542298
184,9.37,11.24249785787608
184,9.46,11.288065507391476
184,9.55,11.33338922408372
184,9.64,11.378392707785524
184,9.73,11.42304388726655
184,9.82,11.467393959671513
184,9.91,11.511388264438374
184,10.0,11.555166019574068
185,1.0,3.46430108535207
185,1.09,3.677739788656175
185,1.18,3.879075942261693
185,1.27,4.069484615779269
185,1.36,4.250643878833855
185,1.45,4.423858880464396
185,1.54,4.589669788964746
185,1.63,4.748410125731228
185,1.72,4.90114373965915
185,1.81,5.0486938112234725
185,1.9,5.19119516793138
185,1.99,5.328648759749736
185,2.08,5.461878477779907
185,2.17,5.5915058146204855
185,2.26,5.717473287820935
185,2.35,5.8396143395597315
185,2.44,5.958644175301082
185,2.53,6.075087187521742
185,2.62,6.1887769935958845
185,2.71,6.299447292525338
185,2.8,6.407761761529005
185,2.89,6.513439313496102
185,2.98,6.616582747064949
185,3.07,6.7178402161438635
185,3.16,6.816880112062
185,3.25,6.913774510486482
185,3.34,7.009166892822804
185,3.43,7.102683077562398
185,3.52,7.194371965822195
185,3.61,7.284879955286683
185,3.7,7.3737954055228645
185,3.79,7.461149194144323
185,3.88,7.5468409998626145
185,3.97,7.631169906283175
185,4.06,7.714018487955406
185,4.15,7.795686295950768
185,4.24,7.876039861392078
185,4.33,7.955380833186232
185,4.42,8.033560497040892
185,4.51,8.110884024942536
185,4.6,8.187188044878855
185,4.69,8.262228970775023
185,4.78,8.336108950977046
185,4.87,8.408928429184149
185,4.96,8.480786418650405
185,5.05,8.551780761997504
185,5.14,8.622008378398629
185,5.23,8.691565499713152
185,5.32,8.760547896995492
185,5.41,8.82905109866528
185,5.5,8.897170601507362
185,5.59,8.96500207556683
185,5.68,9.030537650029864
185,5.77,9.093806668234375
185,5.86,9.156775139457451
185,5.95,9.219443962363153
185,6.04,9.28174739545747
185,6.13,9.343624539715268
185,6.22,9.405019045846162
185,6.31,9.46587883898741
185,6.4,9.52615585972061
185,6.49,9.585805820387083
185,6.58,9.644787975748754
185,6.67,9.703064907107207
185,6.76,9.76068568069927
185,6.85,9.818078807867078
185,6.94,9.874785926861394
185,7.03,9.931219754345806
185,7.12,9.986941556208693
185,7.21,10.042348783646915
185,7.3,10.097021447621389
185,7.39,10.151342251821912
185,7.48,10.204960815970626
185,7.57,10.258427119023592
185,7.66,10.311511405816956
185,7.75,10.363878244443237
185,7.84,10.41605651470318
185,7.93,10.46782651998942
185,8.02,10.518867083786583
185,8.11,10.569686739925153
185,8.2,10.620075361256148
185,8.29,10.670286398933952
185,8.38,10.719869142671682
185,8.47,10.769204705211097
185,8.56,10.818092011038285
185,8.65,10.866774998893206
185,8.74,10.91482159247024
185,8.83,10.962598246321143
185,8.92,11.010044767096883
185,9.01,11.057311358871727
185,9.1,11.104352240008755
185,9.19,11.150753108873968
185,9.28,11.196866238572728
185,9.37,11.24263430590651
185,9.46,11.288201955421911
185,9.55,11.333525672114153
185,9.64,11.378529155815956
185,9.73,11.423180335296983
185,9.82,11.467530407701945
185,9.91,11.511524712468807
185,10.0,11.555302467604498
186,1.0,3.4644319842566835
186,1.09,3.6778706875607883
186,1.18,3.8792068411663045
186,1.27,4.06961551468388
186,1.36,4.250774777738467
186,1.45,4.423989779369007
186,1.54,4.589800687869357
186,1.63,4.748541024635839
186,1.72,4.901274638563763
186,1.81,5.048824710128085
186,1.9,5.19132606683599
186,1.99,5.328779658654347
186,2.08,5.4620093766845175
186,2.17,5.591636713525097
186,2.26,5.717604186725548
186,2.35,5.839745238464344
186,2.44,5.958775074205692
186,2.53,6.075218086426353
186,2.62,6.188907892500499
186,2.71,6.299578191429952
186,2.8,6.407892660433619
186,2.89,6.513570212400713
186,2.98,6.6167136459695595
186,3.07,6.717971115048475
186,3.16,6.817011010966613
186,3.25,6.913905409391094
186,3.34,7.009297791727416
186,3.43,7.102813976467011
186,3.52,7.194502864726809
186,3.61,7.285010854191297
186,3.7,7.373926304427474
186,3.79,7.461280093048932
186,3.88,7.54697189876723
186,3.97,7.63130080518779
186,4.06,7.714149386860017
186,4.15,7.795817194855379
186,4.24,7.8761707602966915
186,4.33,7.955511732090845
186,4.42,8.033691395945505
186,4.51,8.111014923847149
186,4.6,8.187318943783469
186,4.69,8.262359869679635
186,4.78,8.336239849881656
186,4.87,8.40905932808876
186,4.96,8.480917317555017
186,5.05,8.551911660902118
186,5.14,8.622139277303242
186,5.23,8.691696398617763
186,5.32,8.760678795900105
186,5.41,8.829181997569892
186,5.5,8.897301500411974
186,5.59,8.965132974471441
186,5.68,9.03066863711793
186,5.77,9.093937658343588
186,5.86,9.156906129566664
186,5.95,9.219574952472367
186,6.04,9.281878385566683
186,6.13,9.343755529824483
186,6.22,9.405150035955373
186,6.31,9.466009829096624
186,6.4,9.526286849829823
186,6.49,9.585936810496298
186,6.58,9.644918965857967
186,6.67,9.703195897216423
186,6.76,9.760816670808486
186,6.85,9.81820979797629
186,6.94,9.874916916970607
186,7.03,9.931350744455019
186,7.12,9.987072546317906
186,7.21,10.042479773756126
186,7.3,10.0971524377306
186,7.39,10.151473241931127
186,7.48,10.20509180607984
186,7.57,10.258558109132808
186,7.66,10.31164239592617
186,7.75,10.36400923455245
186,7.84,10.416187504812394
186,7.93,10.467957510098632
186,8.02,10.518998073895798
186,8.11,10.569817730034366
186,8.2,10.620206351365361
186,8.29,10.670417389043164
186,8.38,10.720000132780894
186,8.47,10.769335695320311
186,8.56,10.818223001147498
186,8.65,10.86690598900242
186,8.74,10.914952582579453
186,8.83,10.962729236430356
186,8.92,11.010175757206095
186,9.01,11.057442348980942
186,9.1,11.104483230117967
186,9.19,11.150884098983182
186,9.28,11.19699722868194
186,9.37,11.242765296015722
186,9.46,11.288332945531124
186,9.55,11.333656662223367
186,9.64,11.37866014592517
186,9.73,11.423311325406198
186,9.82,11.467661397811158
186,9.91,11.51165570257802
186,10.0,11.555433457713717
187,1.0,3.464557647205111
187,1.09,3.677996350509215
187,1.18,3.879332504114732
187,1.27,4.069741177632307
187,1.36,4.2509004406868955
187,1.45,4.424115442317436
187,1.54,4.589926350817783
187,1.63,4.748666687584265
187,1.72,4.901400301512188
187,1.81,5.048950373076512
187,1.9,5.1914517297844185
187,1.99,5.328905321602774
187,2.08,5.462135039632944
187,2.17,5.591762376473524
187,2.26,5.717729849673977
187,2.35,5.839870901412773
187,2.44,5.9589007371541225
187,2.53,6.075343749374783
187,2.62,6.189033555448925
187,2.71,6.299703854378379
187,2.8,6.408018323382047
187,2.89,6.513695875349142
187,2.98,6.616839308917988
187,3.07,6.7180967779969025
187,3.16,6.817136673915042
187,3.25,6.914031072339523
187,3.34,7.009423454675845
187,3.43,7.102939639415436
187,3.52,7.194628527675234
187,3.61,7.285136517139722
187,3.7,7.374051967375905
187,3.79,7.4614057559973626
187,3.88,7.547097561715656
187,3.97,7.631426468136217
187,4.06,7.714275049808446
187,4.15,7.795942857803808
187,4.24,7.87629642324512
187,4.33,7.955637395039274
187,4.42,8.033817058893934
187,4.51,8.111140586795578
187,4.6,8.187444606731894
187,4.69,8.26248553262806
187,4.78,8.336365512830083
187,4.87,8.409184991037188
187,4.96,8.481042980503446
187,5.05,8.552037323850547
187,5.14,8.62226494025167
187,5.23,8.691822061566192
187,5.32,8.760804458848533
187,5.41,8.82930766051832
187,5.5,8.897427163360401
187,5.59,8.965258637419868
187,5.68,9.030794384722475
187,5.77,9.094063408848433
187,5.86,9.157031880071509
187,5.95,9.219700702977212
187,6.04,9.28200413607153
187,6.13,9.343881280329327
187,6.22,9.40527578646022
187,6.31,9.466135579601467
187,6.4,9.52641260033467
187,6.49,9.586062561001143
187,6.58,9.645044716362813
187,6.67,9.703321647721268
187,6.76,9.760942421313331
187,6.85,9.818335548481139
187,6.94,9.875042667475455
187,7.03,9.931476494959863
187,7.12,9.98719829682275
187,7.21,10.04260552426097
187,7.3,10.097278188235444
187,7.39,10.15159899243597
187,7.48,10.205217556584683
187,7.57,10.258683859637651
187,7.66,10.311768146431016
187,7.75,10.364134985057294
187,7.84,10.41631325531724
187,7.93,10.468083260603477
187,8.02,10.519123824400642
187,8.11,10.56994348053921
187,8.2,10.620332101870206
187,8.29,10.670543139548009
187,8.38,10.72012588328574
187,8.47,10.769461445825156
187,8.56,10.818348751652344
187,8.65,10.867031739507265
187,8.74,10.915078333084297
187,8.83,10.962854986935202
187,8.92,11.010301507710942
187,9.01,11.057568099485787
187,9.1,11.104608980622814
187,9.19,11.151009849488027
187,9.28,11.197122979186785
187,9.37,11.242891046520567
187,9.46,11.28845869603597
187,9.55,11.333782412728212
187,9.64,11.378785896430015
187,9.73,11.423437075911044
187,9.82,11.467787148316
187,9.91,11.511781453082865
187,10.0,11.55555920821856
188,1.0,3.4646782836356023
188,1.09,3.678116986939706
188,1.18,3.8794531405452206
188,1.27,4.069861814062796
188,1.36,4.251021077117384
188,1.45,4.424236078747926
188,1.54,4.590046987248274
188,1.63,4.748787324014756
188,1.72,4.901520937942678
188,1.81,5.049071009507002
188,1.9,5.191572366214911
188,1.99,5.329025958033267
188,2.08,5.462255676063437
188,2.17,5.591883012904016
188,2.26,5.717850486104466
188,2.35,5.839991537843263
188,2.44,5.959021373584613
188,2.53,6.075464385805273
188,2.62,6.189154191879417
188,2.71,6.29982449080887
188,2.8,6.408138959812537
188,2.89,6.513816511779632
188,2.98,6.61695994534848
188,3.07,6.718217414427395
188,3.16,6.81725731034553
188,3.25,6.914151708770011
188,3.34,7.009544091106333
188,3.43,7.10306027584593
188,3.52,7.194749164105728
188,3.61,7.285257153570216
188,3.7,7.374172603806395
188,3.79,7.461526392427853
188,3.88,7.5472181981461475
188,3.97,7.6315471045667085
188,4.06,7.714395686238937
188,4.15,7.796063494234299
188,4.24,7.876417059675612
188,4.33,7.955758031469766
188,4.42,8.033937695324422
188,4.51,8.111261223226066
188,4.6,8.187565243162384
188,4.69,8.262606169058552
188,4.78,8.336486149260574
188,4.87,8.40930562746768
188,4.96,8.481163616933937
188,5.05,8.552157960281036
188,5.14,8.622385576682161
188,5.23,8.691942697996684
188,5.32,8.760925095279022
188,5.41,8.82942829694881
188,5.5,8.897547799790892
188,5.59,8.96537927385036
188,5.68,9.030915102422837
188,5.77,9.094184129333083
188,5.86,9.15715260055616
188,5.95,9.219821423461863
188,6.04,9.28212485655618
188,6.13,9.34400200081398
188,6.22,9.40539650694487
188,6.31,9.466256300086119
188,6.4,9.526533320819318
188,6.49,9.586183281485795
188,6.58,9.645165436847464
188,6.67,9.70344236820592
188,6.76,9.761063141797983
188,6.85,9.81845626896579
188,6.94,9.875163387960106
188,7.03,9.931597215444517
188,7.12,9.987319017307405
188,7.21,10.042726244745621
188,7.3,10.097398908720095
188,7.39,10.15171971292062
188,7.48,10.205338277069334
188,7.57,10.258804580122302
188,7.66,10.311888866915664
188,7.75,10.364255705541945
188,7.84,10.41643397580189
188,7.93,10.468203981088129
188,8.02,10.519244544885293
188,8.11,10.570064201023863
188,8.2,10.620452822354856
188,8.29,10.67066386003266
188,8.38,10.720246603770391
188,8.47,10.769582166309807
188,8.56,10.818469472136993
188,8.65,10.867152459991916
188,8.74,10.915199053568948
188,8.83,10.962975707419853
188,8.92,11.010422228195592
188,9.01,11.057688819970439
188,9.1,11.104729701107464
188,9.19,11.151130569972677
188,9.28,11.197243699671438
188,9.37,11.24301176700522
188,9.46,11.28857941652062
188,9.55,11.333903133212864
188,9.64,11.378906616914668
188,9.73,11.423557796395695
188,9.82,11.467907868800653
188,9.91,11.511902173567515
188,10.0,11.555679928703213
189,1.0,3.4647940946088713
189,1.09,3.678232797912977
189,1.18,3.8795689515184923
189,1.27,4.069977625036067
189,1.36,4.251136888090654
189,1.45,4.424351889721196
189,1.54,4.590162798221546
189,1.63,4.748903134988028
189,1.72,4.901636748915951
189,1.81,5.049186820480274
189,1.9,5.191688177188181
189,1.99,5.329141769006537
189,2.08,5.462371487036708
189,2.17,5.591998823877287
189,2.26,5.717966297077738
189,2.35,5.8401073488165345
189,2.44,5.959137184557884
189,2.53,6.075580196778544
189,2.62,6.1892700028526875
189,2.71,6.299940301782143
189,2.8,6.40825477078581
189,2.89,6.513932322752902
189,2.98,6.617075756321748
189,3.07,6.718333225400663
189,3.16,6.817373121318805
189,3.25,6.9142675197432855
189,3.34,7.0096599020796075
189,3.43,7.1031760868192
189,3.52,7.194864975078999
189,3.61,7.285372964543487
189,3.7,7.374288414779667
189,3.79,7.461642203401125
189,3.88,7.547334009119419
189,3.97,7.63166291553998
189,4.06,7.71451149721221
189,4.15,7.796179305207572
189,4.24,7.87653287064888
189,4.33,7.955873842443034
189,4.42,8.034053506297692
189,4.51,8.111377034199336
189,4.6,8.187681054135656
189,4.69,8.262721980031824
189,4.78,8.336601960233846
189,4.87,8.409421438440951
189,4.96,8.481279427907207
189,5.05,8.552273771254308
189,5.14,8.622501387655433
189,5.23,8.692058508969954
189,5.32,8.761040906252294
189,5.41,8.829544107922082
189,5.5,8.897663610764164
189,5.59,8.965495084823631
189,5.68,9.031030991415184
189,5.77,9.094300020998348
189,5.86,9.157268492221425
189,5.95,9.219937315127126
189,6.04,9.282240748221446
189,6.13,9.344117892479245
189,6.22,9.405512398610137
189,6.31,9.466372191751383
189,6.4,9.526649212484585
189,6.49,9.586299173151057
189,6.58,9.645281328512729
189,6.67,9.703558259871185
189,6.76,9.761179033463248
189,6.85,9.818572160631055
189,6.94,9.87527927962537
189,7.03,9.931713107109783
189,7.12,9.987434908972668
189,7.21,10.04284213641089
189,7.3,10.097514800385362
189,7.39,10.151835604585884
189,7.48,10.205454168734597
189,7.57,10.258920471787565
189,7.66,10.31200475858093
189,7.75,10.364371597207208
189,7.84,10.416549867467154
189,7.93,10.468319872753392
189,8.02,10.519360436550558
189,8.11,10.570180092689128
189,8.2,10.620568714020123
189,8.29,10.670779751697927
189,8.38,10.720362495435655
189,8.47,10.769698057975072
189,8.56,10.818585363802256
189,8.65,10.867268351657179
189,8.74,10.915314945234215
189,8.83,10.963091599085118
189,8.92,11.010538119860858
189,9.01,11.057804711635702
189,9.1,11.10484559277273
189,9.19,11.15124646163794
189,9.28,11.197359591336703
189,9.37,11.243127658670483
189,9.46,11.288695308185886
189,9.55,11.334019024878128
189,9.64,11.379022508579931
189,9.73,11.423673688060958
189,9.82,11.468023760465918
189,9.91,11.512018065232782
189,10.0,11.555795820368475
190,1.0,3.46490527314321
190,1.09,3.6783439764473167
190,1.18,3.879680130052833
190,1.27,4.070088803570409
190,1.36,4.2512480666249965
190,1.45,4.424463068255537
190,1.54,4.590273976755886
190,1.63,4.749014313522367
190,1.72,4.901747927450291
190,1.81,5.049297999014614
190,1.9,5.191799355722521
190,1.99,5.329252947540877
190,2.08,5.462482665571048
190,2.17,5.592110002411627
190,2.26,5.718077475612078
190,2.35,5.840218527350876
190,2.44,5.959248363092225
190,2.53,6.075691375312886
190,2.62,6.189381181387027
190,2.71,6.30005148031648
190,2.8,6.408365949320147
190,2.89,6.5140435012872455
190,2.98,6.617186934856091
190,3.07,6.718444403935006
190,3.16,6.8174842998531435
190,3.25,6.914378698277626
190,3.34,7.009771080613947
190,3.43,7.103287265353541
190,3.52,7.194976153613339
190,3.61,7.285484143077827
190,3.7,7.374399593314007
190,3.79,7.461753381935465
190,3.88,7.547445187653762
190,3.97,7.631774094074322
190,4.06,7.714622675746547
190,4.15,7.796290483741909
190,4.24,7.87664404918322
190,4.33,7.955985020977373
190,4.42,8.034164684832033
190,4.51,8.111488212733677
190,4.6,8.187792232669995
190,4.69,8.262833158566163
190,4.78,8.336713138768186
190,4.87,8.40953261697529
190,4.96,8.481390606441549
190,5.05,8.55238494978865
190,5.14,8.622612566189773
190,5.23,8.692169687504293
190,5.32,8.761152084786636
190,5.41,8.829655286456422
190,5.5,8.897774789298504
190,5.59,8.965606263357971
190,5.68,9.031142244847839
190,5.77,9.094411276997004
190,5.86,9.15737974822008
190,5.95,9.220048571125782
190,6.04,9.2823520042201
190,6.13,9.344229148477899
190,6.22,9.40562365460879
190,6.31,9.46648344775004
190,6.4,9.526760468483237
190,6.49,9.586410429149714
190,6.58,9.64539258451138
190,6.67,9.703669515869839
190,6.76,9.761290289461902
190,6.85,9.81868341662971
190,6.94,9.875390535624026
190,7.03,9.931824363108436
190,7.12,9.987546164971324
190,7.21,10.042953392409544
190,7.3,10.097626056384016
190,7.39,10.151946860584543
190,7.48,10.205565424733257
190,7.57,10.259031727786223
190,7.66,10.312116014579582
190,7.75,10.364482853205862
190,7.84,10.416661123465808
190,7.93,10.468431128752048
190,8.02,10.51947169254921
190,8.11,10.57029134868778
190,8.2,10.620679970018776
190,8.29,10.670891007696579
190,8.38,10.72047375143431
190,8.47,10.769809313973727
190,8.56,10.818696619800914
190,8.65,10.867379607655836
190,8.74,10.915426201232869
190,8.83,10.963202855083772
190,8.92,11.010649375859511
190,9.01,11.057915967634354
190,9.1,11.104956848771383
190,9.19,11.151357717636598
190,9.28,11.197470847335357
190,9.37,11.243238914669138
190,9.46,11.28880656418454
190,9.55,11.334130280876783
190,9.64,11.379133764578587
190,9.73,11.423784944059612
190,9.82,11.468135016464574
190,9.91,11.512129321231434
190,10.0,11.555907076367133
191,1.0,3.465012004536179
191,1.09,3.678450707840283
191,1.18,3.8797868614457993
191,1.27,4.070195534963374
191,1.36,4.251354798017962
191,1.45,4.424569799648504
191,1.54,4.590380708148853
191,1.63,4.749121044915334
191,1.72,4.901854658843257
191,1.81,5.049404730407581
191,1.9,5.191906087115488
191,1.99,5.329359678933845
191,2.08,5.462589396964016
191,2.17,5.5922167338045945
191,2.26,5.718184207005044
191,2.35,5.84032525874384
191,2.44,5.959355094485189
191,2.53,6.075798106705849
191,2.62,6.189487912779996
191,2.71,6.30015821170945
191,2.8,6.408472680713117
191,2.89,6.51415023268021
191,2.98,6.617293666249059
191,3.07,6.7185511353279725
191,3.16,6.817591031246111
191,3.25,6.914485429670592
191,3.34,7.0098778120069145
191,3.43,7.103393996746508
191,3.52,7.195082885006307
191,3.61,7.2855908744707945
191,3.7,7.374506324706975
191,3.79,7.461860113328433
191,3.88,7.547551919046724
191,3.97,7.631880825467285
191,4.06,7.714729407139513
191,4.15,7.796397215134874
191,4.24,7.876750780576187
191,4.33,7.956091752370341
191,4.42,8.034271416225
191,4.51,8.111594944126644
191,4.6,8.187898964062962
191,4.69,8.26293988995913
191,4.78,8.336819870161152
191,4.87,8.409639348368259
191,4.96,8.481497337834517
191,5.05,8.552491681181616
191,5.14,8.622719297582739
191,5.23,8.692276418897261
191,5.32,8.7612588161796
191,5.41,8.829762017849388
191,5.5,8.89788152069147
191,5.59,8.965712994750938
191,5.68,9.031249048143186
191,5.77,9.094518082755712
191,5.86,9.157486553978789
191,5.95,9.22015537688449
191,6.04,9.282458809978808
191,6.13,9.344335954236607
191,6.22,9.405730460367499
191,6.31,9.466590253508746
191,6.4,9.52686727424195
191,6.49,9.586517234908419
191,6.58,9.645499390270091
191,6.67,9.703776321628546
191,6.76,9.761397095220609
191,6.85,9.818790222388419
191,6.94,9.875497341382733
191,7.03,9.931931168867147
191,7.12,9.987652970730032
191,7.21,10.043060198168252
191,7.3,10.097732862142724
191,7.39,10.15205366634325
191,7.48,10.205672230491963
191,7.57,10.25913853354493
191,7.66,10.312222820338295
191,7.75,10.364589658964574
191,7.84,10.416767929224518
191,7.93,10.468537934510753
191,8.02,10.519578498307919
191,8.11,10.570398154446488
191,8.2,10.620786775777486
191,8.29,10.670997813455289
191,8.38,10.720580557193015
191,8.47,10.769916119732432
191,8.56,10.818803425559622
191,8.65,10.867486413414541
191,8.74,10.915533006991577
191,8.83,10.963309660842482
191,8.92,11.010756181618222
191,9.01,11.058022773393066
191,9.1,11.105063654530094
191,9.19,11.151464523395305
191,9.28,11.197577653094065
191,9.37,11.243345720427845
191,9.46,11.288913369943245
191,9.55,11.334237086635492
191,9.64,11.379240570337295
191,9.73,11.423891749818322
191,9.82,11.46824182222328
191,9.91,11.512236126990144
191,10.0,11.55601388212584
192,1.0,3.465114466673426
192,1.09,3.6785531699775316
192,1.18,3.879889323583048
192,1.27,4.070297997100623
192,1.36,4.2514572601552105
192,1.45,4.4246722617857515
192,1.54,4.590483170286101
192,1.63,4.749223507052584
192,1.72,4.901957120980507
192,1.81,5.04950719254483
192,1.9,5.192008549252735
192,1.99,5.32946214107109
192,2.08,5.462691859101261
192,2.17,5.5923191959418395
192,2.26,5.718286669142294
192,2.35,5.840427720881091
192,2.44,5.95945755662244
192,2.53,6.0759005688431005
192,2.62,6.189590374917242
192,2.71,6.300260673846698
192,2.8,6.408575142850364
192,2.89,6.5142526948174595
192,2.98,6.617396128386306
192,3.07,6.718653597465221
192,3.16,6.817693493383359
192,3.25,6.914587891807841
192,3.34,7.009980274144163
192,3.43,7.1034964588837575
192,3.52,7.195185347143555
192,3.61,7.285693336608043
192,3.7,7.37460878684422
192,3.79,7.461962575465678
192,3.88,7.547654381183972
192,3.97,7.631983287604532
192,4.06,7.714831869276762
192,4.15,7.796499677272124
192,4.24,7.876853242713435
192,4.33,7.956194214507589
192,4.42,8.034373878362247
192,4.51,8.111697406263891
192,4.6,8.18800142620021
192,4.69,8.263042352096377
192,4.78,8.336922332298402
192,4.87,8.409741810505508
192,4.96,8.481599799971764
192,5.05,8.552594143318863
192,5.14,8.622821759719988
192,5.23,8.692378881034507
192,5.32,8.76136127831685
192,5.41,8.829864479986636
192,5.5,8.897983982828718
192,5.59,8.965815456888185
192,5.68,9.03135157930672
192,5.77,9.094620616284072
192,5.86,9.157589087507148
192,5.95,9.220257910412851
192,6.04,9.282561343507167
192,6.13,9.344438487764966
192,6.22,9.405832993895858
192,6.31,9.466692787037108
192,6.4,9.526969807770307
192,6.49,9.586619768436783
192,6.58,9.645601923798448
192,6.67,9.703878855156907
192,6.76,9.76149962874897
192,6.85,9.818892755916776
192,6.94,9.875599874911092
192,7.03,9.932033702395506
192,7.12,9.987755504258391
192,7.21,10.043162731696613
192,7.3,10.097835395671085
192,7.39,10.15215619987161
192,7.48,10.205774764020324
192,7.57,10.25924106707329
192,7.66,10.312325353866653
192,7.75,10.364692192492933
192,7.84,10.416870462752877
192,7.93,10.468640468039117
192,8.02,10.519681031836281
192,8.11,10.57050068797485
192,8.2,10.620889309305841
192,8.29,10.671100346983645
192,8.38,10.720683090721376
192,8.47,10.770018653260793
192,8.56,10.818905959087981
192,8.65,10.867588946942904
192,8.74,10.915635540519935
192,8.83,10.963412194370838
192,8.92,11.010858715146577
192,9.01,11.058125306921426
192,9.1,11.105166188058451
192,9.19,11.151567056923666
192,9.28,11.197680186622426
192,9.37,11.243448253956208
192,9.46,11.289015903471608
192,9.55,11.334339620163853
192,9.64,11.379343103865656
192,9.73,11.423994283346682
192,9.82,11.468344355751642
192,9.91,11.512338660518502
192,10.0,11.556116415654197
193,1.0,3.465212830325185
193,1.09,3.6786515336292895
193,1.18,3.879987687234806
193,1.27,4.070396360752382
193,1.36,4.251555623806969
193,1.45,4.42477062543751
193,1.54,4.590581533937858
193,1.63,4.749321870704339
193,1.72,4.902055484632262
193,1.81,5.0496055561965845
193,1.9,5.192106912904496
193,1.99,5.329560504722852
193,2.08,5.462790222753022
193,2.17,5.592417559593601
193,2.26,5.718385032794051
193,2.35,5.84052608453285
193,2.44,5.959555920274198
193,2.53,6.0759989324948585
193,2.62,6.189688738569002
193,2.71,6.300359037498455
193,2.8,6.408673506502123
193,2.89,6.5143510584692175
193,2.98,6.617494492038064
193,3.07,6.71875196111698
193,3.16,6.817791857035118
193,3.25,6.9146862554596
193,3.34,7.010078637795922
193,3.43,7.103594822535513
193,3.52,7.195283710795311
193,3.61,7.285791700259799
193,3.7,7.374707150495977
193,3.79,7.462060939117435
193,3.88,7.547752744835731
193,3.97,7.632081651256291
193,4.06,7.71493023292852
193,4.15,7.7965980409238815
193,4.24,7.876951606365193
193,4.33,7.9562925781593465
193,4.42,8.034472242014004
193,4.51,8.111795769915648
193,4.6,8.188099789851968
193,4.69,8.263140715748138
193,4.78,8.33702069595016
193,4.87,8.409840174157265
193,4.96,8.481698163623522
193,5.05,8.552692506970622
193,5.14,8.622920123371744
193,5.23,8.692477244686268
193,5.32,8.761459641968607
193,5.41,8.829962843638395
193,5.5,8.898082346480477
193,5.59,8.965913820539944
193,5.68,9.031450009223713
193,5.77,9.094719048471298
193,5.86,9.157687519694374
193,5.95,9.220356342600075
193,6.04,9.282659775694395
193,6.13,9.344536919952192
193,6.22,9.405931426083084
193,6.31,9.466791219224332
193,6.4,9.527068239957533
193,6.49,9.586718200624006
193,6.58,9.645700355985678
193,6.67,9.70397728734413
193,6.76,9.761598060936194
193,6.85,9.818991188104002
193,6.94,9.875698307098318
193,7.03,9.93213213458273
193,7.12,9.987853936445616
193,7.21,10.04326116388384
193,7.3,10.09793382785831
193,7.39,10.152254632058836
193,7.48,10.20587319620755
193,7.57,10.259339499260516
193,7.66,10.31242378605388
193,7.75,10.36479062468016
193,7.84,10.416968894940103
193,7.93,10.468738900226342
193,8.02,10.519779464023506
193,8.11,10.570599120162075
193,8.2,10.620987741493071
193,8.29,10.671198779170874
193,8.38,10.720781522908604
193,8.47,10.77011708544802
193,8.56,10.819004391275204
193,8.65,10.867687379130125
193,8.74,10.91573397270716
193,8.83,10.963510626558065
193,8.92,11.010957147333805
193,9.01,11.05822373910865
193,9.1,11.105264620245679
193,9.19,11.151665489110888
193,9.28,11.197778618809648
193,9.37,11.243546686143429
193,9.46,11.289114335658834
193,9.55,11.334438052351075
193,9.64,11.379441536052878
193,9.73,11.424092715533908
193,9.82,11.468442787938868
193,9.91,11.512437092705731
193,10.0,11.556214847841424
194,1.0,3.4653072594308734
194,1.09,3.678745962734978
194,1.18,3.8800821163404926
194,1.27,4.070490789858067
194,1.36,4.251650052912654
194,1.45,4.424865054543195
194,1.54,4.590675963043548
194,1.63,4.749416299810029
194,1.72,4.902149913737953
194,1.81,5.049699985302276
194,1.9,5.192201342010182
194,1.99,5.32965493382854
194,2.08,5.46288465185871
194,2.17,5.592511988699289
194,2.26,5.71847946189974
194,2.35,5.8406205136385365
194,2.44,5.959650349379886
194,2.53,6.076093361600546
194,2.62,6.1897831676746895
194,2.71,6.300453466604143
194,2.8,6.408767935607812
194,2.89,6.514445487574906
194,2.98,6.617588921143753
194,3.07,6.7188463902226685
194,3.16,6.817886286140804
194,3.25,6.914780684565286
194,3.34,7.010173066901608
194,3.43,7.1036892516412
194,3.52,7.195378139900997
194,3.61,7.285886129365485
194,3.7,7.374801579601666
194,3.79,7.462155368223123
194,3.88,7.547847173941419
194,3.97,7.632176080361979
194,4.06,7.715024662034208
194,4.15,7.796692470029569
194,4.24,7.87704603547088
194,4.33,7.956387007265033
194,4.42,8.034566671119693
194,4.51,8.111890199021337
194,4.6,8.188194218957658
194,4.69,8.263235144853827
194,4.78,8.337115125055847
194,4.87,8.409934603262952
194,4.96,8.48179259272921
194,5.05,8.552786936076307
194,5.14,8.623014552477434
194,5.23,8.692571673791955
194,5.32,8.761554071074295
194,5.41,8.830057272744083
194,5.5,8.898176775586164
194,5.59,8.96600824964563
194,5.68,9.031544501944026
194,5.77,9.094813543371034
194,5.86,9.15778201459411
194,5.95,9.220450837499813
194,6.04,9.282754270594129
194,6.13,9.34463141485193
194,6.22,9.40602592098282
194,6.31,9.46688571412407
194,6.4,9.527162734857269
194,6.49,9.586812695523744
194,6.58,9.645794850885412
194,6.67,9.70407178224387
194,6.76,9.761692555835934
194,6.85,9.819085683003738
194,6.94,9.875792801998054
194,7.03,9.932226629482466
194,7.12,9.987948431345353
194,7.21,10.043355658783574
194,7.3,10.098028322758045
194,7.39,10.152349126958574
194,7.48,10.205967691107288
194,7.57,10.259433994160252
194,7.66,10.312518280953617
194,7.75,10.364885119579897
194,7.84,10.41706338983984
194,7.93,10.46883339512608
194,8.02,10.519873958923244
194,8.11,10.570693615061812
194,8.2,10.621082236392807
194,8.29,10.67129327407061
194,8.38,10.72087601780834
194,8.47,10.770211580347757
194,8.56,10.819098886174945
194,8.65,10.867781874029866
194,8.74,10.915828467606898
194,8.83,10.963605121457801
194,8.92,11.011051642233541
194,9.01,11.058318234008384
194,9.1,11.10535911514541
194,9.19,11.151759984010626
194,9.28,11.197873113709386
194,9.37,11.243641181043168
194,9.46,11.289208830558568
194,9.55,11.334532547250815
194,9.64,11.379536030952618
194,9.73,11.424187210433642
194,9.82,11.468537282838602
194,9.91,11.512531587605462
194,10.0,11.556309342741162
195,1.0,3.4653979113723308
195,1.09,3.6788366146764355
195,1.18,3.8801727682819553
195,1.27,4.07058144179953
195,1.36,4.251740704854118
195,1.45,4.424955706484659
195,1.54,4.590766614985006
195,1.63,4.74950695175149
195,1.72,4.9022405656794135
195,1.81,5.049790637243736
195,1.9,5.192291993951644
195,1.99,5.32974558577
195,2.08,5.46297530380017
195,2.17,5.592602640640749
195,2.26,5.7185701138412
195,2.35,5.840711165579997
195,2.44,5.959741001321348
195,2.53,6.076184013542008
195,2.62,6.1898738196161505
195,2.71,6.300544118545604
195,2.8,6.408858587549273
195,2.89,6.514536139516364
195,2.98,6.617679573085211
195,3.07,6.718937042164127
195,3.16,6.817976938082263
195,3.25,6.914871336506744
195,3.34,7.010263718843066
195,3.43,7.1037799035826605
195,3.52,7.195468791842458
195,3.61,7.285976781306946
195,3.7,7.374892231543126
195,3.79,7.462246020164583
195,3.88,7.547937825882879
195,3.97,7.632266732303439
195,4.06,7.715115313975667
195,4.15,7.796783121971028
195,4.24,7.8771366874123405
195,4.33,7.956477659206494
195,4.42,8.034657323061156
195,4.51,8.1119808509628
195,4.6,8.18828487089912
195,4.69,8.263325796795286
195,4.78,8.337205776997306
195,4.87,8.410025255204413
195,4.96,8.481883244670668
195,5.05,8.55287758801777
195,5.14,8.623105204418893
195,5.23,8.692662325733416
195,5.32,8.761644723015756
195,5.41,8.830147924685543
195,5.5,8.898267427527625
195,5.59,8.966098901587092
195,5.68,9.031635214955527
195,5.77,9.09490425847478
195,5.86,9.157872729697857
195,5.95,9.220541552603558
195,6.04,9.282844985697878
195,6.13,9.344722129955676
195,6.22,9.40611663608657
195,6.31,9.466976429227817
195,6.4,9.527253449961018
195,6.49,9.586903410627489
195,6.58,9.64588556598916
195,6.67,9.704162497347616
195,6.76,9.761783270939679
195,6.85,9.819176398107489
195,6.94,9.875883517101805
195,7.03,9.932317344586213
195,7.12,9.988039146449099
195,7.21,10.04344637388732
195,7.3,10.098119037861792
195,7.39,10.152439842062318
195,7.48,10.206058406211032
195,7.57,10.259524709264
195,7.66,10.312608996057365
195,7.75,10.364975834683644
195,7.84,10.417154104943586
195,7.93,10.468924110229826
195,8.02,10.519964674026992
195,8.11,10.570784330165559
195,8.2,10.621172951496556
195,8.29,10.671383989174359
195,8.38,10.720966732912087
195,8.47,10.770302295451504
195,8.56,10.81918960127869
195,8.65,10.867872589133611
195,8.74,10.915919182710645
195,8.83,10.96369583656155
195,8.92,11.01114235733729
195,9.01,11.058408949112136
195,9.1,11.105449830249162
195,9.19,11.151850699114373
195,9.28,11.197963828813133
195,9.37,11.243731896146913
195,9.46,11.289299545662313
195,9.55,11.334623262354556
195,9.64,11.37962674605636
195,9.73,11.424277925537389
195,9.82,11.468627997942349
195,9.91,11.512622302709213
195,10.0,11.556400057844906
196,1.0,3.465484937236136
196,1.09,3.6789236405402406
196,1.18,3.880259794145755
196,1.27,4.0706684676633325
196,1.36,4.2518277307179195
196,1.45,4.4250427323484605
196,1.54,4.59085364084881
196,1.63,4.749593977615292
196,1.72,4.902327591543215
196,1.81,5.049877663107537
196,1.9,5.192379019815445
196,1.99,5.329832611633801
196,2.08,5.463062329663973
196,2.17,5.592689666504552
196,2.26,5.718657139705003
196,2.35,5.840798191443799
196,2.44,5.95982802718515
196,2.53,6.07627103940581
196,2.62,6.18996084547995
196,2.71,6.3006311444094045
196,2.8,6.4089456134130725
196,2.89,6.514623165380166
196,2.98,6.617766598949012
196,3.07,6.7190240680279265
196,3.16,6.818063963946066
196,3.25,6.914958362370546
196,3.34,7.0103507447068685
196,3.43,7.103866929446462
196,3.52,7.19555581770626
196,3.61,7.2860638071707475
196,3.7,7.374979257406928
196,3.79,7.462333046028386
196,3.88,7.548024851746679
196,3.97,7.63235375816724
196,4.06,7.715202339839469
196,4.15,7.796870147834831
196,4.24,7.877223713276145
196,4.33,7.9565646850702985
196,4.42,8.034744348924958
196,4.51,8.112067876826602
196,4.6,8.18837189676292
196,4.69,8.263412822659086
196,4.78,8.33729280286111
196,4.87,8.410112281068212
196,4.96,8.481970270534472
196,5.05,8.55296461388157
196,5.14,8.623192230282696
196,5.23,8.692749351597218
196,5.32,8.761731748879557
196,5.41,8.830234950549345
196,5.5,8.898354453391427
196,5.59,8.966185927450894
196,5.68,9.031722299446567
196,5.77,9.094991344974378
196,5.86,9.157959816197454
196,5.95,9.220628639103156
196,6.04,9.282932072197474
196,6.13,9.344809216455275
196,6.22,9.406203722586165
196,6.31,9.467063515727414
196,6.4,9.527340536460613
196,6.49,9.586990497127088
196,6.58,9.645972652488755
196,6.67,9.704249583847213
196,6.76,9.761870357439276
196,6.85,9.819263484607083
196,6.94,9.875970603601399
196,7.03,9.932404431085814
196,7.12,9.9881262329487
196,7.21,10.043533460386918
196,7.3,10.098206124361388
196,7.39,10.152526928561915
196,7.48,10.206145492710629
196,7.57,10.259611795763595
196,7.66,10.31269608255696
196,7.75,10.365062921183238
196,7.84,10.417241191443184
196,7.93,10.469011196729426
196,8.02,10.52005176052659
196,8.11,10.570871416665156
196,8.2,10.621260037996153
196,8.29,10.671471075673956
196,8.38,10.721053819411686
196,8.47,10.7703893819511
196,8.56,10.819276687778288
196,8.65,10.86795967563321
196,8.74,10.916006269210243
196,8.83,10.963782923061148
196,8.92,11.011229443836887
196,9.01,11.058496035611732
196,9.1,11.105536916748758
196,9.19,11.15193778561397
196,9.28,11.198050915312733
196,9.37,11.243818982646513
196,9.46,11.289386632161918
196,9.55,11.334710348854157
196,9.64,11.37971383255596
196,9.73,11.424365012036986
196,9.82,11.468715084441946
196,9.91,11.512709389208808
196,10.0,11.556487144344501
197,1.0,3.465568482065385
197,1.09,3.67900718536949
197,1.18,3.880343338975006
197,1.27,4.070752012492582
197,1.36,4.25191127554717
197,1.45,4.42512627717771
197,1.54,4.59093718567806
197,1.63,4.749677522444541
197,1.72,4.902411136372466
197,1.81,5.049961207936789
197,1.9,5.192462564644695
197,1.99,5.329916156463051
197,2.08,5.4631458744932235
197,2.17,5.592773211333802
197,2.26,5.71874068453425
197,2.35,5.840881736273047
197,2.44,5.959911572014398
197,2.53,6.076354584235058
197,2.62,6.1900443903092
197,2.71,6.300714689238653
197,2.8,6.40902915824232
197,2.89,6.514706710209416
197,2.98,6.617850143778262
197,3.07,6.719107612857177
197,3.16,6.818147508775315
197,3.25,6.915041907199797
197,3.34,7.010434289536118
197,3.43,7.103950474275712
197,3.52,7.19563936253551
197,3.61,7.286147351999998
197,3.7,7.375062802236177
197,3.79,7.462416590857635
197,3.88,7.54810839657593
197,3.97,7.6324373029964905
197,4.06,7.715285884668721
197,4.15,7.796953692664083
197,4.24,7.877307258105395
197,4.33,7.956648229899549
197,4.42,8.034827893754207
197,4.51,8.11215142165585
197,4.6,8.188455441592168
197,4.69,8.263496367488338
197,4.78,8.337376347690357
197,4.87,8.410195825897464
197,4.96,8.48205381536372
197,5.05,8.553048158710821
197,5.14,8.623275775111946
197,5.23,8.692832896426467
197,5.32,8.761815293708807
197,5.41,8.830318495378595
197,5.5,8.898437998220677
197,5.59,8.966269472280144
197,5.68,9.031805900557966
197,5.77,9.095074948013991
197,5.86,9.158043419237067
197,5.95,9.22071224214277
197,6.04,9.283015675237086
197,6.13,9.344892819494886
197,6.22,9.40628732562578
197,6.31,9.467147118767027
197,6.4,9.527424139500228
197,6.49,9.587074100166701
197,6.58,9.646056255528372
197,6.67,9.704333186886824
197,6.76,9.761953960478888
197,6.85,9.819347087646698
197,6.94,9.876054206641014
197,7.03,9.932488034125424
197,7.12,9.988209835988311
197,7.21,10.043617063426534
197,7.3,10.098289727401006
197,7.39,10.15261053160153
197,7.48,10.206229095750244
197,7.57,10.259695398803208
197,7.66,10.312779685596572
197,7.75,10.365146524222853
197,7.84,10.417324794482795
197,7.93,10.469094799769035
197,8.02,10.5201353635662
197,8.11,10.570955019704769
197,8.2,10.621343641035768
197,8.29,10.671554678713571
197,8.38,10.7211374224513
197,8.47,10.770472984990715
197,8.56,10.819360290817905
197,8.65,10.868043278672825
197,8.74,10.916089872249858
197,8.83,10.963866526100759
197,8.92,11.011313046876499
197,9.01,11.058579638651345
197,9.1,11.105620519788372
197,9.19,11.152021388653585
197,9.28,11.198134518352346
197,9.37,11.243902585686127
197,9.46,11.289470235201527
197,9.55,11.33479395189377
197,9.64,11.379797435595574
197,9.73,11.424448615076601
197,9.82,11.468798687481561
197,9.91,11.512792992248423
197,10.0,11.556570747384121
198,1.0,3.465648685101465
198,1.09,3.67908738840557
198,1.18,3.880423542011086
198,1.27,4.070832215528661
198,1.36,4.251991478583251
198,1.45,4.425206480213792
198,1.54,4.59101738871414
198,1.63,4.749757725480621
198,1.72,4.902491339408546
198,1.81,5.050041410972869
198,1.9,5.192542767680773
198,1.99,5.3299963594991295
198,2.08,5.463226077529301
198,2.17,5.5928534143698805
198,2.26,5.71882088757033
198,2.35,5.8409619393091265
198,2.44,5.959991775050475
198,2.53,6.076434787271135
198,2.62,6.19012459334528
198,2.71,6.300794892274733
198,2.8,6.4091093612784
198,2.89,6.514786913245495
198,2.98,6.617930346814342
198,3.07,6.719187815893257
198,3.16,6.818227711811395
198,3.25,6.915122110235877
198,3.34,7.010514492572199
198,3.43,7.1040306773117905
198,3.52,7.195719565571589
198,3.61,7.286227555036077
198,3.7,7.375143005272258
198,3.79,7.462496793893715
198,3.88,7.548188599612012
198,3.97,7.632517506032572
198,4.06,7.715366087704801
198,4.15,7.797033895700163
198,4.24,7.877387461141474
198,4.33,7.956728432935627
198,4.42,8.034908096790286
198,4.51,8.11223162469193
198,4.6,8.18853564462825
198,4.69,8.263576570524414
198,4.78,8.337456550726438
198,4.87,8.410276028933543
198,4.96,8.482134018399801
198,5.05,8.553128361746902
198,5.14,8.623355978148025
198,5.23,8.692913099462546
198,5.32,8.761895496744888
198,5.41,8.830398698414674
198,5.5,8.898518201256756
198,5.59,8.966349675316224
198,5.68,9.031886157624909
198,5.77,9.09515520693202
198,5.86,9.158123678155096
198,5.95,9.220792501060798
198,6.04,9.283095934155117
198,6.13,9.344973078412915
198,6.22,9.406367584543807
198,6.31,9.467227377685056
198,6.4,9.527504398418257
198,6.49,9.58715435908473
198,6.58,9.646136514446399
198,6.67,9.704413445804857
198,6.76,9.76203421939692
198,6.85,9.819427346564725
198,6.94,9.87613446555904
198,7.03,9.932568293043454
198,7.12,9.98829009490634
198,7.21,10.04369732234456
198,7.3,10.098369986319032
198,7.39,10.15269079051956
198,7.48,10.206309354668274
198,7.57,10.25977565772124
198,7.66,10.312859944514603
198,7.75,10.365226783140882
198,7.84,10.417405053400824
198,7.93,10.469175058687064
198,8.02,10.52021562248423
198,8.11,10.571035278622796
198,8.2,10.621423899953793
198,8.29,10.671634937631596
198,8.38,10.721217681369325
198,8.47,10.770553243908742
198,8.56,10.819440549735933
198,8.65,10.868123537590854
198,8.74,10.916170131167886
198,8.83,10.96394678501879
198,8.92,11.01139330579453
198,9.01,11.058659897569378
198,9.1,11.105700778706403
198,9.19,11.152101647571614
198,9.28,11.198214777270373
198,9.37,11.243982844604153
198,9.46,11.289550494119556
198,9.55,11.334874210811801
198,9.64,11.379877694513604
198,9.73,11.42452887399463
198,9.82,11.46887894639959
198,9.91,11.512873251166454
198,10.0,11.556651006302147
199,1.0,3.465725680016103
199,1.09,3.6791643833202077
199,1.18,3.880500536925723
199,1.27,4.070909210443298
199,1.36,4.2520684734978875
199,1.45,4.4252834751284285
199,1.54,4.591094383628774
199,1.63,4.749834720395256
199,1.72,4.90256833432318
199,1.81,5.050118405887504
199,1.9,5.19261976259541
199,1.99,5.3300733544137655
199,2.08,5.463303072443935
199,2.17,5.592930409284515
199,2.26,5.718897882484967
199,2.35,5.841038934223763
199,2.44,5.960068769965112
199,2.53,6.076511782185772
199,2.62,6.190201588259916
199,2.71,6.30087188718937
199,2.8,6.409186356193037
199,2.89,6.514863908160132
199,2.98,6.618007341728979
199,3.07,6.7192648108078945
199,3.16,6.81830470672603
199,3.25,6.915199105150513
199,3.34,7.010591487486835
199,3.43,7.104107672226428
199,3.52,7.195796560486226
199,3.61,7.286304549950714
199,3.7,7.375220000186896
199,3.79,7.462573788808354
199,3.88,7.548265594526649
199,3.97,7.632594500947209
199,4.06,7.715443082619437
199,4.15,7.797110890614798
199,4.24,7.87746445605611
199,4.33,7.956805427850263
199,4.42,8.034985091704923
199,4.51,8.112308619606567
199,4.6,8.188612639542884
199,4.69,8.263653565439052
199,4.78,8.337533545641074
199,4.87,8.410353023848181
199,4.96,8.482211013314439
199,5.05,8.553205356661538
199,5.14,8.62343297306266
199,5.23,8.692990094377183
199,5.32,8.761972491659524
199,5.41,8.83047569332931
199,5.5,8.898595196171392
199,5.59,8.96642667023086
199,5.68,9.031963204409173
199,5.77,9.095232255493327
199,5.86,9.158200726716403
199,5.95,9.220869549622106
199,6.04,9.283172982716422
199,6.13,9.345050126974224
199,6.22,9.406444633105114
199,6.31,9.467304426246363
199,6.4,9.527581446979564
199,6.49,9.587231407646039
199,6.58,9.646213563007707
199,6.67,9.704490494366162
199,6.76,9.762111267958225
199,6.85,9.819504395126035
199,6.94,9.876211514120351
199,7.03,9.93264534160476
199,7.12,9.988367143467647
199,7.21,10.043774370905869
199,7.3,10.09844703488034
199,7.39,10.152767839080866
199,7.48,10.20638640322958
199,7.57,10.259852706282546
199,7.66,10.312936993075912
199,7.75,10.365303831702192
199,7.84,10.417482101962134
199,7.93,10.469252107248373
199,8.02,10.520292671045537
199,8.11,10.571112327184103
199,8.2,10.6215009485151
199,8.29,10.671711986192904
199,8.38,10.721294729930635
199,8.47,10.770630292470049
199,8.56,10.819517598297239
199,8.65,10.86820058615216
199,8.74,10.91624717972919
199,8.83,10.964023833580095
199,8.92,11.011470354355835
199,9.01,11.058736946130685
199,9.1,11.10577782726771
199,9.19,11.152178696132923
199,9.28,11.198291825831681
199,9.37,11.244059893165463
199,9.46,11.289627542680869
199,9.55,11.33495125937311
199,9.64,11.379954743074913
199,9.73,11.424605922555939
199,9.82,11.468955994960897
199,9.91,11.512950299727757
199,10.0,11.556728054863456
200,1.0,3.465799595134155
200,1.09,3.6792382984382597
200,1.18,3.8805744520437724
200,1.27,4.070983125561348
200,1.36,4.252142388615936
200,1.45,4.425357390246478
200,1.54,4.591168298746825
200,1.63,4.749908635513306
200,1.72,4.90264224944123
200,1.81,5.050192321005553
200,1.9,5.192693677713462
200,1.99,5.3301472695318175
200,2.08,5.463376987561987
200,2.17,5.593004324402566
200,2.26,5.718971797603018
200,2.35,5.8411128493418145
200,2.44,5.960142685083163
200,2.53,6.076585697303823
200,2.62,6.1902755033779675
200,2.71,6.300945802307421
200,2.8,6.40926027131109
200,2.89,6.514937823278181
200,2.98,6.618081256847029
200,3.07,6.719338725925945
200,3.16,6.818378621844082
200,3.25,6.915273020268564
200,3.34,7.010665402604886
200,3.43,7.104181587344481
200,3.52,7.195870475604279
200,3.61,7.286378465068767
200,3.7,7.3752939153049475
200,3.79,7.462647703926405
200,3.88,7.548339509644699
200,3.97,7.6326684160652585
200,4.06,7.715516997737487
200,4.15,7.797184805732849
200,4.24,7.877538371174162
200,4.33,7.956879342968316
200,4.42,8.035059006822973
200,4.51,8.112382534724617
200,4.6,8.188686554660935
200,4.69,8.263727480557103
200,4.78,8.337607460759127
200,4.87,8.410426938966234
200,4.96,8.48228492843249
200,5.05,8.553279271779589
200,5.14,8.623506888180712
200,5.23,8.693064009495235
200,5.32,8.762046406777573
200,5.41,8.830549608447361
200,5.5,8.898669111289443
200,5.59,8.96650058534891
200,5.68,9.032037169322068
200,5.77,9.095306222112182
200,5.86,9.158274693335258
200,5.95,9.220943516240961
200,6.04,9.283246949335279
200,6.13,9.345124093593077
200,6.22,9.40651859972397
200,6.31,9.467378392865218
200,6.4,9.527655413598419
200,6.49,9.587305374264893
200,6.58,9.646287529626564
200,6.67,9.704564460985019
200,6.76,9.762185234577082
200,6.85,9.819578361744888
200,6.94,9.876285480739204
200,7.03,9.932719308223618
200,7.12,9.988441110086505
200,7.21,10.043848337524722
200,7.3,10.098521001499195
200,7.39,10.152841805699722
200,7.48,10.206460369848436
200,7.57,10.259926672901402
200,7.66,10.313010959694765
200,7.75,10.365377798321045
200,7.84,10.41755606858099
200,7.93,10.46932607386723
200,8.02,10.520366637664395
200,8.11,10.571186293802961
200,8.2,10.621574915133957
200,8.29,10.67178595281176
200,8.38,10.72136869654949
200,8.47,10.770704259088903
200,8.56,10.819591564916092
200,8.65,10.868274552771014
200,8.74,10.916321146348048
200,8.83,10.96409780019895
200,8.92,11.01154432097469
200,9.01,11.058810912749538
200,9.1,11.105851793886563
200,9.19,11.152252662751774
200,9.28,11.198365792450534
200,9.37,11.244133859784316
200,9.46,11.289701509299721
200,9.55,11.335025225991965
200,9.64,11.380028709693768
200,9.73,11.424679889174795
200,9.82,11.469029961579754
200,9.91,11.513024266346616
200,10.0,11.556802021482316
201,1.0,3.4658705536474814
201,1.09,3.679309256951587
201,1.18,3.8806454105571007
201,1.27,4.071054084074676
201,1.36,4.252213347129263
201,1.45,4.425428348759804
201,1.54,4.591239257260155
201,1.63,4.7499795940266365
201,1.72,4.90271320795456
201,1.81,5.050263279518882
201,1.9,5.19276463622679
201,1.99,5.330218228045147
201,2.08,5.463447946075316
201,2.17,5.593075282915895
201,2.26,5.719042756116347
201,2.35,5.841183807855144
201,2.44,5.960213643596494
201,2.53,6.076656655817154
201,2.62,6.190346461891295
201,2.71,6.301016760820749
201,2.8,6.409331229824417
201,2.89,6.515008781791511
201,2.98,6.618152215360358
201,3.07,6.719409684439274
201,3.16,6.818449580357413
201,3.25,6.915343978781895
201,3.34,7.010736361118217
201,3.43,7.10425254585781
201,3.52,7.195941434117608
201,3.61,7.286449423582096
201,3.7,7.375364873818276
201,3.79,7.462718662439732
201,3.88,7.5484104681580275
201,3.97,7.632739374578588
201,4.06,7.715587956250817
201,4.15,7.79725576424618
201,4.24,7.877609329687489
201,4.33,7.956950301481643
201,4.42,8.035129965336301
201,4.51,8.112453493237945
201,4.6,8.188757513174265
201,4.69,8.263798439070433
201,4.78,8.337678419272457
201,4.87,8.410497897479562
201,4.96,8.482355886945818
201,5.05,8.553350230292917
201,5.14,8.623577846694042
201,5.23,8.693134968008561
201,5.32,8.762117365290903
201,5.41,8.83062056696069
201,5.5,8.898740069802772
201,5.59,8.966571543862239
201,5.68,9.032108175638447
201,5.77,9.095377230066283
201,5.86,9.15834570128936
201,5.95,9.221014524195061
201,6.04,9.28331795728938
201,6.13,9.34519510154718
201,6.22,9.40658960767807
201,6.31,9.46744940081932
201,6.4,9.527726421552519
201,6.49,9.587376382218993
201,6.58,9.646358537580664
201,6.67,9.704635468939122
201,6.76,9.762256242531185
201,6.85,9.81964936969899
201,6.94,9.876356488693306
201,7.03,9.932790316177716
201,7.12,9.988512118040603
201,7.21,10.043919345478827
201,7.3,10.098592009453299
201,7.39,10.15291281365382
201,7.48,10.206531377802534
201,7.57,10.259997680855502
201,7.66,10.313081967648866
201,7.75,10.365448806275147
201,7.84,10.41762707653509
201,7.93,10.469397081821329
201,8.02,10.520437645618493
201,8.11,10.571257301757063
201,8.2,10.621645923088058
201,8.29,10.671856960765862
201,8.38,10.721439704503593
201,8.47,10.770775267043007
201,8.56,10.819662572870193
201,8.65,10.868345560725116
201,8.74,10.91639215430215
201,8.83,10.964168808153051
201,8.92,11.01161532892879
201,9.01,11.058881920703636
201,9.1,11.105922801840665
201,9.19,11.152323670705877
201,9.28,11.198436800404634
201,9.37,11.244204867738416
201,9.46,11.289772517253823
201,9.55,11.335096233946063
201,9.64,11.380099717647866
201,9.73,11.424750897128892
201,9.82,11.469100969533851
201,9.91,11.513095274300715
201,10.0,11.556873029436414
202,1.0,3.4659386738202755
202,1.09,3.6793773771243803
202,1.18,3.8807135307298983
202,1.27,4.071122204247473
202,1.36,4.25228146730206
202,1.45,4.4254964689326
202,1.54,4.59130737743295
202,1.63,4.750047714199432
202,1.72,4.902781328127356
202,1.81,5.050331399691678
202,1.9,5.192832756399587
202,1.99,5.330286348217943
202,2.08,5.463516066248114
202,2.17,5.593143403088693
202,2.26,5.719110876289141
202,2.35,5.841251928027939
202,2.44,5.960281763769288
202,2.53,6.076724775989948
202,2.62,6.190414582064092
202,2.71,6.301084880993545
202,2.8,6.409399349997214
202,2.89,6.515076901964309
202,2.98,6.618220335533156
202,3.07,6.719477804612072
202,3.16,6.818517700530209
202,3.25,6.915412098954691
202,3.34,7.010804481291013
202,3.43,7.104320666030605
202,3.52,7.196009554290402
202,3.61,7.28651754375489
202,3.7,7.375432993991071
202,3.79,7.462786782612528
202,3.88,7.548478588330824
202,3.97,7.632807494751385
202,4.06,7.7156560764236115
202,4.15,7.797323884418974
202,4.24,7.877677449860284
202,4.33,7.957018421654438
202,4.42,8.035198085509098
202,4.51,8.112521613410742
202,4.6,8.188825633347061
202,4.69,8.263866559243231
202,4.78,8.337746539445252
202,4.87,8.410566017652357
202,4.96,8.482424007118613
202,5.05,8.553418350465714
202,5.14,8.623645966866835
202,5.23,8.69320308818136
202,5.32,8.762185485463698
202,5.41,8.830688687133486
202,5.5,8.898808189975567
202,5.59,8.966639664035034
202,5.68,9.03217634170217
202,5.77,9.095445397702221
202,5.86,9.158413868925297
202,5.95,9.221082691830999
202,6.04,9.283386124925316
202,6.13,9.345263269183116
202,6.22,9.406657775314008
202,6.31,9.467517568455255
202,6.4,9.527794589188456
202,6.49,9.58744454985493
202,6.58,9.6464267052166
202,6.67,9.704703636575056
202,6.76,9.76232441016712
202,6.85,9.81971753733493
202,6.94,9.876424656329245
202,7.03,9.932858483813654
202,7.12,9.98858028567654
202,7.21,10.043987513114761
202,7.3,10.098660177089233
202,7.39,10.152980981289762
202,7.48,10.206599545438475
202,7.57,10.260065848491442
202,7.66,10.3131501352848
202,7.75,10.365516973911081
202,7.84,10.417695244171027
202,7.93,10.469465249457267
202,8.02,10.520505813254431
202,8.11,10.571325469393
202,8.2,10.621714090723994
202,8.29,10.671925128401798
202,8.38,10.721507872139528
202,8.47,10.770843434678945
202,8.56,10.819730740506131
202,8.65,10.868413728361054
202,8.74,10.91646032193809
202,8.83,10.96423697578899
202,8.92,11.01168349656473
202,9.01,11.058950088339573
202,9.1,11.105990969476602
202,9.19,11.152391838341815
202,9.28,11.198504968040572
202,9.37,11.244273035374354
202,9.46,11.289840684889757
202,9.55,11.335164401582
202,9.64,11.380167885283804
202,9.73,11.424819064764831
202,9.82,11.469169137169787
202,9.91,11.513163441936651
202,10.0,11.556941197072351
203,1.0,3.4660040691861607
203,1.09,3.6794427724902645
203,1.18,3.880778926095781
203,1.27,4.071187599613356
203,1.36,4.252346862667944
203,1.45,4.425561864298484
203,1.54,4.591372772798835
203,1.63,4.750113109565317
203,1.72,4.902846723493242
203,1.81,5.050396795057564
203,1.9,5.192898151765468
203,1.99,5.330351743583826
203,2.08,5.4635814616139955
203,2.17,5.593208798454575
203,2.26,5.719176271655026
203,2.35,5.841317323393823
203,2.44,5.960347159135173
203,2.53,6.076790171355833
203,2.62,6.190479977429978
203,2.71,6.301150276359431
203,2.8,6.409464745363099
203,2.89,6.515142297330193
203,2.98,6.61828573089904
203,3.07,6.719543199977956
203,3.16,6.818583095896092
203,3.25,6.915477494320573
203,3.34,7.010869876656895
203,3.43,7.104386061396489
203,3.52,7.196074949656286
203,3.61,7.286582939120774
203,3.7,7.375498389356956
203,3.79,7.462852177978414
203,3.88,7.548543983696707
203,3.97,7.632872890117268
203,4.06,7.715721471789495
203,4.15,7.797389279784857
203,4.24,7.8777428452261695
203,4.33,7.957083817020323
203,4.42,8.035263480874983
203,4.51,8.112587008776627
203,4.6,8.188891028712947
203,4.69,8.263931954609113
203,4.78,8.337811934811135
203,4.87,8.41063141301824
203,4.96,8.482489402484498
203,5.05,8.553483745831596
203,5.14,8.623711362232722
203,5.23,8.693268483547241
203,5.32,8.762250880829583
203,5.41,8.830754082499368
203,5.5,8.89887358534145
203,5.59,8.966705059400917
203,5.68,9.032241781123345
203,5.77,9.095510838632721
203,5.86,9.158479309855798
203,5.95,9.221148132761499
203,6.04,9.283451565855817
203,6.13,9.345328710113614
203,6.22,9.406723216244506
203,6.31,9.467583009385756
203,6.4,9.527860030118955
203,6.49,9.58750999078543
203,6.58,9.646492146147098
203,6.67,9.704769077505555
203,6.76,9.762389851097618
203,6.85,9.819782978265426
203,6.94,9.876490097259742
203,7.03,9.932923924744156
203,7.12,9.988645726607043
203,7.21,10.044052954045261
203,7.3,10.098725618019733
203,7.39,10.153046422220259
203,7.48,10.206664986368972
203,7.57,10.260131289421938
203,7.66,10.313215576215304
203,7.75,10.365582414841585
203,7.84,10.417760685101529
203,7.93,10.469530690387764
203,8.02,10.520571254184928
203,8.11,10.5713909103235
203,8.2,10.621779531654495
203,8.29,10.671990569332298
203,8.38,10.721573313070028
203,8.47,10.770908875609445
203,8.56,10.81979618143663
203,8.65,10.868479169291552
203,8.74,10.916525762868586
203,8.83,10.964302416719491
203,8.92,11.01174893749523
203,9.01,11.059015529270074
203,9.1,11.106056410407103
203,9.19,11.152457279272317
203,9.28,11.198570408971074
203,9.37,11.244338476304856
203,9.46,11.289906125820256
203,9.55,11.3352298425125
203,9.64,11.380233326214304
203,9.73,11.424884505695331
203,9.82,11.469234578100288
203,9.91,11.51322888286715
203,10.0,11.557006638002848
204,1.0,3.466066848737409
204,1.09,3.6795055520415136
204,1.18,3.880841705647031
204,1.27,4.0712503791646055
204,1.36,4.252409642219195
204,1.45,4.425624643849735
204,1.54,4.591435552350082
204,1.63,4.750175889116565
204,1.72,4.902909503044487
204,1.81,5.050459574608811
204,1.9,5.192960931316717
204,1.99,5.330414523135074
204,2.08,5.4636442411652455
204,2.17,5.593271578005825
204,2.26,5.7192390512062765
204,2.35,5.841380102945073
204,2.44,5.960409938686423
204,2.53,6.076852950907083
204,2.62,6.190542756981227
204,2.71,6.30121305591068
204,2.8,6.409527524914348
204,2.89,6.515205076881442
204,2.98,6.6183485104502875
204,3.07,6.719605979529202
204,3.16,6.8186458754473405
204,3.25,6.915540273871822
204,3.34,7.010932656208143
204,3.43,7.104448840947739
204,3.52,7.196137729207537
204,3.61,7.286645718672025
204,3.7,7.375561168908203
204,3.79,7.462914957529661
204,3.88,7.548606763247955
204,3.97,7.632935669668516
204,4.06,7.715784251340745
204,4.15,7.7974520593361065
204,4.24,7.877805624777419
204,4.33,7.957146596571572
204,4.42,8.035326260426233
204,4.51,8.112649788327877
204,4.6,8.188953808264193
204,4.69,8.263994734160361
204,4.78,8.337874714362384
204,4.87,8.41069419256949
204,4.96,8.482552182035745
204,5.05,8.553546525382847
204,5.14,8.623774141783969
204,5.23,8.693331263098491
204,5.32,8.76231366038083
204,5.41,8.830816862050616
204,5.5,8.898936364892698
204,5.59,8.966767838952165
204,5.68,9.032304602967672
204,5.77,9.095573661926002
204,5.86,9.158542133149078
204,5.95,9.22121095605478
204,6.04,9.283514389149097
204,6.13,9.345391533406895
204,6.22,9.406786039537785
204,6.31,9.467645832679034
204,6.4,9.527922853412235
204,6.49,9.587572814078708
204,6.58,9.646554969440379
204,6.67,9.704831900798833
204,6.76,9.762452674390897
204,6.85,9.819845801558705
204,6.94,9.87655292055302
204,7.03,9.932986748037433
204,7.12,9.98870854990032
204,7.21,10.044115777338542
204,7.3,10.098788441313015
204,7.39,10.153109245513539
204,7.48,10.206727809662253
204,7.57,10.260194112715219
204,7.66,10.313278399508581
204,7.75,10.365645238134862
204,7.84,10.417823508394806
204,7.93,10.469593513681048
204,8.02,10.520634077478212
204,8.11,10.571453733616782
204,8.2,10.621842354947772
204,8.29,10.672053392625575
204,8.38,10.721636136363305
204,8.47,10.770971698902724
204,8.56,10.81985900472991
204,8.65,10.868541992584833
204,8.74,10.916588586161867
204,8.83,10.96436524001277
204,8.92,11.01181176078851
204,9.01,11.059078352563352
204,9.1,11.106119233700381
204,9.19,11.152520102565594
204,9.28,11.198633232264354
204,9.37,11.244401299598136
204,9.46,11.289968949113536
204,9.55,11.335292665805781
204,9.64,11.380296149507585
204,9.73,11.424947328988614
204,9.82,11.46929740139357
204,9.91,11.513291706160432
204,10.0,11.557069461296127
205,1.0,3.46612711710661
205,1.09,3.679565820410714
205,1.18,3.8809019740162274
205,1.27,4.071310647533804
205,1.36,4.252469910588391
205,1.45,4.425684912218933
205,1.54,4.591495820719281
205,1.63,4.750236157485763
205,1.72,4.902969771413687
205,1.81,5.050519842978011
205,1.9,5.193021199685918
205,1.99,5.330474791504274
205,2.08,5.463704509534446
205,2.17,5.593331846375024
205,2.26,5.719299319575476
205,2.35,5.841440371314272
205,2.44,5.960470207055622
205,2.53,6.076913219276283
205,2.62,6.190603025350424
205,2.71,6.301273324279878
205,2.8,6.409587793283545
205,2.89,6.51526534525064
205,2.98,6.618408778819487
205,3.07,6.719666247898401
205,3.16,6.818706143816541
205,3.25,6.915600542241022
205,3.34,7.010992924577344
205,3.43,7.104509109316936
205,3.52,7.196197997576735
205,3.61,7.2867059870412225
205,3.7,7.375621437277402
205,3.79,7.46297522589886
205,3.88,7.548667031617154
205,3.97,7.632995938037715
205,4.06,7.715844519709944
205,4.15,7.797512327705306
205,4.24,7.877865893146619
205,4.33,7.957206864940773
205,4.42,8.03538652879543
205,4.51,8.112710056697074
205,4.6,8.189014076633391
205,4.69,8.26405500252956
205,4.78,8.337934982731584
205,4.87,8.410754460938687
205,4.96,8.482612450404947
205,5.05,8.553606793752044
205,5.14,8.623834410153169
205,5.23,8.693391531467688
205,5.32,8.762373928750028
205,5.41,8.830877130419815
205,5.5,8.898996633261897
205,5.59,8.966828107321364
205,5.68,9.032364911938227
205,5.77,9.095633972287551
205,5.86,9.158602443510627
205,5.95,9.221271266416329
205,6.04,9.283574699510647
205,6.13,9.345451843768444
205,6.22,9.406846349899334
205,6.31,9.467706143040582
205,6.4,9.527983163773783
205,6.49,9.587633124440258
205,6.58,9.646615279801926
205,6.67,9.704892211160383
205,6.76,9.762512984752446
205,6.85,9.819906111920252
205,6.94,9.876613230914568
205,7.03,9.93304705839898
205,7.12,9.988768860261867
205,7.21,10.04417608770009
205,7.3,10.098848751674561
205,7.39,10.153169555875088
205,7.48,10.206788120023802
205,7.57,10.26025442307677
205,7.66,10.31333870987013
205,7.75,10.365705548496411
205,7.84,10.417883818756355
205,7.93,10.469653824042593
205,8.02,10.520694387839757
205,8.11,10.571514043978327
205,8.2,10.621902665309324
205,8.29,10.672113702987128
205,8.38,10.721696446724858
205,8.47,10.771032009264275
205,8.56,10.819919315091457
205,8.65,10.868602302946378
205,8.74,10.916648896523412
205,8.83,10.964425550374317
205,8.92,11.011872071150057
205,9.01,11.059138662924902
205,9.1,11.10617954406193
205,9.19,11.152580412927144
205,9.28,11.198693542625902
205,9.37,11.244461609959684
205,9.46,11.290029259475084
205,9.55,11.335352976167329
205,9.64,11.380356459869132
205,9.73,11.42500763935016
205,9.82,11.46935771175512
205,9.91,11.513352016521981
205,10.0,11.557129771657676
206,1.0,3.4661849747410383
206,1.09,3.679623678045144
206,1.18,3.8809598316506584
206,1.27,4.071368505168234
206,1.36,4.252527768222823
206,1.45,4.425742769853365
206,1.54,4.591553678353714
206,1.63,4.750294015120195
206,1.72,4.90302762904812
206,1.81,5.050577700612442
206,1.9,5.193079057320349
206,1.99,5.330532649138705
206,2.08,5.463762367168877
206,2.17,5.593389704009456
206,2.26,5.719357177209905
206,2.35,5.841498228948702
206,2.44,5.960528064690051
206,2.53,6.076971076910711
206,2.62,6.190660882984855
206,2.71,6.301331181914309
206,2.8,6.409645650917975
206,2.89,6.515323202885072
206,2.98,6.618466636453919
206,3.07,6.719724105532834
206,3.16,6.81876400145097
206,3.25,6.915658399875452
206,3.34,7.0110507822117745
206,3.43,7.104566966951366
206,3.52,7.196255855211165
206,3.61,7.286763844675653
206,3.7,7.375679294911833
206,3.79,7.463033083533291
206,3.88,7.548724889251586
206,3.97,7.633053795672146
206,4.06,7.715902377344376
206,4.15,7.797570185339739
206,4.24,7.877923750781048
206,4.33,7.957264722575202
206,4.42,8.03544438642986
206,4.51,8.112767914331505
206,4.6,8.189071934267822
206,4.69,8.264112860163992
206,4.78,8.337992840366013
206,4.87,8.410812318573122
206,4.96,8.482670308039376
206,5.05,8.553664651386475
206,5.14,8.623892267787596
206,5.23,8.693449389102119
206,5.32,8.762431786384457
206,5.41,8.830934988054246
206,5.5,8.899054490896328
206,5.59,8.966885964955795
206,5.68,9.03242280854996
206,5.77,9.095691870234639
206,5.86,9.158660341457715
206,5.95,9.221329164363416
206,6.04,9.283632597457734
206,6.13,9.345509741715532
206,6.22,9.406904247846422
206,6.31,9.467764040987669
206,6.4,9.528041061720868
206,6.49,9.587691022387343
206,6.58,9.646673177749014
206,6.67,9.704950109107468
206,6.76,9.762570882699531
206,6.85,9.81996400986734
206,6.94,9.876671128861656
206,7.03,9.933104956346066
206,7.12,9.988826758208953
206,7.21,10.044233985647175
206,7.3,10.098906649621647
206,7.39,10.153227453822174
206,7.48,10.206846017970888
206,7.57,10.260312321023854
206,7.66,10.313396607817218
206,7.75,10.365763446443498
206,7.84,10.417941716703444
206,7.93,10.46971172198968
206,8.02,10.520752285786845
206,8.11,10.571571941925415
206,8.2,10.621960563256408
206,8.29,10.672171600934211
206,8.38,10.721754344671941
206,8.47,10.771089907211358
206,8.56,10.819977213038548
206,8.65,10.86866020089347
206,8.74,10.916706794470503
206,8.83,10.964483448321406
206,8.92,11.011929969097146
206,9.01,11.059196560871987
206,9.1,11.106237442009014
206,9.19,11.152638310874227
206,9.28,11.198751440572988
206,9.37,11.24451950790677
206,9.46,11.290087157422171
206,9.55,11.335410874114416
206,9.64,11.38041435781622
206,9.73,11.425065537297247
206,9.82,11.469415609702205
206,9.91,11.513409914469067
206,10.0,11.557187669604762
207,1.0,3.4662405180700926
207,1.09,3.6796792213741982
207,1.18,3.8810153749797145
207,1.27,4.071424048497289
207,1.36,4.252583311551878
207,1.45,4.425798313182418
207,1.54,4.591609221682767
207,1.63,4.7503495584492486
207,1.72,4.9030831723771735
207,1.81,5.050633243941497
207,1.9,5.193134600649402
207,1.99,5.330588192467759
207,2.08,5.463817910497928
207,2.17,5.593445247338507
207,2.26,5.719412720538959
207,2.35,5.841553772277756
207,2.44,5.960583608019104
207,2.53,6.0770266202397645
207,2.62,6.19071642631391
207,2.71,6.301386725243363
207,2.8,6.409701194247032
207,2.89,6.5153787462141235
207,2.98,6.618522179782971
207,3.07,6.719779648861887
207,3.16,6.818819544780023
207,3.25,6.915713943204505
207,3.34,7.011106325540827
207,3.43,7.104622510280421
207,3.52,7.196311398540219
207,3.61,7.286819388004707
207,3.7,7.375734838240887
207,3.79,7.463088626862344
207,3.88,7.5487804325806405
207,3.97,7.6331093390012015
207,4.06,7.715957920673429
207,4.15,7.79762572866879
207,4.24,7.8779792941101014
207,4.33,7.957320265904255
207,4.42,8.035499929758913
207,4.51,8.112823457660557
207,4.6,8.189127477596879
207,4.69,8.264168403493045
207,4.78,8.33804838369507
207,4.87,8.410867861902172
207,4.96,8.482725851368428
207,5.05,8.553720194715526
207,5.14,8.62394781111665
207,5.23,8.693504932431171
207,5.32,8.762487329713512
207,5.41,8.8309905313833
207,5.5,8.899110034225382
207,5.59,8.96694150828485
207,5.68,9.032478389297223
207,5.77,9.095747452263842
207,5.86,9.158715923486918
207,5.95,9.22138474639262
207,6.04,9.283688179486937
207,6.13,9.345565323744736
207,6.22,9.406959829875627
207,6.31,9.467819623016872
207,6.4,9.528096643750073
207,6.49,9.587746604416544
207,6.58,9.646728759778215
207,6.67,9.705005691136673
207,6.76,9.762626464728736
207,6.85,9.820019591896543
207,6.94,9.876726710890857
207,7.03,9.93316053837527
207,7.12,9.988882340238156
207,7.21,10.044289567676376
207,7.3,10.098962231650848
207,7.39,10.153283035851375
207,7.48,10.206901600000089
207,7.57,10.260367903053055
207,7.66,10.313452189846421
207,7.75,10.3658190284727
207,7.84,10.417997298732644
207,7.93,10.469767304018884
207,8.02,10.52080786781605
207,8.11,10.57162752395462
207,8.2,10.622016145285613
207,8.29,10.672227182963416
207,8.38,10.721809926701145
207,8.47,10.771145489240562
207,8.56,10.820032795067746
207,8.65,10.868715782922669
207,8.74,10.916762376499703
207,8.83,10.964539030350608
207,8.92,11.011985551126347
207,9.01,11.059252142901194
207,9.1,11.106293024038221
207,9.19,11.152693892903434
207,9.28,11.198807022602194
207,9.37,11.244575089935974
207,9.46,11.290142739451372
207,9.55,11.335466456143617
207,9.64,11.38046993984542
207,9.73,11.425121119326446
207,9.82,11.469471191731406
207,9.91,11.51346549649827
207,10.0,11.557243251633965
208,1.0,3.466293839665986
208,1.09,3.67973254297009
208,1.18,3.881068696575605
208,1.27,4.07147737009318
208,1.36,4.25263663314777
208,1.45,4.425851634778311
208,1.54,4.591662543278658
208,1.63,4.75040288004514
208,1.72,4.903136493973063
208,1.81,5.050686565537386
208,1.9,5.1931879222452935
208,1.99,5.33064151406365
208,2.08,5.46387123209382
208,2.17,5.593498568934399
208,2.26,5.719466042134851
208,2.35,5.841607093873648
208,2.44,5.960636929614998
208,2.53,6.077079941835659
208,2.62,6.190769747909799
208,2.71,6.301440046839254
208,2.8,6.409754515842922
208,2.89,6.515432067810015
208,2.98,6.618575501378862
208,3.07,6.7198329704577775
208,3.16,6.818872866375915
208,3.25,6.915767264800397
208,3.34,7.0111596471367195
208,3.43,7.104675831876312
208,3.52,7.19636472013611
208,3.61,7.286872709600598
208,3.7,7.375788159836779
208,3.79,7.4631419484582375
208,3.88,7.548833754176531
208,3.97,7.633162660597091
208,4.06,7.716011242269319
208,4.15,7.797679050264682
208,4.24,7.878032615705992
208,4.33,7.957373587500146
208,4.42,8.035553251354807
208,4.51,8.112876779256451
208,4.6,8.18918079919277
208,4.69,8.264221725088937
208,4.78,8.338101705290958
208,4.87,8.410921183498063
208,4.96,8.482779172964317
208,5.05,8.553773516311418
208,5.14,8.624001132712541
208,5.23,8.693558254027064
208,5.32,8.762540651309404
208,5.41,8.83104385297919
208,5.5,8.899163355821273
208,5.59,8.96699482988074
208,5.68,9.032531746814596
208,5.77,9.095800811011877
208,5.86,9.158769282234953
208,5.95,9.221438105140654
208,6.04,9.283741538234972
208,6.13,9.345618682492772
208,6.22,9.407013188623663
208,6.31,9.46787298176491
208,6.4,9.528150002498109
208,6.49,9.587799963164581
208,6.58,9.646782118526248
208,6.67,9.705059049884706
208,6.76,9.76267982347677
208,6.85,9.820072950644578
208,6.94,9.876780069638894
208,7.03,9.933213897123306
208,7.12,9.98893569898619
208,7.21,10.044342926424413
208,7.3,10.099015590398883
208,7.39,10.153336394599409
208,7.48,10.206954958748122
208,7.57,10.260421261801088
208,7.66,10.313505548594454
208,7.75,10.365872387220733
208,7.84,10.418050657480677
208,7.93,10.469820662766919
208,8.02,10.520861226564083
208,8.11,10.571680882702651
208,8.2,10.622069504033648
208,8.29,10.672280541711451
208,8.38,10.721863285449182
208,8.47,10.771198847988599
208,8.56,10.820086153815783
208,8.65,10.868769141670706
208,8.74,10.916815735247738
208,8.83,10.964592389098643
208,8.92,11.012038909874382
208,9.01,11.059305501649225
208,9.1,11.106346382786253
208,9.19,11.152747251651466
208,9.28,11.198860381350228
208,9.37,11.244628448684008
208,9.46,11.290196098199413
208,9.55,11.335519814891654
208,9.64,11.380523298593458
208,9.73,11.425174478074485
208,9.82,11.469524550479445
208,9.91,11.513518855246307
208,10.0,11.557296610381998
209,1.0,3.4663450283980417
209,1.09,3.6797837317021465
209,1.18,3.881119885307661
209,1.27,4.071528558825237
209,1.36,4.252687821879824
209,1.45,4.425902823510364
209,1.54,4.591713732010714
209,1.63,4.750454068777196
209,1.72,4.903187682705119
209,1.81,5.050737754269441
209,1.9,5.19323911097735
209,1.99,5.330692702795707
209,2.08,5.463922420825878
209,2.17,5.593549757666457
209,2.26,5.719517230866906
209,2.35,5.841658282605703
209,2.44,5.960688118347052
209,2.53,6.077131130567713
209,2.62,6.190820936641855
209,2.71,6.301491235571309
209,2.8,6.4098057045749774
209,2.89,6.515483256542071
209,2.98,6.6186266901109185
209,3.07,6.719884159189834
209,3.16,6.818924055107971
209,3.25,6.915818453532452
209,3.34,7.011210835868774
209,3.43,7.104727020608369
209,3.52,7.196415908868167
209,3.61,7.286923898332655
209,3.7,7.375839348568834
209,3.79,7.4631931371902915
209,3.88,7.548884942908586
209,3.97,7.633213849329147
209,4.06,7.716062431001374
209,4.15,7.797730238996737
209,4.24,7.878083804438051
209,4.33,7.957424776232204
209,4.42,8.035604440086862
209,4.51,8.112927967988506
209,4.6,8.189231987924826
209,4.69,8.264272913820992
209,4.78,8.338152894023013
209,4.87,8.410972372230116
209,4.96,8.482830361696374
209,5.05,8.553824705043473
209,5.14,8.624052321444598
209,5.23,8.69360944275912
209,5.32,8.762591840041459
209,5.41,8.831095041711247
209,5.5,8.89921454455333
209,5.59,8.967046018612796
209,5.68,9.032582970031275
209,5.77,9.09585203540999
209,5.86,9.158820506633067
209,5.95,9.221489329538768
209,6.04,9.283792762633086
209,6.13,9.345669906890885
209,6.22,9.407064413021777
209,6.31,9.467924206163024
209,6.4,9.528201226896224
209,6.49,9.587851187562695
209,6.58,9.646833342924364
209,6.67,9.705110274282818
209,6.76,9.762731047874881
209,6.85,9.820124175042691
209,6.94,9.876831294037007
209,7.03,9.93326512152142
209,7.12,9.988986923384305
209,7.21,10.044394150822527
209,7.3,10.099066814796997
209,7.39,10.153387618997524
209,7.48,10.207006183146238
209,7.57,10.260472486199204
209,7.66,10.313556772992566
209,7.75,10.365923611618845
209,7.84,10.418101881878789
209,7.93,10.46987188716503
209,8.02,10.520912450962195
209,8.11,10.571732107100763
209,8.2,10.622120728431762
209,8.29,10.672331766109565
209,8.38,10.721914509847293
209,8.47,10.77125007238671
209,8.56,10.8201373782139
209,8.65,10.86882036606882
209,8.74,10.916866959645853
209,8.83,10.964643613496758
209,8.92,11.012090134272498
209,9.01,11.05935672604734
209,9.1,11.106397607184368
209,9.19,11.152798476049579
209,9.28,11.198911605748341
209,9.37,11.244679673082121
209,9.46,11.290247322597523
209,9.55,11.335571039289766
209,9.64,11.38057452299157
209,9.73,11.425225702472595
209,9.82,11.469575774877557
209,9.91,11.513570079644419
209,10.0,11.557347834780117
210,1.0,3.4663941695808136
210,1.09,3.6798328728849174
210,1.18,3.8811690264904337
210,1.27,4.071577700008009
210,1.36,4.252736963062597
210,1.45,4.425951964693137
210,1.54,4.591762873193488
210,1.63,4.75050320995997
210,1.72,4.903236823887895
210,1.81,5.050786895452218
210,1.9,5.193288252160122
210,1.99,5.33074184397848
210,2.08,5.463971562008649
210,2.17,5.593598898849229
210,2.26,5.719566372049679
210,2.35,5.841707423788476
210,2.44,5.960737259529826
210,2.53,6.077180271750486
210,2.62,6.190870077824629
210,2.71,6.301540376754083
210,2.8,6.409854845757751
210,2.89,6.5155323977248445
210,2.98,6.618675831293691
210,3.07,6.719933300372607
210,3.16,6.818973196290745
210,3.25,6.915867594715228
210,3.34,7.01125997705155
210,3.43,7.104776161791142
210,3.52,7.196465050050939
210,3.61,7.286973039515427
210,3.7,7.375888489751607
210,3.79,7.463242278373065
210,3.88,7.548934084091359
210,3.97,7.63326299051192
210,4.06,7.7161115721841504
210,4.15,7.797779380179513
210,4.24,7.878132945620823
210,4.33,7.957473917414977
210,4.42,8.035653581269637
210,4.51,8.11297710917128
210,4.6,8.189281129107599
210,4.69,8.264322055003765
210,4.78,8.338202035205784
210,4.87,8.41102151341289
210,4.96,8.482879502879147
210,5.05,8.553873846226248
210,5.14,8.624101462627372
210,5.23,8.693658583941893
210,5.32,8.762640981224234
210,5.41,8.83114418289402
210,5.5,8.899263685736102
210,5.59,8.96709515979557
210,5.68,9.032632144319285
210,5.77,9.09590121083218
210,5.86,9.158869682055256
210,5.95,9.221538504960957
210,6.04,9.283841938055275
210,6.13,9.345719082313073
210,6.22,9.407113588443966
210,6.31,9.467973381585214
210,6.4,9.528250402318413
210,6.49,9.587900362984886
210,6.58,9.646882518346553
210,6.67,9.70515944970501
210,6.76,9.762780223297073
210,6.85,9.820173350464877
210,6.94,9.876880469459193
210,7.03,9.933314296943607
210,7.12,9.989036098806494
210,7.21,10.044443326244716
210,7.3,10.099115990219186
210,7.39,10.153436794419713
210,7.48,10.207055358568427
210,7.57,10.260521661621391
210,7.66,10.313605948414757
210,7.75,10.365972787041036
210,7.84,10.41815105730098
210,7.93,10.469921062587218
210,8.02,10.520961626384382
210,8.11,10.57178128252295
210,8.2,10.622169903853948
210,8.29,10.67238094153175
210,8.38,10.72196368526948
210,8.47,10.771299247808896
210,8.56,10.820186553636088
210,8.65,10.868869541491009
210,8.74,10.91691613506804
210,8.83,10.964692788918946
210,8.92,11.012139309694685
210,9.01,11.059405901469532
210,9.1,11.106446782606557
210,9.19,11.15284765147177
210,9.28,11.19896078117053
210,9.37,11.244728848504312
210,9.46,11.290296498019714
210,9.55,11.335620214711955
210,9.64,11.380623698413759
210,9.73,11.425274877894784
210,9.82,11.469624950299746
210,9.91,11.513619255066608
210,10.0,11.557397010202303
211,1.0,3.4664413451162757
211,1.09,3.6798800484203804
211,1.18,3.8812162020258976
211,1.27,4.071624875543473
211,1.36,4.252784138598063
211,1.45,4.425999140228603
211,1.54,4.5918100487289495
211,1.63,4.7505503854954325
211,1.72,4.903283999423355
211,1.81,5.050834070987679
211,1.9,5.193335427695585
211,1.99,5.330789019513941
211,2.08,5.464018737544112
211,2.17,5.593646074384692
211,2.26,5.7196135475851415
211,2.35,5.84175459932394
211,2.44,5.960784435065289
211,2.53,6.077227447285949
211,2.62,6.190917253360092
211,2.71,6.301587552289545
211,2.8,6.409902021293213
211,2.89,6.515579573260308
211,2.98,6.618723006829156
211,3.07,6.719980475908071
211,3.16,6.819020371826207
211,3.25,6.915914770250689
211,3.34,7.01130715258701
211,3.43,7.104823337326604
211,3.52,7.196512225586402
211,3.61,7.28702021505089
211,3.7,7.375935665287069
211,3.79,7.463289453908527
211,3.88,7.548981259626824
211,3.97,7.633310166047385
211,4.06,7.7161587477196125
211,4.15,7.797826555714974
211,4.24,7.878180121156286
211,4.33,7.95752109295044
211,4.42,8.035700756805099
211,4.51,8.113024284706743
211,4.6,8.189328304643059
211,4.69,8.264369230539224
211,4.78,8.338249210741248
211,4.87,8.411068688948353
211,4.96,8.48292667841461
211,5.05,8.553921021761711
211,5.14,8.624148638162835
211,5.23,8.693705759477355
211,5.32,8.762688156759696
211,5.41,8.831191358429482
211,5.5,8.899310861271564
211,5.59,8.967142335331031
211,5.68,9.032679351635775
211,5.77,9.095948419237482
211,5.86,9.158916890460558
211,5.95,9.22158571336626
211,6.04,9.283889146460577
211,6.13,9.345766290718375
211,6.22,9.407160796849265
211,6.31,9.468020589990516
211,6.4,9.528297610723715
211,6.49,9.587947571390188
211,6.58,9.646929726751857
211,6.67,9.70520665811031
211,6.76,9.762827431702373
211,6.85,9.820220558870181
211,6.94,9.876927677864497
211,7.03,9.933361505348905
211,7.12,9.989083307211793
211,7.21,10.044490534650016
211,7.3,10.099163198624488
211,7.39,10.153484002825016
211,7.48,10.20710256697373
211,7.57,10.260568870026693
211,7.66,10.313653156820058
211,7.75,10.366019995446338
211,7.84,10.41819826570628
211,7.93,10.469968270992522
211,8.02,10.521008834789685
211,8.11,10.571828490928254
211,8.2,10.622217112259248
211,8.29,10.672428149937051
211,8.38,10.722010893674781
211,8.47,10.771346456214197
211,8.56,10.820233762041386
211,8.65,10.868916749896307
211,8.74,10.916963343473341
211,8.83,10.964739997324244
211,8.92,11.012186518099984
211,9.01,11.059453109874832
211,9.1,11.10649399101186
211,9.19,11.15289485987707
211,9.28,11.199007989575831
211,9.37,11.244776056909613
211,9.46,11.290343706425016
211,9.55,11.335667423117258
211,9.64,11.380670906819061
211,9.73,11.425322086300088
211,9.82,11.469672158705048
211,9.91,11.51366646347191
211,10.0,11.557444218607607
212,1.0,3.466486633630323
212,1.09,3.679925336934427
212,1.18,3.8812614905399405
212,1.27,4.071670164057517
212,1.36,4.252829427112103
212,1.45,4.426044428742646
212,1.54,4.591855337242993
212,1.63,4.7505956740094755
212,1.72,4.9033292879373995
212,1.81,5.050879359501723
212,1.9,5.193380716209629
212,1.99,5.3308343080279865
212,2.08,5.464064026058157
212,2.17,5.593691362898736
212,2.26,5.719658836099186
212,2.35,5.841799887837983
212,2.44,5.960829723579333
212,2.53,6.077272735799993
212,2.62,6.1909625418741365
212,2.71,6.301632840803592
212,2.8,6.409947309807259
212,2.89,6.515624861774351
212,2.98,6.618768295343199
212,3.07,6.720025764422113
212,3.16,6.819065660340251
212,3.25,6.915960058764733
212,3.34,7.011352441101055
212,3.43,7.1048686258406475
212,3.52,7.196557514100446
212,3.61,7.287065503564934
212,3.7,7.375980953801116
212,3.79,7.463334742422574
212,3.88,7.549026548140867
212,3.97,7.633355454561428
212,4.06,7.716204036233657
212,4.15,7.797871844229019
212,4.24,7.87822540967033
212,4.33,7.957566381464484
212,4.42,8.03574604531914
212,4.51,8.113069573220784
212,4.6,8.1893735931571
212,4.69,8.26441451905327
212,4.78,8.338294499255293
212,4.87,8.411113977462398
212,4.96,8.482971966928655
212,5.05,8.553966310275754
212,5.14,8.624193926676877
212,5.23,8.6937510479914
212,5.32,8.762733445273739
212,5.41,8.831236646943527
212,5.5,8.899356149785609
212,5.59,8.967187623845076
212,5.68,9.032724670659606
212,5.77,9.095993739306572
212,5.86,9.158962210529648
212,5.95,9.221631033435349
212,6.04,9.283934466529667
212,6.13,9.345811610787466
212,6.22,9.407206116918356
212,6.31,9.468065910059602
212,6.4,9.528342930792805
212,6.49,9.587992891459278
212,6.58,9.646975046820947
212,6.67,9.705251978179403
212,6.76,9.762872751771466
212,6.85,9.82026587893927
212,6.94,9.876972997933585
212,7.03,9.933406825417999
212,7.12,9.989128627280884
212,7.21,10.044535854719102
212,7.3,10.099208518693574
212,7.39,10.153529322894103
212,7.48,10.207147887042817
212,7.57,10.260614190095783
212,7.66,10.313698476889149
212,7.75,10.366065315515428
212,7.84,10.41824358577537
212,7.93,10.47001359106161
212,8.02,10.521054154858776
212,8.11,10.571873810997342
212,8.2,10.622262432328341
212,8.29,10.672473470006144
212,8.38,10.72205621374387
212,8.47,10.771391776283288
212,8.56,10.820279082110474
212,8.65,10.868962069965395
212,8.74,10.917008663542429
212,8.83,10.964785317393332
212,8.92,11.012231838169072
212,9.01,11.05949842994392
212,9.1,11.106539311080946
212,9.19,11.152940179946158
212,9.28,11.199053309644919
212,9.37,11.244821376978699
212,9.46,11.290389026494104
212,9.55,11.335712743186347
212,9.64,11.38071622688815
212,9.73,11.425367406369176
212,9.82,11.469717478774136
212,9.91,11.513711783541
212,10.0,11.557489538676696
213,1.0,3.4665301106038013
213,1.09,3.679968813907908
213,1.18,3.8813049675134224
213,1.27,4.071713641030998
213,1.36,4.252872904085587
213,1.45,4.426087905716128
213,1.54,4.591898814216476
213,1.63,4.750639150982959
213,1.72,4.903372764910882
213,1.81,5.0509228364752055
213,1.9,5.1934241931831115
213,1.99,5.3308777850014675
213,2.08,5.464107503031639
213,2.17,5.593734839872218
213,2.26,5.719702313072669
213,2.35,5.841843364811467
213,2.44,5.960873200552816
213,2.53,6.077316212773477
213,2.62,6.191006018847618
213,2.71,6.301676317777073
213,2.8,6.409990786780739
213,2.89,6.515668338747834
213,2.98,6.618811772316681
213,3.07,6.720069241395596
213,3.16,6.819109137313733
213,3.25,6.9160035357382155
213,3.34,7.011395918074537
213,3.43,7.104912102814132
213,3.52,7.196600991073931
213,3.61,7.287108980538418
213,3.7,7.3760244307745975
213,3.79,7.463378219396056
213,3.88,7.549070025114351
213,3.97,7.633398931534911
213,4.06,7.716247513207139
213,4.15,7.797915321202501
213,4.24,7.87826888664381
213,4.33,7.957609858437963
213,4.42,8.035789522292621
213,4.51,8.113113050194265
213,4.6,8.189417070130585
213,4.69,8.264457996026753
213,4.78,8.338337976228775
213,4.87,8.411157454435882
213,4.96,8.483015443902138
213,5.05,8.554009787249235
213,5.14,8.62423740365036
213,5.23,8.693794524964881
213,5.32,8.762776922247221
213,5.41,8.83128012391701
213,5.5,8.899399626759092
213,5.59,8.967231100818559
213,5.68,9.032768176922483
213,5.77,9.096037246572898
213,5.86,9.159005717795974
213,5.95,9.221674540701676
213,6.04,9.283977973795993
213,6.13,9.345855118053791
213,6.22,9.407249624184683
213,6.31,9.46810941732593
213,6.4,9.528386438059128
213,6.49,9.588036398725604
213,6.58,9.647018554087273
213,6.67,9.705295485445728
213,6.76,9.762916259037791
213,6.85,9.820309386205599
213,6.94,9.877016505199915
213,7.03,9.933450332684323
213,7.12,9.989172134547209
213,7.21,10.044579361985432
213,7.3,10.099252025959903
213,7.39,10.153572830160426
213,7.48,10.20719139430914
213,7.57,10.260657697362106
213,7.66,10.313741984155472
213,7.75,10.366108822781753
213,7.84,10.418287093041696
213,7.93,10.470057098327938
213,8.02,10.5210976621251
213,8.11,10.571917318263669
213,8.2,10.622305939594664
213,8.29,10.672516977272467
213,8.38,10.7220997210102
213,8.47,10.771435283549613
213,8.56,10.820322589376804
213,8.65,10.869005577231725
213,8.74,10.917052170808756
213,8.83,10.96482882465966
213,8.92,11.0122753454354
213,9.01,11.059541937210243
213,9.1,11.10658281834727
213,9.19,11.152983687212483
213,9.28,11.199096816911242
213,9.37,11.244864884245024
213,9.46,11.29043253376043
213,9.55,11.33575625045267
213,9.64,11.380759734154474
213,9.73,11.4254109136355
213,9.82,11.46976098604046
213,9.91,11.513755290807321
213,10.0,11.557533045943021
214,1.0,3.4665718484983463
214,1.09,3.680010551802451
214,1.18,3.8813467054079656
214,1.27,4.071755378925542
214,1.36,4.25291464198013
214,1.45,4.426129643610671
214,1.54,4.591940552111019
214,1.63,4.7506808888775005
214,1.72,4.9034145028054255
214,1.81,5.050964574369749
214,1.9,5.193465931077655
214,1.99,5.3309195228960125
214,2.08,5.464149240926183
214,2.17,5.5937765777667625
214,2.26,5.719744050967211
214,2.35,5.8418851027060095
214,2.44,5.960914938447357
214,2.53,6.077357950668017
214,2.62,6.191047756742162
214,2.71,6.301718055671615
214,2.8,6.410032524675282
214,2.89,6.515710076642376
214,2.98,6.618853510211224
214,3.07,6.720110979290139
214,3.16,6.819150875208278
214,3.25,6.9160452736327604
214,3.34,7.0114376559690825
214,3.43,7.104953840708674
214,3.52,7.196642728968473
214,3.61,7.287150718432961
214,3.7,7.3760661686691416
214,3.79,7.463419957290599
214,3.88,7.549111763008893
214,3.97,7.633440669429453
214,4.06,7.71628925110168
214,4.15,7.797957059097041
214,4.24,7.878310624538352
214,4.33,7.957651596332505
214,4.42,8.035831260187166
214,4.51,8.11315478808881
214,4.6,8.189458808025128
214,4.69,8.264499733921296
214,4.78,8.33837971412332
214,4.87,8.411199192330425
214,4.96,8.48305718179668
214,5.05,8.55405152514378
214,5.14,8.624279141544902
214,5.23,8.693836262859424
214,5.32,8.762818660141765
214,5.41,8.831321861811553
214,5.5,8.899441364653635
214,5.59,8.967272838713102
214,5.68,9.032809942934845
214,5.77,9.096079013548572
214,5.86,9.159047484771648
214,5.95,9.22171630767735
214,6.04,9.284019740771667
214,6.13,9.345896885029465
214,6.22,9.407291391160355
214,6.31,9.468151184301604
214,6.4,9.528428205034803
214,6.49,9.588078165701274
214,6.58,9.647060321062947
214,6.67,9.705337252421401
214,6.76,9.762958026013465
214,6.85,9.82035115318127
214,6.94,9.877058272175587
214,7.03,9.933492099659999
214,7.12,9.989213901522886
214,7.21,10.044621128961104
214,7.3,10.099293792935574
214,7.39,10.153614597136103
214,7.48,10.207233161284817
214,7.57,10.260699464337781
214,7.66,10.313783751131142
214,7.75,10.366150589757423
214,7.84,10.418328860017366
214,7.93,10.470098865303608
214,8.02,10.521139429100772
214,8.11,10.571959085239342
214,8.2,10.62234770657034
214,8.29,10.672558744248143
214,8.38,10.722141487985871
214,8.47,10.771477050525286
214,8.56,10.820364356352474
214,8.65,10.869047344207395
214,8.74,10.917093937784431
214,8.83,10.964870591635332
214,8.92,11.012317112411072
214,9.01,11.05958370418592
214,9.1,11.106624585322947
214,9.19,11.153025454188157
214,9.28,11.199138583886917
214,9.37,11.244906651220699
214,9.46,11.2904743007361
214,9.55,11.335798017428342
214,9.64,11.380801501130145
214,9.73,11.425452680611173
214,9.82,11.46980275301613
214,9.91,11.513797057782993
214,10.0,11.557574812918695
215,1.0,3.466611916877107
215,1.09,3.6800506201812127
215,1.18,3.881386773786727
215,1.27,4.071795447304302
215,1.36,4.252954710358892
215,1.45,4.4261697119894325
215,1.54,4.591980620489781
215,1.63,4.750720957256264
215,1.72,4.903454571184187
215,1.81,5.051004642748511
215,1.9,5.1935059994564154
215,1.99,5.330959591274773
215,2.08,5.464189309304942
215,2.17,5.593816646145521
215,2.26,5.719784119345973
215,2.35,5.84192517108477
215,2.44,5.960955006826119
215,2.53,6.077398019046779
215,2.62,6.191087825120922
215,2.71,6.301758124050377
215,2.8,6.410072593054044
215,2.89,6.51575014502114
215,2.98,6.618893578589987
215,3.07,6.720151047668902
215,3.16,6.819190943587039
215,3.25,6.916085342011521
215,3.34,7.011477724347842
215,3.43,7.104993909087437
215,3.52,7.1966827973472345
215,3.61,7.287190786811722
215,3.7,7.376106237047902
215,3.79,7.4634600256693595
215,3.88,7.549151831387652
215,3.97,7.633480737808212
215,4.06,7.716329319480439
215,4.15,7.797997127475802
215,4.24,7.878350692917115
215,4.33,7.957691664711268
215,4.42,8.035871328565927
215,4.51,8.11319485646757
215,4.6,8.18949887640389
215,4.69,8.264539802300058
215,4.78,8.338419782502081
215,4.87,8.411239260709184
215,4.96,8.483097250175442
215,5.05,8.55409159352254
215,5.14,8.624319209923664
215,5.23,8.693876331238185
215,5.32,8.762858728520527
215,5.41,8.831361930190313
215,5.5,8.899481433032395
215,5.59,8.967312907091863
215,5.68,9.032850038306712
215,5.77,9.096119109845217
215,5.86,9.159087581068293
215,5.95,9.221756403973995
215,6.04,9.284059837068313
215,6.13,9.345936981326112
215,6.22,9.407331487457002
215,6.31,9.46819128059825
215,6.4,9.52846830133145
215,6.49,9.588118261997922
215,6.58,9.64710041735959
215,6.67,9.705377348718049
215,6.76,9.762998122310112
215,6.85,9.820391249477918
215,6.94,9.877098368472234
215,7.03,9.933532195956644
215,7.12,9.989253997819532
215,7.21,10.044661225257752
215,7.3,10.099333889232225
215,7.39,10.153654693432749
215,7.48,10.207273257581463
215,7.57,10.260739560634427
215,7.66,10.313823847427793
215,7.75,10.366190686054072
215,7.84,10.418368956314014
215,7.93,10.47013896160025
215,8.02,10.521179525397416
215,8.11,10.571999181535984
215,8.2,10.622387802866983
215,8.29,10.672598840544786
215,8.38,10.722181584282515
215,8.47,10.771517146821934
215,8.56,10.820404452649122
215,8.65,10.869087440504043
215,8.74,10.917134034081075
215,8.83,10.964910687931978
215,8.92,11.012357208707718
215,9.01,11.059623800482564
215,9.1,11.10666468161959
215,9.19,11.153065550484804
215,9.28,11.199178680183563
215,9.37,11.244946747517345
215,9.46,11.290514397032748
215,9.55,11.335838113724993
215,9.64,11.380841597426796
215,9.73,11.42549277690782
215,9.82,11.469842849312778
215,9.91,11.513837154079642
215,10.0,11.557614909215337
216,1.0,3.4666503825207187
216,1.09,3.6800890858248234
216,1.18,3.881425239430339
216,1.27,4.071833912947915
216,1.36,4.252993176002502
216,1.45,4.426208177633044
216,1.54,4.592019086133391
216,1.63,4.750759422899874
216,1.72,4.903493036827796
216,1.81,5.051043108392119
216,1.9,5.193544465100027
216,1.99,5.330998056918384
216,2.08,5.4642277749485535
216,2.17,5.593855111789132
216,2.26,5.719822584989584
216,2.35,5.841963636728381
216,2.44,5.96099347246973
216,2.53,6.0774364846903906
216,2.62,6.191126290764535
216,2.71,6.301796589693989
216,2.8,6.410111058697657
216,2.89,6.51578861066475
216,2.98,6.618932044233597
216,3.07,6.720189513312512
216,3.16,6.81922940923065
216,3.25,6.916123807655132
216,3.34,7.011516189991454
216,3.43,7.105032374731047
216,3.52,7.196721262990845
216,3.61,7.287229252455333
216,3.7,7.37614470269151
216,3.79,7.463498491312968
216,3.88,7.549190297031261
216,3.97,7.633519203451822
216,4.06,7.716367785124053
216,4.15,7.798035593119414
216,4.24,7.878389158560725
216,4.33,7.957730130354879
216,4.42,8.03590979420954
216,4.51,8.113233322111183
216,4.6,8.189537342047501
216,4.69,8.26457826794367
216,4.78,8.33845824814569
216,4.87,8.411277726352797
216,4.96,8.483135715819051
216,5.05,8.554130059166152
216,5.14,8.624357675567275
216,5.23,8.693914796881797
216,5.32,8.762897194164136
216,5.41,8.831400395833924
216,5.5,8.899519898676006
216,5.59,8.967351372735473
216,5.68,9.032888529863705
216,5.77,9.096157602289997
216,5.86,9.159126073513074
216,5.95,9.221794896418775
216,6.04,9.284098329513093
216,6.13,9.345975473770892
216,6.22,9.407369979901784
216,6.31,9.46822977304303
216,6.4,9.52850679377623
216,6.49,9.588156754442704
216,6.58,9.64713890980437
216,6.67,9.705415841162827
216,6.76,9.76303661475489
216,6.85,9.8204297419227
216,6.94,9.877136860917014
216,7.03,9.933570688401426
216,7.12,9.989292490264312
216,7.21,10.044699717702532
216,7.3,10.099372381677004
216,7.39,10.153693185877529
216,7.48,10.207311750026243
216,7.57,10.26077805307921
216,7.66,10.313862339872573
216,7.75,10.366229178498852
216,7.84,10.418407448758794
216,7.93,10.470177454045036
216,8.02,10.5212180178422
216,8.11,10.572037673980766
216,8.2,10.62242629531176
216,8.29,10.672637332989563
216,8.38,10.722220076727293
216,8.47,10.77155563926671
216,8.56,10.820442945093902
216,8.65,10.86912593294882
216,8.74,10.917172526525853
216,8.83,10.96494918037676
216,8.92,11.0123957011525
216,9.01,11.059662292927346
216,9.1,11.106703174064371
216,9.19,11.153104042929582
216,9.28,11.199217172628343
216,9.37,11.244985239962123
216,9.46,11.290552889477528
216,9.55,11.33587660616977
216,9.64,11.380880089871573
216,9.73,11.4255312693526
216,9.82,11.469881341757558
216,9.91,11.513875646524422
216,10.0,11.557653401660119
217,1.0,3.4666873095385853
217,1.09,3.680126012842691
217,1.18,3.8814621664482036
217,1.27,4.07187083996578
217,1.36,4.253030103020367
217,1.45,4.426245104650908
217,1.54,4.592056013151258
217,1.63,4.75079634991774
217,1.72,4.9035299638456635
217,1.81,5.051080035409986
217,1.9,5.193581392117893
217,1.99,5.3310349839362505
217,2.08,5.46426470196642
217,2.17,5.593892038807
217,2.26,5.719859512007451
217,2.35,5.842000563746249
217,2.44,5.961030399487599
217,2.53,6.077473411708259
217,2.62,6.1911632177824005
217,2.71,6.301833516711855
217,2.8,6.410147985715522
217,2.89,6.515825537682617
217,2.98,6.618968971251464
217,3.07,6.7202264403303795
217,3.16,6.819266336248516
217,3.25,6.9161607346729985
217,3.34,7.011553117009321
217,3.43,7.105069301748911
217,3.52,7.196758190008708
217,3.61,7.287266179473196
217,3.7,7.376181629709375
217,3.79,7.463535418330833
217,3.88,7.5492272240491305
217,3.97,7.63355613046969
217,4.06,7.716404712141918
217,4.15,7.79807252013728
217,4.24,7.878426085578593
217,4.33,7.957767057372747
217,4.42,8.035946721227406
217,4.51,8.11327024912905
217,4.6,8.189574269065368
217,4.69,8.264615194961534
217,4.78,8.338495175163558
217,4.87,8.411314653370662
217,4.96,8.48317264283692
217,5.05,8.554166986184018
217,5.14,8.624394602585141
217,5.23,8.693951723899662
217,5.32,8.762934121182003
217,5.41,8.83143732285179
217,5.5,8.899556825693873
217,5.59,8.96738829975334
217,5.68,9.032925481758419
217,5.77,9.096194555036986
217,5.86,9.159163026260062
217,5.95,9.221831849165763
217,6.04,9.284135282260081
217,6.13,9.34601242651788
217,6.22,9.407406932648772
217,6.31,9.46826672579002
217,6.4,9.52854374652322
217,6.49,9.588193707189692
217,6.58,9.64717586255136
217,6.67,9.705452793909815
217,6.76,9.763073567501879
217,6.85,9.820466694669687
217,6.94,9.877173813664003
217,7.03,9.933607641148416
217,7.12,9.989329443011302
217,7.21,10.044736670449522
217,7.3,10.099409334423994
217,7.39,10.15373013862452
217,7.48,10.207348702773233
217,7.57,10.260815005826199
217,7.66,10.313899292619562
217,7.75,10.36626613124584
217,7.84,10.418444401505786
217,7.93,10.470214406792024
217,8.02,10.521254970589188
217,8.11,10.572074626727755
217,8.2,10.622463248058754
217,8.29,10.672674285736557
217,8.38,10.722257029474285
217,8.47,10.7715925920137
217,8.56,10.820479897840887
217,8.65,10.869162885695808
217,8.74,10.91720947927284
217,8.83,10.964986133123745
217,8.92,11.012432653899484
217,9.01,11.059699245674334
217,9.1,11.106740126811358
217,9.19,11.153140995676571
217,9.28,11.199254125375333
217,9.37,11.245022192709115
217,9.46,11.290589842224517
217,9.55,11.33591355891676
217,9.64,11.380917042618563
217,9.73,11.425568222099589
217,9.82,11.469918294504547
217,9.91,11.513912599271409
217,10.0,11.557690354407107
218,1.0,3.4667227594757355
218,1.09,3.6801614627798402
218,1.18,3.8814976163853565
218,1.27,4.071906289902932
218,1.36,4.25306555295752
218,1.45,4.42628055458806
218,1.54,4.592091463088409
218,1.63,4.750831799854892
218,1.72,4.9035654137828155
218,1.81,5.051115485347139
218,1.9,5.193616842055046
218,1.99,5.331070433873403
218,2.08,5.464300151903574
218,2.17,5.5939274887441535
218,2.26,5.719894961944602
218,2.35,5.8420360136834
218,2.44,5.961065849424749
218,2.53,6.077508861645409
218,2.62,6.191198667719553
218,2.71,6.301868966649007
218,2.8,6.410183435652675
218,2.89,6.515860987619768
218,2.98,6.619004421188616
218,3.07,6.7202618902675315
218,3.16,6.819301786185665
218,3.25,6.916196184610147
218,3.34,7.011588566946469
218,3.43,7.105104751686061
218,3.52,7.196793639945859
218,3.61,7.287301629410347
218,3.7,7.37621707964653
218,3.79,7.463570868267986
218,3.88,7.549262673986281
218,3.97,7.633591580406842
218,4.06,7.7164401620790715
218,4.15,7.798107970074434
218,4.24,7.878461535515745
218,4.33,7.957802507309898
218,4.42,8.035982171164557
218,4.51,8.113305699066201
218,4.6,8.189609719002519
218,4.69,8.264650644898687
218,4.78,8.338530625100708
218,4.87,8.411350103307814
218,4.96,8.48320809277407
218,5.05,8.55420243612117
218,5.14,8.624430052522293
218,5.23,8.693987173836813
218,5.32,8.762969571119156
218,5.41,8.831472772788942
218,5.5,8.899592275631024
218,5.59,8.967423749690491
218,5.68,9.032960955577343
218,5.77,9.096230029674095
218,5.86,9.15919850089717
218,5.95,9.221867323802874
218,6.04,9.28417075689719
218,6.13,9.34604790115499
218,6.22,9.407442407285881
218,6.31,9.46830220042713
218,6.4,9.52857922116033
218,6.49,9.588229181826803
218,6.58,9.647211337188471
218,6.67,9.705488268546926
218,6.76,9.76310904213899
218,6.85,9.820502169306796
218,6.94,9.877209288301112
218,7.03,9.933643115785523
218,7.12,9.98936491764841
218,7.21,10.044772145086633
218,7.3,10.099444809061104
218,7.39,10.15376561326163
218,7.48,10.207384177410344
218,7.57,10.26085048046331
218,7.66,10.313934767256672
218,7.75,10.366301605882953
218,7.84,10.418479876142895
218,7.93,10.470249881429133
218,8.02,10.521290445226297
218,8.11,10.572110101364867
218,8.2,10.622498722695862
218,8.29,10.672709760373666
218,8.38,10.722292504111396
218,8.47,10.771628066650809
218,8.56,10.820515372477999
218,8.65,10.869198360332922
218,8.74,10.917244953909952
218,8.83,10.965021607760855
218,8.92,11.012468128536595
218,9.01,11.05973472031144
218,9.1,11.106775601448465
218,9.19,11.153176470313678
218,9.28,11.199289600012438
218,9.37,11.24505766734622
218,9.46,11.290625316861625
218,9.55,11.335949033553867
218,9.64,11.38095251725567
218,9.73,11.425603696736697
218,9.82,11.469953769141659
218,9.91,11.513948073908521
218,10.0,11.557725829044218
219,1.0,3.466756791415402
219,1.09,3.6801954947195057
219,1.18,3.881531648325022
219,1.27,4.0719403218425985
219,1.36,4.2530995848971855
219,1.45,4.426314586527727
219,1.54,4.592125495028076
219,1.63,4.75086583179456
219,1.72,4.903599445722483
219,1.81,5.051149517286806
219,1.9,5.193650873994711
219,1.99,5.331104465813069
219,2.08,5.464334183843238
219,2.17,5.593961520683817
219,2.26,5.7199289938842695
219,2.35,5.842070045623066
219,2.44,5.961099881364416
219,2.53,6.077542893585076
219,2.62,6.191232699659218
219,2.71,6.301902998588673
219,2.8,6.410217467592341
219,2.89,6.515895019559432
219,2.98,6.619038453128279
219,3.07,6.720295922207193
219,3.16,6.81933581812533
219,3.25,6.9162302165498115
219,3.34,7.011622598886134
219,3.43,7.10513878362573
219,3.52,7.196827671885527
219,3.61,7.287335661350014
219,3.7,7.376251111586194
219,3.79,7.4636049002076525
219,3.88,7.549296705925948
219,3.97,7.63362561234651
219,4.06,7.716474194018738
219,4.15,7.798142002014099
219,4.24,7.87849556745541
219,4.33,7.957836539249564
219,4.42,8.036016203104221
219,4.51,8.113339731005865
219,4.6,8.189643750942185
219,4.69,8.264684676838352
219,4.78,8.338564657040376
219,4.87,8.411384135247479
219,4.96,8.483242124713735
219,5.05,8.554236468060834
219,5.14,8.624464084461957
219,5.23,8.694021205776481
219,5.32,8.76300360305882
219,5.41,8.831506804728608
219,5.5,8.89962630757069
219,5.59,8.967457781630157
219,5.68,9.03299501044351
219,5.77,9.09626408532572
219,5.86,9.159232556548796
219,5.95,9.221901379454497
219,6.04,9.284204812548817
219,6.13,9.346081956806614
219,6.22,9.407476462937506
219,6.31,9.468336256078754
219,6.4,9.528613276811955
219,6.49,9.588263237478428
219,6.58,9.647245392840096
219,6.67,9.705522324198553
219,6.76,9.763143097790616
219,6.85,9.820536224958422
219,6.94,9.877243343952737
219,7.03,9.933677171437148
219,7.12,9.989398973300034
219,7.21,10.044806200738256
219,7.3,10.099478864712728
219,7.39,10.153799668913255
219,7.48,10.207418233061968
219,7.57,10.260884536114935
219,7.66,10.313968822908299
219,7.75,10.366335661534578
219,7.84,10.418513931794521
219,7.93,10.47028393708076
219,8.02,10.521324500877926
219,8.11,10.572144157016492
219,8.2,10.622532778347487
219,8.29,10.67274381602529
219,8.38,10.722326559763019
219,8.47,10.771662122302436
219,8.56,10.820549428129624
219,8.65,10.869232415984545
219,8.74,10.917279009561579
219,8.83,10.96505566341248
219,8.92,11.01250218418822
219,9.01,11.059768775963068
219,9.1,11.106809657100095
219,9.19,11.153210525965305
219,9.28,11.199323655664065
219,9.37,11.245091722997845
219,9.46,11.290659372513247
219,9.55,11.33598308920549
219,9.64,11.380986572907293
219,9.73,11.425637752388319
219,9.82,11.469987824793279
219,9.91,11.513982129560143
219,10.0,11.557759884695841
220,1.0,3.4667894620774806
220,1.09,3.6802281653815863
220,1.18,3.8815643189871016
220,1.27,4.071972992504679
220,1.36,4.253132255559266
220,1.45,4.426347257189808
220,1.54,4.5921581656901544
220,1.63,4.750898502456638
220,1.72,4.903632116384561
220,1.81,5.051182187948883
220,1.9,5.193683544656792
220,1.99,5.331137136475148
220,2.08,5.464366854505319
220,2.17,5.593994191345898
220,2.26,5.719961664546347
220,2.35,5.8421027162851455
220,2.44,5.961132552026496
220,2.53,6.077575564247156
220,2.62,6.191265370321295
220,2.71,6.301935669250749
220,2.8,6.410250138254416
220,2.89,6.51592769022151
220,2.98,6.619071123790357
220,3.07,6.720328592869271
220,3.16,6.819368488787412
220,3.25,6.916262887211892
220,3.34,7.011655269548214
220,3.43,7.105171454287808
220,3.52,7.196860342547606
220,3.61,7.287368332012094
220,3.7,7.376283782248275
220,3.79,7.463637570869734
220,3.88,7.549329376588028
220,3.97,7.633658283008588
220,4.06,7.716506864680816
220,4.15,7.798174672676177
220,4.24,7.878528238117488
220,4.33,7.9578692099116415
220,4.42,8.036048873766301
220,4.51,8.113372401667945
220,4.6,8.189676421604263
220,4.69,8.264717347500433
220,4.78,8.338597327702454
220,4.87,8.411416805909557
220,4.96,8.483274795375813
220,5.05,8.554269138722912
220,5.14,8.624496755124039
220,5.23,8.69405387643856
220,5.32,8.7630362737209
220,5.41,8.831539475390688
220,5.5,8.89965897823277
220,5.59,8.967490452292237
220,5.68,9.033027703115032
220,5.77,9.09629677875128
220,5.86,9.159265249974355
220,5.95,9.221934072880057
220,6.04,9.284237505974374
220,6.13,9.346114650232176
220,6.22,9.407509156363066
220,6.31,9.468368949504313
220,6.4,9.528645970237514
220,6.49,9.588295930903987
220,6.58,9.647278086265656
220,6.67,9.705555017624112
220,6.76,9.763175791216176
220,6.85,9.820568918383984
220,6.94,9.8772760373783
220,7.03,9.93370986486271
220,7.12,9.989431666725595
220,7.21,10.044838894163815
220,7.3,10.099511558138287
220,7.39,10.153832362338814
220,7.48,10.207450926487528
220,7.57,10.260917229540494
220,7.66,10.314001516333859
220,7.75,10.366368354960137
220,7.84,10.418546625220081
220,7.93,10.470316630506321
220,8.02,10.521357194303485
220,8.11,10.572176850442053
220,8.2,10.622565471773049
220,8.29,10.672776509450852
220,8.38,10.722359253188582
220,8.47,10.771694815727997
220,8.56,10.820582121555184
220,8.65,10.869265109410104
220,8.74,10.917311702987137
220,8.83,10.965088356838042
220,8.92,11.012534877613781
220,9.01,11.059801469388628
220,9.1,11.106842350525653
220,9.19,11.153243219390866
220,9.28,11.199356349089625
220,9.37,11.245124416423407
220,9.46,11.29069206593881
220,9.55,11.336015782631055
220,9.64,11.381019266332858
220,9.73,11.425670445813882
220,9.82,11.47002051821884
220,9.91,11.514014822985702
220,10.0,11.557792578121397
221,1.0,3.4668208259130777
221,1.09,3.6802595292171834
221,1.18,3.881595682822697
221,1.27,4.072004356340274
221,1.36,4.253163619394861
221,1.45,4.4263786210254015
221,1.54,4.592189529525752
221,1.63,4.750929866292234
221,1.72,4.903663480220158
221,1.81,5.051213551784481
221,1.9,5.193714908492386
221,1.99,5.331168500310744
221,2.08,5.464398218340915
221,2.17,5.594025555181495
221,2.26,5.719993028381941
221,2.35,5.842134080120739
221,2.44,5.9611639158620875
221,2.53,6.077606928082748
221,2.62,6.19129673415689
221,2.71,6.301967033086344
221,2.8,6.410281502090011
221,2.89,6.515959054057109
221,2.98,6.619102487625954
221,3.07,6.720359956704869
221,3.16,6.819399852623007
221,3.25,6.916294251047489
221,3.34,7.011686633383811
221,3.43,7.105202818123405
221,3.52,7.196891706383204
221,3.61,7.287399695847692
221,3.7,7.376315146083871
221,3.79,7.463668934705328
221,3.88,7.549360740423623
221,3.97,7.633689646844183
221,4.06,7.71653822851641
221,4.15,7.798206036511773
221,4.24,7.878559601953085
221,4.33,7.957900573747238
221,4.42,8.036080237601897
221,4.51,8.113403765503541
221,4.6,8.189707785439861
221,4.69,8.264748711336027
221,4.78,8.338628691538048
221,4.87,8.411448169745153
221,4.96,8.48330615921141
221,5.05,8.55430050255851
221,5.14,8.624528118959633
221,5.23,8.694085240274156
221,5.32,8.763067637556496
221,5.41,8.831570839226284
221,5.5,8.899690342068366
221,5.59,8.967521816127833
221,5.68,9.033059088079693
221,5.77,9.096328164439816
221,5.86,9.159296635662892
221,5.95,9.221965458568596
221,6.04,9.284268891662911
221,6.13,9.346146035920711
221,6.22,9.407540542051605
221,6.31,9.468400335192852
221,6.4,9.528677355926051
221,6.49,9.588327316592526
221,6.58,9.647309471954195
221,6.67,9.70558640331265
221,6.76,9.763207176904713
221,6.85,9.82060030407252
221,6.94,9.877307423066837
221,7.03,9.933741250551249
221,7.12,9.989463052414136
221,7.21,10.044870279852354
221,7.3,10.099542943826826
221,7.39,10.153863748027351
221,7.48,10.207482312176065
221,7.57,10.260948615229031
221,7.66,10.314032902022396
221,7.75,10.366399740648676
221,7.84,10.418578010908618
221,7.93,10.470348016194858
221,8.02,10.521388579992022
221,8.11,10.57220823613059
221,8.2,10.622596857461588
221,8.29,10.67280789513939
221,8.38,10.722390638877119
221,8.47,10.771726201416536
221,8.56,10.820613507243724
221,8.65,10.869296495098645
221,8.74,10.917343088675677
221,8.83,10.96511974252658
221,8.92,11.01256626330232
221,9.01,11.059832855077165
221,9.1,11.10687373621419
221,9.19,11.153274605079403
221,9.28,11.199387734778163
221,9.37,11.245155802111945
221,9.46,11.290723451627347
221,9.55,11.33604716831959
221,9.64,11.381050652021393
221,9.73,11.42570183150242
221,9.82,11.470051903907379
221,9.91,11.514046208674241
221,10.0,11.55782396380994
222,1.0,3.4668509351952492
222,1.09,3.680289638499354
222,1.18,3.881625792104871
222,1.27,4.072034465622446
222,1.36,4.253193728677035
222,1.45,4.426408730307576
222,1.54,4.592219638807923
222,1.63,4.750959975574406
222,1.72,4.90369358950233
222,1.81,5.051243661066654
222,1.9,5.193745017774556
222,1.99,5.331198609592914
222,2.08,5.464428327623083
222,2.17,5.594055664463663
222,2.26,5.720023137664112
222,2.35,5.84216418940291
222,2.44,5.961194025144258
222,2.53,6.0776370373649184
222,2.62,6.191326843439065
222,2.71,6.301997142368517
222,2.8,6.410311611372185
222,2.89,6.515989163339279
222,2.98,6.619132596908127
222,3.07,6.720390065987043
222,3.16,6.81942996190518
222,3.25,6.916324360329663
222,3.34,7.0117167426659845
222,3.43,7.105232927405577
222,3.52,7.196921815665375
222,3.61,7.287429805129863
222,3.7,7.376345255366043
222,3.79,7.4636990439875
222,3.88,7.5493908497057935
222,3.97,7.633719756126355
222,4.06,7.716568337798583
222,4.15,7.798236145793945
222,4.24,7.878589711235257
222,4.33,7.95793068302941
222,4.42,8.03611034688407
222,4.51,8.113433874785715
222,4.6,8.18973789472203
222,4.69,8.264778820618197
222,4.78,8.33865880082022
222,4.87,8.411478279027325
222,4.96,8.483336268493582
222,5.05,8.554330611840681
222,5.14,8.624558228241806
222,5.23,8.694115349556327
222,5.32,8.76309774683867
222,5.41,8.831600948508456
222,5.5,8.899720451350538
222,5.59,8.967551925410005
222,5.68,9.033089217645767
222,5.77,9.096358294700812
222,5.86,9.159326765923888
222,5.95,9.221995588829591
222,6.04,9.284299021923909
222,6.13,9.346176166181706
222,6.22,9.407570672312598
222,6.31,9.46843046545385
222,6.4,9.528707486187049
222,6.49,9.588357446853522
222,6.58,9.647339602215192
222,6.67,9.705616533573647
222,6.76,9.76323730716571
222,6.85,9.820630434333516
222,6.94,9.877337553327832
222,7.03,9.933771380812244
222,7.12,9.989493182675131
222,7.21,10.044900410113351
222,7.3,10.099573074087825
222,7.39,10.153893878288349
222,7.48,10.207512442437062
222,7.57,10.260978745490029
222,7.66,10.314063032283391
222,7.75,10.366429870909672
222,7.84,10.418608141169614
222,7.93,10.470378146455854
222,8.02,10.52141871025302
222,8.11,10.572238366391586
222,8.2,10.622626987722583
222,8.29,10.672838025400386
222,8.38,10.722420769138115
222,8.47,10.771756331677532
222,8.56,10.82064363750472
222,8.65,10.869326625359642
222,8.74,10.917373218936673
222,8.83,10.965149872787578
222,8.92,11.012596393563317
222,9.01,11.059862985338164
222,9.1,11.10690386647519
222,9.19,11.153304735340402
222,9.28,11.19941786503916
222,9.37,11.245185932372943
222,9.46,11.290753581888342
222,9.55,11.336077298580586
222,9.64,11.381080782282389
222,9.73,11.425731961763416
222,9.82,11.470082034168376
222,9.91,11.514076338935238
222,10.0,11.557854094070935
223,1.0,3.4668798401061363
223,1.09,3.680318543410241
223,1.18,3.8816546970157546
223,1.27,4.072063370533331
223,1.36,4.25322263358792
223,1.45,4.426437635218462
223,1.54,4.592248543718806
223,1.63,4.750988880485289
223,1.72,4.903722494413212
223,1.81,5.051272565977535
223,1.9,5.193773922685441
223,1.99,5.331227514503798
223,2.08,5.4644572325339675
223,2.17,5.594084569374546
223,2.26,5.720052042575001
223,2.35,5.842193094313796
223,2.44,5.961222930055145
223,2.53,6.0776659422758055
223,2.62,6.191355748349949
223,2.71,6.302026047279403
223,2.8,6.410340516283071
223,2.89,6.516018068250165
223,2.98,6.619161501819014
223,3.07,6.720418970897929
223,3.16,6.819458866816065
223,3.25,6.916353265240547
223,3.34,7.011745647576869
223,3.43,7.105261832316462
223,3.52,7.196950720576259
223,3.61,7.287458710040747
223,3.7,7.376374160276926
223,3.79,7.463727948898384
223,3.88,7.54941975461668
223,3.97,7.63374866103724
223,4.06,7.716597242709469
223,4.15,7.79826505070483
223,4.24,7.878618616146143
223,4.33,7.957959587940297
223,4.42,8.036139251794953
223,4.51,8.113462779696597
223,4.6,8.189766799632915
223,4.69,8.264807725529083
223,4.78,8.338687705731104
223,4.87,8.41150718393821
223,4.96,8.483365173404467
223,5.05,8.554359516751568
223,5.14,8.62458713315269
223,5.23,8.694144254467215
223,5.32,8.763126651749554
223,5.41,8.831629853419342
223,5.5,8.899749356261422
223,5.59,8.96758083032089
223,5.68,9.033118142029197
223,5.77,9.096387219751367
223,5.86,9.159355690974444
223,5.95,9.222024513880147
223,6.04,9.284327946974464
223,6.13,9.346205091232264
223,6.22,9.407599597363154
223,6.31,9.468459390504403
223,6.4,9.528736411237606
223,6.49,9.588386371904079
223,6.58,9.647368527265748
223,6.67,9.705645458624204
223,6.76,9.763266232216267
223,6.85,9.820659359384074
223,6.94,9.87736647837839
223,7.03,9.9338003058628
223,7.12,9.989522107725687
223,7.21,10.044929335163907
223,7.3,10.09960199913838
223,7.39,10.153922803338906
223,7.48,10.20754136748762
223,7.57,10.261007670540588
223,7.66,10.314091957333948
223,7.75,10.366458795960229
223,7.84,10.418637066220171
223,7.93,10.47040707150641
223,8.02,10.521447635303575
223,8.11,10.572267291442142
223,8.2,10.622655912773139
223,8.29,10.672866950450942
223,8.38,10.722449694188672
223,8.47,10.771785256728087
223,8.56,10.820672562555277
223,8.65,10.869355550410198
223,8.74,10.917402143987228
223,8.83,10.965178797838133
223,8.92,11.012625318613873
223,9.01,11.05989191038872
223,9.1,11.106932791525747
223,9.19,11.153333660390958
223,9.28,11.199446790089718
223,9.37,11.2452148574235
223,9.46,11.290782506938903
223,9.55,11.336106223631145
223,9.64,11.381109707332948
223,9.73,11.425760886813976
223,9.82,11.470110959218934
223,9.91,11.514105263985796
223,10.0,11.55788301912149
224,1.0,3.466907588820586
224,1.09,3.6803462921246917
224,1.18,3.8816824457302026
224,1.27,4.072091119247779
224,1.36,4.253250382302366
224,1.45,4.426465383932907
224,1.54,4.592276292433255
224,1.63,4.7510166291997376
224,1.72,4.903750243127661
224,1.81,5.051300314691983
224,1.9,5.1938016713998945
224,1.99,5.331255263218249
224,2.08,5.464484981248419
224,2.17,5.594112318088998
224,2.26,5.720079791289449
224,2.35,5.8422208430282465
224,2.44,5.961250678769596
224,2.53,6.077693690990256
224,2.62,6.1913834970643995
224,2.71,6.302053795993855
224,2.8,6.410368264997522
224,2.89,6.516045816964615
224,2.98,6.619189250533462
224,3.07,6.720446719612378
224,3.16,6.819486615530514
224,3.25,6.916381013954996
224,3.34,7.011773396291318
224,3.43,7.1052895810309105
224,3.52,7.196978469290709
224,3.61,7.287486458755197
224,3.7,7.376401908991377
224,3.79,7.463755697612834
224,3.88,7.5494475033311295
224,3.97,7.63377640975169
224,4.06,7.716624991423919
224,4.15,7.798292799419282
224,4.24,7.8786463648605904
224,4.33,7.957987336654744
224,4.42,8.036167000509403
224,4.51,8.113490528411047
224,4.6,8.189794548347365
224,4.69,8.264835474243531
224,4.78,8.338715454445556
224,4.87,8.41153493265266
224,4.96,8.483392922118918
224,5.05,8.554387265466017
224,5.14,8.624614881867142
224,5.23,8.694172003181663
224,5.32,8.763154400464003
224,5.41,8.83165760213379
224,5.5,8.899777104975872
224,5.59,8.967608579035339
224,5.68,9.033145909437291
224,5.77,9.096414987799902
224,5.86,9.159383459022978
224,5.95,9.22205228192868
224,6.04,9.284355715022999
224,6.13,9.346232859280796
224,6.22,9.40762736541169
224,6.31,9.468487158552936
224,6.4,9.528764179286137
224,6.49,9.588414139952613
224,6.58,9.647396295314282
224,6.67,9.705673226672737
224,6.76,9.7632940002648
224,6.85,9.820687127432608
224,6.94,9.877394246426924
224,7.03,9.933828073911334
224,7.12,9.989549875774221
224,7.21,10.044957103212441
224,7.3,10.099629767186913
224,7.39,10.153950571387439
224,7.48,10.207569135536152
224,7.57,10.26103543858912
224,7.66,10.314119725382483
224,7.75,10.366486564008763
224,7.84,10.418664834268709
224,7.93,10.470434839554946
224,8.02,10.52147540335211
224,8.11,10.572295059490678
224,8.2,10.622683680821671
224,8.29,10.672894718499474
224,8.38,10.722477462237206
224,8.47,10.77181302477662
224,8.56,10.82070033060381
224,8.65,10.86938331845873
224,8.74,10.917429912035765
224,8.83,10.965206565886668
224,8.92,11.012653086662407
224,9.01,11.059919678437254
224,9.1,11.106960559574281
224,9.19,11.15336142843949
224,9.28,11.19947455813825
224,9.37,11.245242625472033
224,9.46,11.290810274987436
224,9.55,11.336133991679679
224,9.64,11.381137475381482
224,9.73,11.425788654862508
224,9.82,11.470138727267468
224,9.91,11.514133032034332
224,10.0,11.557910787170028
225,1.0,3.466934227586454
225,1.09,3.6803729308905586
225,1.18,3.881709084496074
225,1.27,4.07211775801365
225,1.36,4.253277021068238
225,1.45,4.426492022698778
225,1.54,4.592302931199131
225,1.63,4.751043267965611
225,1.72,4.903776881893534
225,1.81,5.051326953457857
225,1.9,5.193828310165764
225,1.99,5.331281901984121
225,2.08,5.464511620014291
225,2.17,5.59413895685487
225,2.26,5.7201064300553215
225,2.35,5.84224748179412
225,2.44,5.961277317535469
225,2.53,6.077720329756129
225,2.62,6.191410135830272
225,2.71,6.302080434759725
225,2.8,6.410394903763393
225,2.89,6.5160724557304865
225,2.98,6.619215889299333
225,3.07,6.720473358378248
225,3.16,6.819513254296385
225,3.25,6.916407652720868
225,3.34,7.011800035057189
225,3.43,7.105316219796783
225,3.52,7.1970051080565804
225,3.61,7.287513097521068
225,3.7,7.376428547757249
225,3.79,7.463782336378706
225,3.88,7.549474142097002
225,3.97,7.633803048517564
225,4.06,7.716651630189789
225,4.15,7.798319438185151
225,4.24,7.878673003626462
225,4.33,7.958013975420616
225,4.42,8.036193639275275
225,4.51,8.11351716717692
225,4.6,8.189821187113235
225,4.69,8.264862113009405
225,4.78,8.338742093211428
225,4.87,8.411561571418535
225,4.96,8.483419560884789
225,5.05,8.55441390423189
225,5.14,8.624641520633013
225,5.23,8.694198641947535
225,5.32,8.763181039229874
225,5.41,8.831684240899662
225,5.5,8.899803743741744
225,5.59,8.967635217801211
225,5.68,9.03317256614906
225,5.77,9.096441645126495
225,5.86,9.159410116349571
225,5.95,9.222078939255272
225,6.04,9.28438237234959
225,6.13,9.34625951660739
225,6.22,9.40765402273828
225,6.31,9.46851381587953
225,6.4,9.528790836612728
225,6.49,9.588440797279203
225,6.58,9.647422952640875
225,6.67,9.70569988399933
225,6.76,9.763320657591393
225,6.85,9.8207137847592
225,6.94,9.877420903753515
225,7.03,9.933854731237927
225,7.12,9.989576533100815
225,7.21,10.044983760539035
225,7.3,10.099656424513507
225,7.39,10.153977228714032
225,7.48,10.207595792862746
225,7.57,10.261062095915712
225,7.66,10.314146382709074
225,7.75,10.366513221335355
225,7.84,10.4186914915953
225,7.93,10.470461496881539
225,8.02,10.521502060678703
225,8.11,10.572321716817275
225,8.2,10.622710338148266
225,8.29,10.67292137582607
225,8.38,10.7225041195638
225,8.47,10.771839682103215
225,8.56,10.8207269879304
225,8.65,10.869409975785322
225,8.74,10.917456569362358
225,8.83,10.965233223213259
225,8.92,11.012679743988999
225,9.01,11.059946335763845
225,9.1,11.106987216900873
225,9.19,11.153388085766085
225,9.28,11.199501215464844
225,9.37,11.245269282798626
225,9.46,11.29083693231403
225,9.55,11.336160649006272
225,9.64,11.381164132708076
225,9.73,11.4258153121891
225,9.82,11.47016538459406
225,9.91,11.514159689360921
225,10.0,11.55793744449662
226,1.0,3.466959800801691
226,1.09,3.6803985041057947
226,1.18,3.8817346577113145
226,1.27,4.072143331228888
226,1.36,4.2533025942834755
226,1.45,4.426517595914016
226,1.54,4.592328504414366
226,1.63,4.751068841180848
226,1.72,4.903802455108772
226,1.81,5.051352526673094
226,1.9,5.193853883381002
226,1.99,5.33130747519936
226,2.08,5.464537193229529
226,2.17,5.594164530070109
226,2.26,5.720132003270559
226,2.35,5.842273055009356
226,2.44,5.961302890750705
226,2.53,6.077745902971365
226,2.62,6.191435709045508
226,2.71,6.302106007974961
226,2.8,6.410420476978628
226,2.89,6.516098028945723
226,2.98,6.61924146251457
226,3.07,6.720498931593485
226,3.16,6.819538827511622
226,3.25,6.916433225936104
226,3.34,7.011825608272426
226,3.43,7.10534179301202
226,3.52,7.197030681271817
226,3.61,7.287538670736305
226,3.7,7.376454120972486
226,3.79,7.463807909593945
226,3.88,7.549499715312237
226,3.97,7.633828621732797
226,4.06,7.716677203405025
226,4.15,7.798345011400388
226,4.24,7.8786985768417
226,4.33,7.9580395486358535
226,4.42,8.03621921249051
226,4.51,8.113542740392154
226,4.6,8.189846760328475
226,4.69,8.264887686224643
226,4.78,8.338767666426666
226,4.87,8.411587144633769
226,4.96,8.483445134100027
226,5.05,8.554439477447126
226,5.14,8.62466709384825
226,5.23,8.694224215162771
226,5.32,8.763206612445112
226,5.41,8.8317098141149
226,5.5,8.89982931695698
226,5.59,8.967660791016447
226,5.68,9.03319815659236
226,5.77,9.096467236160024
226,5.86,9.1594357073831
226,5.95,9.222104530288801
226,6.04,9.284407963383119
226,6.13,9.346285107640918
226,6.22,9.40767961377181
226,6.31,9.468539406913056
226,6.4,9.52881642764626
226,6.49,9.58846638831273
226,6.58,9.6474485436744
226,6.67,9.70572547503286
226,6.76,9.763346248624924
226,6.85,9.82073937579273
226,6.94,9.877446494787044
226,7.03,9.933880322271456
226,7.12,9.989602124134342
226,7.21,10.045009351572563
226,7.3,10.099682015547035
226,7.39,10.15400281974756
226,7.48,10.207621383896274
226,7.57,10.26108768694924
226,7.66,10.314171973742605
226,7.75,10.366538812368884
226,7.84,10.418717082628827
226,7.93,10.470487087915066
226,8.02,10.521527651712232
226,8.11,10.572347307850801
226,8.2,10.622735929181797
226,8.29,10.6729469668596
226,8.38,10.722529710597328
226,8.47,10.771865273136747
226,8.56,10.820752578963933
226,8.65,10.869435566818852
226,8.74,10.917482160395886
226,8.83,10.96525881424679
226,8.92,11.01270533502253
226,9.01,11.059971926797372
226,9.1,11.1070128079344
226,9.19,11.153413676799614
226,9.28,11.199526806498373
226,9.37,11.245294873832153
226,9.46,11.290862523347556
226,9.55,11.336186240039801
226,9.64,11.381189723741604
226,9.73,11.42584090322263
226,9.82,11.470190975627588
226,9.91,11.514185280394452
226,10.0,11.557963035530149
227,1.0,3.4669843510883194
227,1.09,3.680423054392424
227,1.18,3.8817592079979395
227,1.27,4.072167881515515
227,1.36,4.253327144570104
227,1.45,4.426542146200644
227,1.54,4.592353054700994
227,1.63,4.751093391467477
227,1.72,4.9038270053954
227,1.81,5.0513770769597235
227,1.9,5.19387843366763
227,1.99,5.331332025485986
227,2.08,5.464561743516156
227,2.17,5.594189080356736
227,2.26,5.720156553557185
227,2.35,5.8422976052959825
227,2.44,5.961327441037331
227,2.53,6.077770453257991
227,2.62,6.191460259332135
227,2.71,6.302130558261589
227,2.8,6.410445027265256
227,2.89,6.51612257923235
227,2.98,6.619266012801197
227,3.07,6.720523481880113
227,3.16,6.81956337779825
227,3.25,6.916457776222732
227,3.34,7.011850158559054
227,3.43,7.105366343298647
227,3.52,7.197055231558447
227,3.61,7.287563221022935
227,3.7,7.376478671259112
227,3.79,7.463832459880569
227,3.88,7.549524265598864
227,3.97,7.633853172019425
227,4.06,7.716701753691654
227,4.15,7.798369561687016
227,4.24,7.878723127128325
227,4.33,7.9580640989224785
227,4.42,8.03624376277714
227,4.51,8.113567290678784
227,4.6,8.189871310615104
227,4.69,8.26491223651127
227,4.78,8.33879221671329
227,4.87,8.411611694920397
227,4.96,8.483469684386653
227,5.05,8.554464027733754
227,5.14,8.624691644134877
227,5.23,8.694248765449398
227,5.32,8.76323116273174
227,5.41,8.831734364401525
227,5.5,8.899853867243607
227,5.59,8.967685341303074
227,5.68,9.033222723417927
227,5.77,9.096491803552212
227,5.86,9.159460274775288
227,5.95,9.22212909768099
227,6.04,9.284432530775307
227,6.13,9.346309675033105
227,6.22,9.407704181163998
227,6.31,9.468563974305246
227,6.4,9.528840995038443
227,6.49,9.588490955704922
227,6.58,9.647473111066587
227,6.67,9.705750042425043
227,6.76,9.763370816017106
227,6.85,9.820763943184918
227,6.94,9.877471062179234
227,7.03,9.933904889663644
227,7.12,9.98962669152653
227,7.21,10.045033918964752
227,7.3,10.099706582939222
227,7.39,10.154027387139749
227,7.48,10.207645951288463
227,7.57,10.261112254341429
227,7.66,10.314196541134791
227,7.75,10.366563379761072
227,7.84,10.418741650021015
227,7.93,10.470511655307256
227,8.02,10.521552219104418
227,8.11,10.572371875242988
227,8.2,10.622760496573981
227,8.29,10.672971534251785
227,8.38,10.722554277989516
227,8.47,10.771889840528933
227,8.56,10.820777146356122
227,8.65,10.869460134211042
227,8.74,10.917506727788075
227,8.83,10.965283381638981
227,8.92,11.012729902414721
227,9.01,11.059996494189564
227,9.1,11.10703737532659
227,9.19,11.153438244191802
227,9.28,11.19955137389056
227,9.37,11.245319441224343
227,9.46,11.290887090739744
227,9.55,11.336210807431986
227,9.64,11.381214291133789
227,9.73,11.425865470614818
227,9.82,11.470215543019776
227,9.91,11.514209847786638
227,10.0,11.557987602922335
228,1.0,3.467007919363482
228,1.09,3.6804466226675867
228,1.18,3.881782776273103
228,1.27,4.0721914497906795
228,1.36,4.2533507128452674
228,1.45,4.426565714475808
228,1.54,4.592376622976157
228,1.63,4.751116959742639
228,1.72,4.903850573670562
228,1.81,5.051400645234885
228,1.9,5.19390200194279
228,1.99,5.331355593761147
228,2.08,5.464585311791317
228,2.17,5.594212648631896
228,2.26,5.720180121832347
228,2.35,5.842321173571145
228,2.44,5.9613510093124935
228,2.53,6.077794021533154
228,2.62,6.191483827607297
228,2.71,6.302154126536751
228,2.8,6.410468595540419
228,2.89,6.516146147507513
228,2.98,6.61928958107636
228,3.07,6.720547050155275
228,3.16,6.819586946073413
228,3.25,6.916481344497896
228,3.34,7.011873726834218
228,3.43,7.105389911573808
228,3.52,7.197078799833606
228,3.61,7.287586789298094
228,3.7,7.376502239534274
228,3.79,7.463856028155732
228,3.88,7.549547833874027
228,3.97,7.633876740294588
228,4.06,7.7167253219668135
228,4.15,7.798393129962176
228,4.24,7.87874669540349
228,4.33,7.958087667197644
228,4.42,8.036267331052304
228,4.51,8.113590858953948
228,4.6,8.189894878890264
228,4.69,8.26493580478643
228,4.78,8.338815784988455
228,4.87,8.41163526319556
228,4.96,8.483493252661818
228,5.05,8.554487596008917
228,5.14,8.624715212410038
228,5.23,8.694272333724562
228,5.32,8.7632547310069
228,5.41,8.831757932676688
228,5.5,8.89987743551877
228,5.59,8.967708909578237
228,5.68,9.03324630757047
228,5.77,9.096515388248712
228,5.86,9.159483859471788
228,5.95,9.22215268237749
228,6.04,9.284456115471807
228,6.13,9.346333259729606
228,6.22,9.407727765860496
228,6.31,9.468587559001747
228,6.4,9.528864579734947
228,6.49,9.588514540401418
228,6.58,9.647496695763092
228,6.67,9.705773627121543
228,6.76,9.763394400713606
228,6.85,9.820787527881414
228,6.94,9.87749464687573
228,7.03,9.933928474360146
228,7.12,9.989650276223033
228,7.21,10.045057503661251
228,7.3,10.099730167635723
228,7.39,10.15405097183625
228,7.48,10.207669535984964
228,7.57,10.261135839037928
228,7.66,10.314220125831293
228,7.75,10.366586964457571
228,7.84,10.418765234717515
228,7.93,10.470535240003754
228,8.02,10.52157580380092
228,8.11,10.572395459939488
228,8.2,10.622784081270485
228,8.29,10.672995118948288
228,8.38,10.722577862686014
228,8.47,10.771913425225433
228,8.56,10.820800731052618
228,8.65,10.86948371890754
228,8.74,10.917530312484574
228,8.83,10.96530696633548
228,8.92,11.012753487111219
228,9.01,11.060020078886065
228,9.1,11.107060960023091
228,9.19,11.153461828888304
228,9.28,11.199574958587066
228,9.37,11.245343025920846
228,9.46,11.290910675436248
228,9.55,11.336234392128489
228,9.64,11.381237875830292
228,9.73,11.42588905531132
228,9.82,11.470239127716276
228,9.91,11.51423343248314
228,10.0,11.558011187618835
229,1.0,3.4670305449076393
229,1.09,3.680469248211744
229,1.18,3.8818054018172594
229,1.27,4.072214075334835
229,1.36,4.253373338389422
229,1.45,4.426588340019964
229,1.54,4.592399248520311
229,1.63,4.7511395852867935
229,1.72,4.903873199214716
229,1.81,5.05142327077904
229,1.9,5.193924627486946
229,1.99,5.331378219305304
229,2.08,5.464607937335473
229,2.17,5.594235274176052
229,2.26,5.720202747376503
229,2.35,5.8423437991153
229,2.44,5.96137363485665
229,2.53,6.07781664707731
229,2.62,6.191506453151453
229,2.71,6.302176752080907
229,2.8,6.410491221084575
229,2.89,6.516168773051669
229,2.98,6.619312206620518
229,3.07,6.720569675699433
229,3.16,6.819609571617567
229,3.25,6.916503970042048
229,3.34,7.01189635237837
229,3.43,7.105412537117964
229,3.52,7.197101425377762
229,3.61,7.28760941484225
229,3.7,7.376524865078431
229,3.79,7.463878653699889
229,3.88,7.549570459418181
229,3.97,7.633899365838742
229,4.06,7.716747947510973
229,4.15,7.798415755506334
229,4.24,7.878769320947647
229,4.33,7.958110292741801
229,4.42,8.036289956596457
229,4.51,8.113613484498101
229,4.6,8.189917504434419
229,4.69,8.264958430330589
229,4.78,8.338838410532611
229,4.87,8.411657888739716
229,4.96,8.483515878205973
229,5.05,8.55451022155307
229,5.14,8.624737837954196
229,5.23,8.694294959268715
229,5.32,8.763277356551056
229,5.41,8.831780558220844
229,5.5,8.899900061062926
229,5.59,8.967731535122393
229,5.68,9.033268948356913
229,5.77,9.096538029557351
229,5.86,9.159506500780427
229,5.95,9.22217532368613
229,6.04,9.284478756780448
229,6.13,9.346355901038246
229,6.22,9.407750407169138
229,6.31,9.468610200310385
229,6.4,9.528887221043588
229,6.49,9.58853718171006
229,6.58,9.647519337071728
229,6.67,9.705796268430188
229,6.76,9.763417042022251
229,6.85,9.820810169190054
229,6.94,9.87751728818437
229,7.03,9.933951115668782
229,7.12,9.989672917531669
229,7.21,10.045080144969893
229,7.3,10.099752808944366
229,7.39,10.15407361314489
229,7.48,10.207692177293604
229,7.57,10.26115848034657
229,7.66,10.314242767139934
229,7.75,10.366609605766214
229,7.84,10.418787876026157
229,7.93,10.470557881312395
229,8.02,10.521598445109559
229,8.11,10.572418101248127
229,8.2,10.622806722579123
229,8.29,10.673017760256926
229,8.38,10.722600503994657
229,8.47,10.771936066534073
229,8.56,10.82082337236126
229,8.65,10.869506360216183
229,8.74,10.917552953793212
229,8.83,10.965329607644119
229,8.92,11.012776128419858
229,9.01,11.060042720194701
229,9.1,11.107083601331729
229,9.19,11.153484470196943
229,9.28,11.199597599895704
229,9.37,11.245365667229485
229,9.46,11.290933316744887
229,9.55,11.33625703343713
229,9.64,11.381260517138934
229,9.73,11.425911696619961
229,9.82,11.470261769024923
229,9.91,11.514256073791783
229,10.0,11.55803382892748
230,1.0,3.467052265430028
230,1.09,3.6804909687341336
230,1.18,3.881827122339648
230,1.27,4.072235795857224
230,1.36,4.25339505891181
230,1.45,4.426610060542352
230,1.54,4.5924209690427
230,1.63,4.751161305809183
230,1.72,4.903894919737106
230,1.81,5.0514449913014285
230,1.9,5.193946348009336
230,1.99,5.331399939827692
230,2.08,5.464629657857864
230,2.17,5.594256994698442
230,2.26,5.720224467898893
230,2.35,5.84236551963769
230,2.44,5.9613953553790395
230,2.53,6.0778383675997
230,2.62,6.191528173673843
230,2.71,6.3021984726032985
230,2.8,6.410512941606966
230,2.89,6.516190493574057
230,2.98,6.619333927142903
230,3.07,6.720591396221819
230,3.16,6.819631292139957
230,3.25,6.9165256905644386
230,3.34,7.011918072900761
230,3.43,7.105434257640355
230,3.52,7.197123145900154
230,3.61,7.2876311353646415
230,3.7,7.376546585600818
230,3.79,7.463900374222276
230,3.88,7.549592179940573
230,3.97,7.633921086361133
230,4.06,7.716769668033363
230,4.15,7.798437476028726
230,4.24,7.878791041470034
230,4.33,7.958132013264188
230,4.42,8.036311677118846
230,4.51,8.11363520502049
230,4.6,8.189939224956811
230,4.69,8.26498015085298
230,4.78,8.338860131055
230,4.87,8.411679609262105
230,4.96,8.48353759872836
230,5.05,8.554531942075462
230,5.14,8.624759558476583
230,5.23,8.694316679791106
230,5.32,8.763299077073446
230,5.41,8.831802278743234
230,5.5,8.899921781585316
230,5.59,8.967753255644784
230,5.68,9.033290683511897
230,5.77,9.096559765213646
230,5.86,9.159528236436723
230,5.95,9.222197059342424
230,6.04,9.284500492436743
230,6.13,9.346377636694541
230,6.22,9.407772142825431
230,6.31,9.46863193596668
230,6.4,9.52890895669988
230,6.49,9.588558917366356
230,6.58,9.647541072728025
230,6.67,9.705818004086478
230,6.76,9.763438777678541
230,6.85,9.820831904846353
230,6.94,9.877539023840669
230,7.03,9.933972851325075
230,7.12,9.989694653187962
230,7.21,10.045101880626184
230,7.3,10.099774544600656
230,7.39,10.154095348801185
230,7.48,10.207713912949899
230,7.57,10.261180216002867
230,7.66,10.314264502796227
230,7.75,10.366631341422508
230,7.84,10.418809611682452
230,7.93,10.470579616968692
230,8.02,10.521620180765856
230,8.11,10.572439836904424
230,8.2,10.622828458235418
230,8.29,10.67303949591322
230,8.38,10.722622239650951
230,8.47,10.771957802190366
230,8.56,10.820845108017554
230,8.65,10.869528095872475
230,8.74,10.917574689449511
230,8.83,10.965351343300414
230,8.92,11.012797864076154
230,9.01,11.060064455850998
230,9.1,11.107105336988027
230,9.19,11.153506205853235
230,9.28,11.199619335551997
230,9.37,11.245387402885779
230,9.46,11.29095505240118
230,9.55,11.336278769093422
230,9.64,11.381282252795225
230,9.73,11.425933432276254
230,9.82,11.470283504681214
230,9.91,11.514277809448076
230,10.0,11.558055564583773
231,1.0,3.4670731171315197
231,1.09,3.680511820435626
231,1.18,3.8818479740411407
231,1.27,4.072256647558717
231,1.36,4.253415910613305
231,1.45,4.426630912243845
231,1.54,4.592441820744195
231,1.63,4.7511821575106765
231,1.72,4.903915771438601
231,1.81,5.051465843002924
231,1.9,5.19396719971083
231,1.99,5.331420791529187
231,2.08,5.464650509559357
231,2.17,5.594277846399937
231,2.26,5.720245319600387
231,2.35,5.842386371339186
231,2.44,5.961416207080536
231,2.53,6.077859219301196
231,2.62,6.191549025375336
231,2.71,6.302219324304788
231,2.8,6.410533793308456
231,2.89,6.5162113452755515
231,2.98,6.619354778844398
231,3.07,6.720612247923314
231,3.16,6.819652143841452
231,3.25,6.916546542265935
231,3.34,7.011938924602256
231,3.43,7.105455109341846
231,3.52,7.1971439976016445
231,3.61,7.287651987066132
231,3.7,7.376567437302315
231,3.79,7.463921225923772
231,3.88,7.549613031642068
231,3.97,7.633941938062629
231,4.06,7.716790519734855
231,4.15,7.798458327730217
231,4.24,7.878811893171528
231,4.33,7.958152864965681
231,4.42,8.036332528820344
231,4.51,8.113656056721988
231,4.6,8.189960076658306
231,4.69,8.265001002554472
231,4.78,8.338880982756494
231,4.87,8.411700460963598
231,4.96,8.483558450429857
231,5.05,8.554552793776955
231,5.14,8.624780410178078
231,5.23,8.6943375314926
231,5.32,8.76331992877494
231,5.41,8.831823130444729
231,5.5,8.89994263328681
231,5.59,8.967774107346278
231,5.68,9.033311549260683
231,5.77,9.09658063144369
231,5.86,9.159549102666766
231,5.95,9.222217925572467
231,6.04,9.284521358666785
231,6.13,9.346398502924584
231,6.22,9.407793009055474
231,6.31,9.468652802196722
231,6.4,9.528929822929923
231,6.49,9.588579783596396
231,6.58,9.647561938958068
231,6.67,9.705838870316523
231,6.76,9.763459643908586
231,6.85,9.82085277107639
231,6.94,9.877559890070707
231,7.03,9.933993717555122
231,7.12,9.98971551941801
231,7.21,10.045122746856226
231,7.3,10.099795410830698
231,7.39,10.154116215031225
231,7.48,10.207734779179939
231,7.57,10.261201082232905
231,7.66,10.31428536902627
231,7.75,10.366652207652551
231,7.84,10.418830477912497
231,7.93,10.470600483198734
231,8.02,10.521641046995898
231,8.11,10.572460703134468
231,8.2,10.622849324465463
231,8.29,10.673060362143266
231,8.38,10.722643105880996
231,8.47,10.771978668420411
231,8.56,10.820865974247596
231,8.65,10.869548962102519
231,8.74,10.917595555679553
231,8.83,10.965372209530456
231,8.92,11.012818730306195
231,9.01,11.06008532208104
231,9.1,11.107126203218067
231,9.19,11.153527072083282
231,9.28,11.19964020178204
231,9.37,11.245408269115822
231,9.46,11.290975918631226
231,9.55,11.336299635323469
231,9.64,11.381303119025272
231,9.73,11.425954298506294
231,9.82,11.470304370911256
231,9.91,11.514298675678118
231,10.0,11.558076430813815
232,1.0,3.467093134764956
232,1.09,3.6805318380690597
232,1.18,3.881867991674576
232,1.27,4.072276665192151
232,1.36,4.2534359282467396
232,1.45,4.4266509298772805
232,1.54,4.592461838377629
232,1.63,4.751202175144111
232,1.72,4.903935789072035
232,1.81,5.051485860636358
232,1.9,5.193987217344264
232,1.99,5.331440809162624
232,2.08,5.464670527192793
232,2.17,5.594297864033373
232,2.26,5.720265337233821
232,2.35,5.842406388972616
232,2.44,5.961436224713966
232,2.53,6.077879236934626
232,2.62,6.19156904300877
232,2.71,6.302239341938224
232,2.8,6.410553810941892
232,2.89,6.516231362908987
232,2.98,6.619374796477834
232,3.07,6.720632265556749
232,3.16,6.819672161474883
232,3.25,6.9165665598993655
232,3.34,7.011958942235688
232,3.43,7.105475126975283
232,3.52,7.197164015235081
232,3.61,7.287672004699568
232,3.7,7.37658745493575
232,3.79,7.463941243557208
232,3.88,7.5496330492755
232,3.97,7.633961955696061
232,4.06,7.716810537368288
232,4.15,7.798478345363651
232,4.24,7.878831910804966
232,4.33,7.958172882599119
232,4.42,8.036352546453777
232,4.51,8.113676074355421
232,4.6,8.18998009429174
232,4.69,8.265021020187907
232,4.78,8.338901000389926
232,4.87,8.411720478597035
232,4.96,8.483578468063289
232,5.05,8.554572811410388
232,5.14,8.624800427811513
232,5.23,8.694357549126035
232,5.32,8.763339946408376
232,5.41,8.831843148078162
232,5.5,8.899962650920244
232,5.59,8.967794124979712
232,5.68,9.033331580379517
232,5.77,9.09660066302453
232,5.86,9.159569134247606
232,5.95,9.22223795715331
232,6.04,9.284541390247625
232,6.13,9.346418534505425
232,6.22,9.407813040636317
232,6.31,9.468672833777564
232,6.4,9.528949854510763
232,6.49,9.588599815177238
232,6.58,9.647581970538907
232,6.67,9.705858901897365
232,6.76,9.763479675489428
232,6.85,9.820872802657235
232,6.94,9.87757992165155
232,7.03,9.934013749135959
232,7.12,9.989735550998846
232,7.21,10.04514277843707
232,7.3,10.099815442411543
232,7.39,10.154136246612065
232,7.48,10.207754810760779
232,7.57,10.261221113813745
232,7.66,10.31430540060711
232,7.75,10.36667223923339
232,7.84,10.418850509493334
232,7.93,10.470620514779574
232,8.02,10.52166107857674
232,8.11,10.57248073471531
232,8.2,10.622869356046303
232,8.29,10.673080393724106
232,8.38,10.722663137461836
232,8.47,10.771998700001253
232,8.56,10.820886005828442
232,8.65,10.869568993683362
232,8.74,10.917615587260395
232,8.83,10.965392241111298
232,8.92,11.012838761887037
232,9.01,11.06010535366188
232,9.1,11.107146234798908
232,9.19,11.153547103664122
232,9.28,11.19966023336288
232,9.37,11.245428300696663
232,9.46,11.290995950212064
232,9.55,11.336319666904307
232,9.64,11.38132315060611
232,9.73,11.42597433008714
232,9.82,11.470324402492098
232,9.91,11.51431870725896
232,10.0,11.558096462394658
233,1.0,3.4671123516930527
233,1.09,3.6805510549971574
233,1.18,3.881887208602673
233,1.27,4.072295882120248
233,1.36,4.253455145174836
233,1.45,4.426670146805377
233,1.54,4.592481055305726
233,1.63,4.75122139207221
233,1.72,4.903955006000134
233,1.81,5.051505077564457
233,1.9,5.194006434272361
233,1.99,5.331460026090716
233,2.08,5.464689744120887
233,2.17,5.594317080961465
233,2.26,5.720284554161918
233,2.35,5.842425605900714
233,2.44,5.961455441642064
233,2.53,6.0778984538627245
233,2.62,6.191588259936868
233,2.71,6.302258558866322
233,2.8,6.41057302786999
233,2.89,6.51625057983708
233,2.98,6.619394013405929
233,3.07,6.720651482484843
233,3.16,6.819691378402983
233,3.25,6.916585776827464
233,3.34,7.011978159163786
233,3.43,7.1054943439033815
233,3.52,7.19718323216318
233,3.61,7.287691221627668
233,3.7,7.376606671863844
233,3.79,7.4639604604853025
233,3.88,7.549652266203596
233,3.97,7.633981172624157
233,4.06,7.7168297542963895
233,4.15,7.798497562291751
233,4.24,7.8788511277330615
233,4.33,7.958192099527215
233,4.42,8.036371763381874
233,4.51,8.113695291283518
233,4.6,8.189999311219836
233,4.69,8.265040237116
233,4.78,8.338920217318027
233,4.87,8.41173969552513
233,4.96,8.483597684991386
233,5.05,8.554592028338487
233,5.14,8.62481964473961
233,5.23,8.694376766054132
233,5.32,8.763359163336471
233,5.41,8.831862365006259
233,5.5,8.899981867848341
233,5.59,8.967813341907808
233,5.68,9.033350810253598
233,5.77,9.096619893342137
233,5.86,9.159588364565213
233,5.95,9.222257187470916
233,6.04,9.284560620565234
233,6.13,9.346437764823031
233,6.22,9.407832270953923
233,6.31,9.468692064095173
233,6.4,9.528969084828372
233,6.49,9.588619045494845
233,6.58,9.647601200856515
233,6.67,9.70587813221497
233,6.76,9.763498905807033
233,6.85,9.820892032974843
233,6.94,9.877599151969159
233,7.03,9.93403297945357
233,7.12,9.989754781316456
233,7.21,10.045162008754673
233,7.3,10.099834672729147
233,7.39,10.154155476929676
233,7.48,10.20777404107839
233,7.57,10.261240344131357
233,7.66,10.314324630924716
233,7.75,10.366691469550997
233,7.84,10.41886973981094
233,7.93,10.470639745097179
233,8.02,10.521680308894345
233,8.11,10.572499965032913
233,8.2,10.62288858636391
233,8.29,10.673099624041713
233,8.38,10.722682367779445
233,8.47,10.772017930318862
233,8.56,10.820905236146046
233,8.65,10.86958822400097
233,8.74,10.917634817578001
233,8.83,10.965411471428906
233,8.92,11.012857992204646
233,9.01,11.060124583979492
233,9.1,11.107165465116518
233,9.19,11.15356633398173
233,9.28,11.19967946368049
233,9.37,11.245447531014271
233,9.46,11.29101518052967
233,9.55,11.336338897221914
233,9.64,11.381342380923718
233,9.73,11.425993560404747
233,9.82,11.470343632809705
233,9.91,11.514337937576567
233,10.0,11.558115692712263
234,1.0,3.4671307999440257
234,1.09,3.6805695032481305
234,1.18,3.881905656853646
234,1.27,4.072314330371223
234,1.36,4.253473593425811
234,1.45,4.426688595056352
234,1.54,4.592499503556699
234,1.63,4.751239840323179
234,1.72,4.903973454251103
234,1.81,5.051523525815425
234,1.9,5.194024882523334
234,1.99,5.33147847434169
234,2.08,5.4647081923718615
234,2.17,5.59433552921244
234,2.26,5.720303002412892
234,2.35,5.842444054151689
234,2.44,5.961473889893038
234,2.53,6.0779169021136985
234,2.62,6.191606708187837
234,2.71,6.302277007117293
234,2.8,6.410591476120961
234,2.89,6.516269028088057
234,2.98,6.619412461656903
234,3.07,6.720669930735818
234,3.16,6.819709826653957
234,3.25,6.91660422507844
234,3.34,7.011996607414762
234,3.43,7.105512792154351
234,3.52,7.19720168041415
234,3.61,7.287709669878637
234,3.7,7.3766251201148165
234,3.79,7.463978908736275
234,3.88,7.549670714454574
234,3.97,7.633999620875134
234,4.06,7.716848202547361
234,4.15,7.798516010542723
234,4.24,7.878869575984035
234,4.33,7.958210547778188
234,4.42,8.036390211632847
234,4.51,8.113713739534491
234,4.6,8.190017759470805
234,4.69,8.265058685366977
234,4.78,8.338938665568998
234,4.87,8.411758143776103
234,4.96,8.48361613324236
234,5.05,8.55461047658946
234,5.14,8.624838092990583
234,5.23,8.694395214305104
234,5.32,8.763377611587444
234,5.41,8.831880813257232
234,5.5,8.900000316099314
234,5.59,8.967831790158781
234,5.68,9.033369270932715
234,5.77,9.09663835444704
234,5.86,9.159606825670116
234,5.95,9.222275648575819
234,6.04,9.284579081670136
234,6.13,9.346456225927936
234,6.22,9.407850732058826
234,6.31,9.468710525200075
234,6.4,9.528987545933276
234,6.49,9.58863750659975
234,6.58,9.647619661961418
234,6.67,9.705896593319874
234,6.76,9.763517366911938
234,6.85,9.820910494079744
234,6.94,9.87761761307406
234,7.03,9.934051440558473
234,7.12,9.98977324242136
234,7.21,10.045180469859579
234,7.3,10.099853133834053
234,7.39,10.154173938034575
234,7.48,10.207792502183288
234,7.57,10.261258805236256
234,7.66,10.314343092029622
234,7.75,10.366709930655903
234,7.84,10.418888200915847
234,7.93,10.470658206202081
234,8.02,10.521698769999247
234,8.11,10.572518426137815
234,8.2,10.62290704746881
234,8.29,10.673118085146614
234,8.38,10.722700828884346
234,8.47,10.772036391423761
234,8.56,10.82092369725095
234,8.65,10.869606685105872
234,8.74,10.917653278682906
234,8.83,10.96542993253381
234,8.92,11.01287645330955
234,9.01,11.060143045084393
234,9.1,11.10718392622142
234,9.19,11.153584795086633
234,9.28,11.199697924785394
234,9.37,11.245465992119176
234,9.46,11.291033641634577
234,9.55,11.33635735832682
234,9.64,11.381360842028624
234,9.73,11.426012021509651
234,9.82,11.47036209391461
234,9.91,11.514356398681471
234,10.0,11.558134153817164
235,1.0,3.4671485102649617
235,1.09,3.6805872135690665
235,1.18,3.881923367174579
235,1.27,4.072332040692154
235,1.36,4.253491303746742
235,1.45,4.426706305377282
235,1.54,4.592517213877633
235,1.63,4.751257550644114
235,1.72,4.903991164572039
235,1.81,5.051541236136361
235,1.9,5.194042592844268
235,1.99,5.331496184662626
235,2.08,5.464725902692796
235,2.17,5.594353239533375
235,2.26,5.720320712733822
235,2.35,5.8424617644726204
235,2.44,5.96149160021397
235,2.53,6.07793461243463
235,2.62,6.191624418508775
235,2.71,6.302294717438228
235,2.8,6.410609186441896
235,2.89,6.516286738408992
235,2.98,6.6194301719778394
235,3.07,6.720687641056755
235,3.16,6.819727536974888
235,3.25,6.9166219353993705
235,3.34,7.012014317735693
235,3.43,7.105530502475284
235,3.52,7.197219390735083
235,3.61,7.287727380199571
235,3.7,7.376642830435755
235,3.79,7.4639966190572125
235,3.88,7.549688424775506
235,3.97,7.634017331196067
235,4.06,7.716865912868295
235,4.15,7.798533720863658
235,4.24,7.878887286304969
235,4.33,7.958228258099123
235,4.42,8.036407921953778
235,4.51,8.113731449855422
235,4.6,8.190035469791743
235,4.69,8.26507639568791
235,4.78,8.338956375889932
235,4.87,8.411775854097039
235,4.96,8.483633843563295
235,5.05,8.554628186910394
235,5.14,8.624855803311515
235,5.23,8.694412924626038
235,5.32,8.763395321908378
235,5.41,8.831898523578166
235,5.5,8.900018026420248
235,5.59,8.967849500479716
235,5.68,9.033386993184667
235,5.77,9.096656077107747
235,5.86,9.159624548330823
235,5.95,9.222293371236525
235,6.04,9.284596804330844
235,6.13,9.346473948588642
235,6.22,9.407868454719534
235,6.31,9.468728247860781
235,6.4,9.529005268593982
235,6.49,9.588655229260457
235,6.58,9.647637384622126
235,6.67,9.70591431598058
235,6.76,9.763535089572644
235,6.85,9.820928216740452
235,6.94,9.877635335734768
235,7.03,9.934069163219178
235,7.12,9.989790965082065
235,7.21,10.045198192520287
235,7.3,10.09987085649476
235,7.39,10.154191660695284
235,7.48,10.207810224843998
235,7.57,10.261276527896966
235,7.66,10.314360814690325
235,7.75,10.366727653316605
235,7.84,10.41890592357655
235,7.93,10.470675928862793
235,8.02,10.521716492659957
235,8.11,10.572536148798525
235,8.2,10.622924770129517
235,8.29,10.67313580780732
235,8.38,10.722718551545052
235,8.47,10.772054114084467
235,8.56,10.820941419911655
235,8.65,10.869624407766576
235,8.74,10.917671001343612
235,8.83,10.965447655194513
235,8.92,11.012894175970253
235,9.01,11.060160767745101
235,9.1,11.107201648882128
235,9.19,11.153602517747341
235,9.28,11.199715647446101
235,9.37,11.245483714779883
235,9.46,11.291051364295281
235,9.55,11.336375080987526
235,9.64,11.38137856468933
235,9.73,11.426029744170357
235,9.82,11.470379816575317
235,9.91,11.514374121342179
235,10.0,11.558151876477876
236,1.0,3.4671655121730547
236,1.09,3.6806042154771585
236,1.18,3.8819403690826766
236,1.27,4.072349042600251
236,1.36,4.25350830565484
236,1.45,4.426723307285381
236,1.54,4.592534215785729
236,1.63,4.751274552552213
236,1.72,4.904008166480136
236,1.81,5.051558238044459
236,1.9,5.194059594752362
236,1.99,5.33151318657072
236,2.08,5.46474290460089
236,2.17,5.594370241441469
236,2.26,5.720337714641922
236,2.35,5.842478766380718
236,2.44,5.961508602122068
236,2.53,6.077951614342728
236,2.62,6.191641420416873
236,2.71,6.302311719346328
236,2.8,6.410626188349996
236,2.89,6.516303740317086
236,2.98,6.619447173885933
236,3.07,6.720704642964848
236,3.16,6.8197445388829845
236,3.25,6.916638937307466
236,3.34,7.012031319643788
236,3.43,7.105547504383386
236,3.52,7.197236392643184
236,3.61,7.287744382107672
236,3.7,7.376659832343851
236,3.79,7.464013620965309
236,3.88,7.549705426683603
236,3.97,7.6340343331041645
236,4.06,7.716882914776392
236,4.15,7.798550722771754
236,4.24,7.878904288213062
236,4.33,7.9582452600072155
236,4.42,8.036424923861878
236,4.51,8.113748451763522
236,4.6,8.190052471699838
236,4.69,8.265093397596006
236,4.78,8.33897337779803
236,4.87,8.411792856005135
236,4.96,8.483650845471391
236,5.05,8.554645188818489
236,5.14,8.624872805219614
236,5.23,8.694429926534134
236,5.32,8.763412323816477
236,5.41,8.831915525486263
236,5.5,8.900035028328345
236,5.59,8.967866502387812
236,5.68,9.033404006546542
236,5.77,9.096673090862026
236,5.86,9.159641562085103
236,5.95,9.222310384990804
236,6.04,9.284613818085122
236,6.13,9.346490962342921
236,6.22,9.407885468473813
236,6.31,9.46874526161506
236,6.4,9.52902228234826
236,6.49,9.588672243014734
236,6.58,9.647654398376405
236,6.67,9.70593132973486
236,6.76,9.763552103326923
236,6.85,9.82094523049473
236,6.94,9.877652349489045
236,7.03,9.934086176973457
236,7.12,9.989807978836344
236,7.21,10.045215206274564
236,7.3,10.099887870249036
236,7.39,10.154208674449563
236,7.48,10.207827238598277
236,7.57,10.261293541651245
236,7.66,10.314377828444606
236,7.75,10.366744667070886
236,7.84,10.418922937330832
236,7.93,10.470692942617067
236,8.02,10.52173350641423
236,8.11,10.572553162552802
236,8.2,10.6229417838838
236,8.29,10.673152821561603
236,8.38,10.722735565299333
236,8.47,10.772071127838748
236,8.56,10.820958433665933
236,8.65,10.869641421520853
236,8.74,10.91768801509789
236,8.83,10.965464668948792
236,8.92,11.012911189724532
236,9.01,11.060177781499377
236,9.1,11.107218662636404
236,9.19,11.153619531501619
236,9.28,11.199732661200375
236,9.37,11.245500728534157
236,9.46,11.291068378049562
236,9.55,11.336392094741806
236,9.64,11.381395578443609
236,9.73,11.426046757924636
236,9.82,11.470396830329596
236,9.91,11.514391135096458
236,10.0,11.558168890232151
237,1.0,3.467181834004829
237,1.09,3.6806205373089345
237,1.18,3.881956690914449
237,1.27,4.072365364432026
237,1.36,4.253524627486613
237,1.45,4.426739629117154
237,1.54,4.5925505376175
237,1.63,4.751290874383983
237,1.72,4.904024488311906
237,1.81,5.051574559876229
237,1.9,5.194075916584138
237,1.99,5.331529508402493
237,2.08,5.4647592264326645
237,2.17,5.594386563273244
237,2.26,5.720354036473696
237,2.35,5.842495088212494
237,2.44,5.961524923953844
237,2.53,6.077967936174504
237,2.62,6.191657742248643
237,2.71,6.3023280411780975
237,2.8,6.410642510181765
237,2.89,6.516320062148858
237,2.98,6.619463495717705
237,3.07,6.72072096479662
237,3.16,6.819760860714762
237,3.25,6.916655259139244
237,3.34,7.012047641475565
237,3.43,7.105563826215158
237,3.52,7.197252714474956
237,3.61,7.287760703939444
237,3.7,7.376676154175623
237,3.79,7.464029942797082
237,3.88,7.549721748515377
237,3.97,7.634050654935937
237,4.06,7.716899236608161
237,4.15,7.798567044603524
237,4.24,7.878920610044838
237,4.33,7.9582615818389915
237,4.42,8.036441245693648
237,4.51,8.113764773595292
237,4.6,8.19006879353161
237,4.69,8.26510971942778
237,4.78,8.338989699629803
237,4.87,8.411809177836908
237,4.96,8.483667167303162
237,5.05,8.554661510650263
237,5.14,8.624889127051386
237,5.23,8.694446248365908
237,5.32,8.763428645648249
237,5.41,8.831931847318035
237,5.5,8.900051350160117
237,5.59,8.967882824219584
237,5.68,9.033420339373942
237,5.77,9.096689424066135
237,5.86,9.159657895289211
237,5.95,9.222326718194912
237,6.04,9.28463015128923
237,6.13,9.346507295547028
237,6.22,9.40790180167792
237,6.31,9.468761594819169
237,6.4,9.529038615552368
237,6.49,9.588688576218841
237,6.58,9.647670731580511
237,6.67,9.705947662938968
237,6.76,9.763568436531031
237,6.85,9.820961563698837
237,6.94,9.877668682693153
237,7.03,9.934102510177564
237,7.12,9.98982431204045
237,7.21,10.045231539478673
237,7.3,10.099904203453145
237,7.39,10.15422500765367
237,7.48,10.207843571802384
237,7.57,10.26130987485535
237,7.66,10.314394161648714
237,7.75,10.366761000274995
237,7.84,10.41893927053494
237,7.93,10.470709275821177
237,8.02,10.52174983961834
237,8.11,10.572569495756913
237,8.2,10.622958117087903
237,8.29,10.673169154765706
237,8.38,10.722751898503436
237,8.47,10.772087461042855
237,8.56,10.820974766870044
237,8.65,10.869657754724965
237,8.74,10.917704348302
237,8.83,10.9654810021529
237,8.92,11.01292752292864
237,9.01,11.060194114703483
237,9.1,11.10723499584051
237,9.19,11.153635864705725
237,9.28,11.199748994404484
237,9.37,11.245517061738266
237,9.46,11.291084711253667
237,9.55,11.33640842794591
237,9.64,11.381411911647714
237,9.73,11.426063091128743
237,9.82,11.4704131635337
237,9.91,11.514407468300561
237,10.0,11.558185223436261
238,1.0,3.467197502963331
238,1.09,3.6806362062674367
238,1.18,3.8819723598729485
238,1.27,4.072381033390525
238,1.36,4.253540296445113
238,1.45,4.426755298075654
238,1.54,4.592566206576005
238,1.63,4.751306543342485
238,1.72,4.90404015727041
238,1.81,5.051590228834733
238,1.9,5.19409158554264
238,1.99,5.331545177360998
238,2.08,5.4647748953911695
238,2.17,5.594402232231749
238,2.26,5.720369705432195
238,2.35,5.842510757170993
238,2.44,5.961540592912342
238,2.53,6.077983605133002
238,2.62,6.1916734112071445
238,2.71,6.302343710136598
238,2.8,6.410658179140266
238,2.89,6.516335731107365
238,2.98,6.6194791646762114
238,3.07,6.720736633755126
238,3.16,6.819776529673263
238,3.25,6.916670928097745
238,3.34,7.012063310434066
238,3.43,7.105579495173659
238,3.52,7.1972683834334585
238,3.61,7.287776372897946
238,3.7,7.376691823134126
238,3.79,7.464045611755584
238,3.88,7.5497374174738745
238,3.97,7.6340663238944355
238,4.06,7.716914905566666
238,4.15,7.798582713562029
238,4.24,7.878936279003338
238,4.33,7.958277250797492
238,4.42,8.03645691465215
238,4.51,8.113780442553795
238,4.6,8.190084462490114
238,4.69,8.265125388386283
238,4.78,8.339005368588305
238,4.87,8.411824846795408
238,4.96,8.483682836261666
238,5.05,8.554677179608765
238,5.14,8.624904796009888
238,5.23,8.69446191732441
238,5.32,8.76344431460675
238,5.41,8.831947516276538
238,5.5,8.90006701911862
238,5.59,8.967898493178087
238,5.68,9.033436018888246
238,5.77,9.096705103942078
238,5.86,9.159673575165154
238,5.95,9.222342398070856
238,6.04,9.284645831165173
238,6.13,9.346522975422973
238,6.22,9.407917481553863
238,6.31,9.46877727469511
238,6.4,9.529054295428312
238,6.49,9.588704256094784
238,6.58,9.647686411456453
238,6.67,9.705963342814911
238,6.76,9.763584116406975
238,6.85,9.82097724357478
238,6.94,9.877684362569097
238,7.03,9.934118190053509
238,7.12,9.989839991916394
238,7.21,10.045247219354614
238,7.3,10.099919883329086
238,7.39,10.154240687529613
238,7.48,10.207859251678327
238,7.57,10.261325554731293
238,7.66,10.314409841524657
238,7.75,10.366776680150936
238,7.84,10.41895495041088
238,7.93,10.47072495569712
238,8.02,10.521765519494286
238,8.11,10.572585175632856
238,8.2,10.62297379696385
238,8.29,10.673184834641653
238,8.38,10.722767578379381
238,8.47,10.7721031409188
238,8.56,10.82099044674598
238,8.65,10.869673434600903
238,8.74,10.917720028177937
238,8.83,10.965496682028844
238,8.92,11.012943202804584
238,9.01,11.06020979457943
238,9.1,11.107250675716458
238,9.19,11.15365154458167
238,9.28,11.199764674280429
238,9.37,11.245532741614209
238,9.46,11.29110039112961
238,9.55,11.336424107821852
238,9.64,11.381427591523655
238,9.73,11.426078771004684
238,9.82,11.470428843409643
238,9.91,11.514423148176506
238,10.0,11.558200903312201
239,1.0,3.467212545163491
239,1.09,3.680651248467596
239,1.18,3.881987402073114
239,1.27,4.072396075590688
239,1.36,4.253555338645277
239,1.45,4.426770340275818
239,1.54,4.592581248776167
239,1.63,4.75132158554265
239,1.72,4.904055199470575
239,1.81,5.051605271034898
239,1.9,5.1941066277428005
239,1.99,5.331560219561158
239,2.08,5.464789937591328
239,2.17,5.5944172744319065
239,2.26,5.720384747632357
239,2.35,5.8425257993711535
239,2.44,5.961555635112504
239,2.53,6.077998647333164
239,2.62,6.191688453407311
239,2.71,6.302358752336764
239,2.8,6.410673221340431
239,2.89,6.516350773307525
239,2.98,6.6194942068763725
239,3.07,6.720751675955287
239,3.16,6.819791571873424
239,3.25,6.916685970297907
239,3.34,7.012078352634229
239,3.43,7.105594537373822
239,3.52,7.19728342563362
239,3.61,7.287791415098107
239,3.7,7.376706865334284
239,3.79,7.464060653955742
239,3.88,7.549752459674039
239,3.97,7.6340813660946
239,4.06,7.716929947766827
239,4.15,7.798597755762189
239,4.24,7.8789513212035
239,4.33,7.958292292997654
239,4.42,8.036471956852314
239,4.51,8.113795484753958
239,4.6,8.190099504690277
239,4.69,8.265140430586445
239,4.78,8.339020410788464
239,4.87,8.411839888995571
239,4.96,8.483697878461827
239,5.05,8.554692221808926
239,5.14,8.624919838210051
239,5.23,8.694476959524572
239,5.32,8.763459356806912
239,5.41,8.8319625584767
239,5.5,8.900082061318782
239,5.59,8.96791353537825
239,5.68,9.033451071221977
239,5.77,9.096720156622984
239,5.86,9.15968862784606
239,5.95,9.222357450751762
239,6.04,9.28466088384608
239,6.13,9.346538028103877
239,6.22,9.407932534234769
239,6.31,9.468792327376017
239,6.4,9.529069348109216
239,6.49,9.58871930877569
239,6.58,9.64770146413736
239,6.67,9.705978395495814
239,6.76,9.763599169087877
239,6.85,9.820992296255687
239,6.94,9.877699415250003
239,7.03,9.934133242734413
239,7.12,9.9898550445973
239,7.21,10.045262272035522
239,7.3,10.099934936009992
239,7.39,10.154255740210518
239,7.48,10.207874304359231
239,7.57,10.261340607412198
239,7.66,10.314424894205562
239,7.75,10.366791732831842
239,7.84,10.418970003091786
239,7.93,10.470740008378026
239,8.02,10.521780572175189
239,8.11,10.572600228313759
239,8.2,10.622988849644754
239,8.29,10.673199887322557
239,8.38,10.722782631060289
239,8.47,10.772118193599706
239,8.56,10.821005499426892
239,8.65,10.869688487281813
239,8.74,10.917735080858845
239,8.83,10.965511734709752
239,8.92,11.012958255485492
239,9.01,11.06022484726033
239,9.1,11.107265728397358
239,9.19,11.153666597262571
239,9.28,11.199779726961333
239,9.37,11.245547794295115
239,9.46,11.291115443810519
239,9.55,11.336439160502762
239,9.64,11.381442644204565
239,9.73,11.426093823685592
239,9.82,11.47044389609055
239,9.91,11.51443820085741
239,10.0,11.558215955993107
240,1.0,3.467226985675648
240,1.09,3.6806656889797527
240,1.18,3.882001842585269
240,1.27,4.072410516102845
240,1.36,4.253569779157435
240,1.45,4.426784780787976
240,1.54,4.592595689288321
240,1.63,4.751336026054804
240,1.72,4.904069639982726
240,1.81,5.051619711547049
240,1.9,5.1941210682549555
240,1.99,5.331574660073311
240,2.08,5.464804378103483
240,2.17,5.594431714944062
240,2.26,5.720399188144516
240,2.35,5.842540239883313
240,2.44,5.961570075624662
240,2.53,6.0780130878453225
240,2.62,6.191702893919465
240,2.71,6.302373192848919
240,2.8,6.410687661852586
240,2.89,6.51636521381968
240,2.98,6.619508647388528
240,3.07,6.720766116467443
240,3.16,6.81980601238558
240,3.25,6.916700410810062
240,3.34,7.012092793146383
240,3.43,7.105608977885973
240,3.52,7.197297866145772
240,3.61,7.28780585561026
240,3.7,7.376721305846442
240,3.79,7.4640750944679
240,3.88,7.549766900186194
240,3.97,7.634095806606754
240,4.06,7.716944388278982
240,4.15,7.798612196274344
240,4.24,7.878965761715656
240,4.33,7.95830673350981
240,4.42,8.03648639736447
240,4.51,8.113809925266114
240,4.6,8.190113945202432
240,4.69,8.265154871098597
240,4.78,8.339034851300621
240,4.87,8.411854329507726
240,4.96,8.483712318973982
240,5.05,8.554706662321083
240,5.14,8.624934278722206
240,5.23,8.694491400036727
240,5.32,8.763473797319069
240,5.41,8.831976998988855
240,5.5,8.900096501830937
240,5.59,8.967927975890404
240,5.68,9.03346552146236
240,5.77,9.096734607196653
240,5.86,9.15970307841973
240,5.95,9.222371901325431
240,6.04,9.284675334419749
240,6.13,9.346552478677548
240,6.22,9.407946984808438
240,6.31,9.468806777949686
240,6.4,9.529083798682887
240,6.49,9.588733759349358
240,6.58,9.647715914711029
240,6.67,9.705992846069485
240,6.76,9.763613619661548
240,6.85,9.821006746829354
240,6.94,9.87771386582367
240,7.03,9.934147693308084
240,7.12,9.98986949517097
240,7.21,10.04527672260919
240,7.3,10.099949386583662
240,7.39,10.154270190784189
240,7.48,10.207888754932902
240,7.57,10.261355057985869
240,7.66,10.314439344779231
240,7.75,10.36680618340551
240,7.84,10.418984453665454
240,7.93,10.470754458951694
240,8.02,10.52179502274886
240,8.11,10.572614678887428
240,8.2,10.623003300218425
240,8.29,10.673214337896228
240,8.38,10.722797081633955
240,8.47,10.772132644173372
240,8.56,10.821019950000561
240,8.65,10.86970293785548
240,8.74,10.917749531432516
240,8.83,10.965526185283421
240,8.92,11.012972706059161
240,9.01,11.060239297834006
240,9.1,11.107280178971031
240,9.19,11.153681047836242
240,9.28,11.199794177535006
240,9.37,11.245562244868786
240,9.46,11.29112989438418
240,9.55,11.336453611076427
240,9.64,11.38145709477823
240,9.73,11.426108274259256
240,9.82,11.470458346664218
240,9.91,11.514452651431082
240,10.0,11.558230406566778
241,1.0,3.4672408485673207
241,1.09,3.6806795518714255
241,1.18,3.8820157054769373
241,1.27,4.072424378994514
241,1.36,4.2535836420491
241,1.45,4.426798643679641
241,1.54,4.592609552179989
241,1.63,4.7513498889464705
241,1.72,4.904083502874395
241,1.81,5.051633574438719
241,1.9,5.194134931146628
241,1.99,5.331588522964985
241,2.08,5.464818240995155
241,2.17,5.594445577835734
241,2.26,5.720413051036185
241,2.35,5.842554102774982
241,2.44,5.9615839385163305
241,2.53,6.078026950736991
241,2.62,6.191716756811133
241,2.71,6.3023870557405886
241,2.8,6.410701524744256
241,2.89,6.51637907671135
241,2.98,6.619522510280197
241,3.07,6.720779979359111
241,3.16,6.819819875277246
241,3.25,6.916714273701728
241,3.34,7.01210665603805
241,3.43,7.105622840777645
241,3.52,7.197311729037444
241,3.61,7.2878197185019316
241,3.7,7.376735168738111
241,3.79,7.464088957359568
241,3.88,7.549780763077862
241,3.97,7.6341096694984225
241,4.06,7.716958251170651
241,4.15,7.798626059166014
241,4.24,7.878979624607327
241,4.33,7.958320596401481
241,4.42,8.036500260256139
241,4.51,8.113823788157783
241,4.6,8.190127808094099
241,4.69,8.265168733990269
241,4.78,8.33904871419229
241,4.87,8.411868192399394
241,4.96,8.483726181865652
241,5.05,8.554720525212751
241,5.14,8.624948141613874
241,5.23,8.694505262928399
241,5.32,8.763487660210737
241,5.41,8.831990861880525
241,5.5,8.900110364722606
241,5.59,8.967941838782073
241,5.68,9.033479393693126
241,5.77,9.096748479747376
241,5.86,9.159716950970452
241,5.95,9.222385773876153
241,6.04,9.284689206970471
241,6.13,9.34656635122827
241,6.22,9.407960857359162
241,6.31,9.468820650500408
241,6.4,9.52909767123361
241,6.49,9.588747631900082
241,6.58,9.64772978726175
241,6.67,9.706006718620207
241,6.76,9.76362749221227
241,6.85,9.821020619380079
241,6.94,9.877727738374395
241,7.03,9.934161565858805
241,7.12,9.98988336772169
241,7.21,10.045290595159914
241,7.3,10.099963259134384
241,7.39,10.15428406333491
241,7.48,10.207902627483623
241,7.57,10.261368930536591
241,7.66,10.314453217329955
241,7.75,10.366820055956234
241,7.84,10.418998326216178
241,7.93,10.470768331502416
241,8.02,10.52180889529958
241,8.11,10.572628551438148
241,8.2,10.623017172769146
241,8.29,10.673228210446949
241,8.38,10.722810954184679
241,8.47,10.772146516724096
241,8.56,10.821033822551286
241,8.65,10.869716810406205
241,8.74,10.917763403983235
241,8.83,10.96554005783414
241,8.92,11.01298657860988
241,9.01,11.060253170384728
241,9.1,11.107294051521752
241,9.19,11.153694920386966
241,9.28,11.199808050085728
241,9.37,11.245576117419509
241,9.46,11.291143766934912
241,9.55,11.336467483627153
241,9.64,11.381470967328957
241,9.73,11.42612214680998
241,9.82,11.470472219214944
241,9.91,11.514466523981806
241,10.0,11.558244279117494
242,1.0,3.4672541569433184
242,1.09,3.680692860247423
242,1.18,3.8820290138529385
242,1.27,4.072437687370513
242,1.36,4.253596950425103
242,1.45,4.426811952055644
242,1.54,4.592622860555995
242,1.63,4.751363197322478
242,1.72,4.9040968112504
242,1.81,5.051646882814723
242,1.9,5.19414823952263
242,1.99,5.331601831340987
242,2.08,5.464831549371157
242,2.17,5.5944588862117355
242,2.26,5.720426359412186
242,2.35,5.842567411150984
242,2.44,5.9615972468923335
242,2.53,6.078040259112994
242,2.62,6.191730065187136
242,2.71,6.302400364116591
242,2.8,6.410714833120258
242,2.89,6.516392385087349
242,2.98,6.619535818656196
242,3.07,6.720793287735111
242,3.16,6.819833183653251
242,3.25,6.9167275820777325
242,3.34,7.012119964414055
242,3.43,7.105636149153647
242,3.52,7.197325037413445
242,3.61,7.287833026877933
242,3.7,7.376748477114113
242,3.79,7.46410226573557
242,3.88,7.5497940714538645
242,3.97,7.634122977874426
242,4.06,7.716971559546656
242,4.15,7.798639367542018
242,4.24,7.878992932983328
242,4.33,7.958333904777482
242,4.42,8.036513568632138
242,4.51,8.113837096533782
242,4.6,8.190141116470103
242,4.69,8.26518204236627
242,4.78,8.339062022568292
242,4.87,8.411881500775397
242,4.96,8.483739490241653
242,5.05,8.554733833588752
242,5.14,8.624961449989879
242,5.23,8.6945185713044
242,5.32,8.76350096858674
242,5.41,8.832004170256527
242,5.5,8.900123673098609
242,5.59,8.967955147158076
242,5.68,9.033492711034663
242,5.77,9.09676179739607
242,5.86,9.159730268619146
242,5.95,9.222399091524847
242,6.04,9.284702524619165
242,6.13,9.346579668876963
242,6.22,9.407974175007856
242,6.31,9.468833968149104
242,6.4,9.529110988882302
242,6.49,9.588760949548776
242,6.58,9.647743104910445
242,6.67,9.7060200362689
242,6.76,9.763640809860963
242,6.85,9.821033937028771
242,6.94,9.877741056023087
242,7.03,9.934174883507499
242,7.12,9.989896685370386
242,7.21,10.045303912808606
242,7.3,10.099976576783076
242,7.39,10.154297380983605
242,7.48,10.207915945132319
242,7.57,10.261382248185283
242,7.66,10.314466534978646
242,7.75,10.366833373604926
242,7.84,10.419011643864872
242,7.93,10.470781649151112
242,8.02,10.521822212948274
242,8.11,10.572641869086844
242,8.2,10.623030490417838
242,8.29,10.673241528095641
242,8.38,10.722824271833371
242,8.47,10.772159834372786
242,8.56,10.821047140199976
242,8.65,10.869730128054897
242,8.74,10.917776721631931
242,8.83,10.965553375482836
242,8.92,11.012999896258576
242,9.01,11.060266488033422
242,9.1,11.107307369170448
242,9.19,11.153708238035657
242,9.28,11.199821367734417
242,9.37,11.245589435068199
242,9.46,11.291157084583606
242,9.55,11.336480801275844
242,9.64,11.381484284977647
242,9.73,11.426135464458676
242,9.82,11.470485536863638
242,9.91,11.5144798416305
242,10.0,11.558257596766197
243,1.0,3.4672669329842813
243,1.09,3.680705636288386
243,1.18,3.882041789893904
243,1.27,4.072450463411481
243,1.36,4.253609726466067
243,1.45,4.426824728096609
243,1.54,4.592635636596957
243,1.63,4.75137597336344
243,1.72,4.904109587291362
243,1.81,5.051659658855685
243,1.9,5.1941610155635916
243,1.99,5.331614607381949
243,2.08,5.46484432541212
243,2.17,5.594471662252698
243,2.26,5.720439135453149
243,2.35,5.842580187191946
243,2.44,5.961610022933296
243,2.53,6.078053035153956
243,2.62,6.191742841228096
243,2.71,6.30241314015755
243,2.8,6.410727609161217
243,2.89,6.516405161128313
243,2.98,6.619548594697161
243,3.07,6.720806063776076
243,3.16,6.819845959694213
243,3.25,6.916740358118694
243,3.34,7.012132740455016
243,3.43,7.105648925194609
243,3.52,7.197337813454407
243,3.61,7.287845802918895
243,3.7,7.376761253155075
243,3.79,7.464115041776534
243,3.88,7.549806847494829
243,3.97,7.63413575391539
243,4.06,7.716984335587617
243,4.15,7.798652143582979
243,4.24,7.8790057090242875
243,4.33,7.958346680818441
243,4.42,8.036526344673103
243,4.51,8.113849872574747
243,4.6,8.190153892511065
243,4.69,8.265194818407233
243,4.78,8.339074798609255
243,4.87,8.411894276816358
243,4.96,8.483752266282615
243,5.05,8.554746609629717
243,5.14,8.62497422603084
243,5.23,8.694531347345363
243,5.32,8.763513744627701
243,5.41,8.83201694629749
243,5.5,8.900136449139572
243,5.59,8.967967923199039
243,5.68,9.033505495682538
243,5.77,9.096774582338815
243,5.86,9.159743053561892
243,5.95,9.222411876467595
243,6.04,9.28471530956191
243,6.13,9.34659245381971
243,6.22,9.4079869599506
243,6.31,9.468846753091851
243,6.4,9.52912377382505
243,6.49,9.588773734491522
243,6.58,9.647755889853192
243,6.67,9.706032821211647
243,6.76,9.76365359480371
243,6.85,9.821046721971516
243,6.94,9.877753840965832
243,7.03,9.934187668450244
243,7.12,9.989909470313131
243,7.21,10.045316697751351
243,7.3,10.099989361725825
243,7.39,10.15431016592635
243,7.48,10.207928730075064
243,7.57,10.261395033128029
243,7.66,10.314479319921395
243,7.75,10.366846158547675
243,7.84,10.419024428807615
243,7.93,10.470794434093854
243,8.02,10.52183499789102
243,8.11,10.57265465402959
243,8.2,10.623043275360587
243,8.29,10.67325431303839
243,8.38,10.722837056776118
243,8.47,10.772172619315535
243,8.56,10.82105992514272
243,8.65,10.869742912997642
243,8.74,10.917789506574675
243,8.83,10.965566160425578
243,8.92,11.013012681201317
243,9.01,11.060279272976166
243,9.1,11.107320154113191
243,9.19,11.153721022978406
243,9.28,11.199834152677166
243,9.37,11.245602220010948
243,9.46,11.29116986952635
243,9.55,11.336493586218593
243,9.64,11.381497069920396
243,9.73,11.42614824940142
243,9.82,11.47049832180638
243,9.91,11.514492626573242
243,10.0,11.558270381708942
244,1.0,3.467279197983607
244,1.09,3.6807179012877125
244,1.18,3.882054054893228
244,1.27,4.072462728410804
244,1.36,4.2536219914653906
244,1.45,4.4268369930959315
244,1.54,4.59264790159628
244,1.63,4.751388238362763
244,1.72,4.904121852290687
244,1.81,5.051671923855009
244,1.9,5.194173280562916
244,1.99,5.331626872381273
244,2.08,5.4648565904114434
244,2.17,5.594483927252022
244,2.26,5.72045140045247
244,2.35,5.842592452191267
244,2.44,5.961622287932617
244,2.53,6.078065300153277
244,2.62,6.191755106227421
244,2.71,6.3024254051568755
244,2.8,6.4107398741605435
244,2.89,6.516417426127637
244,2.98,6.619560859696484
244,3.07,6.720818328775398
244,3.16,6.819858224693537
244,3.25,6.916752623118017
244,3.34,7.0121450054543395
244,3.43,7.105661190193933
244,3.52,7.1973500784537325
244,3.61,7.28785806791822
244,3.7,7.3767735181544
244,3.79,7.4641273067758585
244,3.88,7.549819112494152
244,3.97,7.634148018914712
244,4.06,7.716996600586938
244,4.15,7.7986644085823
244,4.24,7.879017974023614
244,4.33,7.958358945817768
244,4.42,8.036538609672427
244,4.51,8.11386213757407
244,4.6,8.190166157510388
244,4.69,8.265207083406557
244,4.78,8.339087063608577
244,4.87,8.411906541815682
244,4.96,8.483764531281942
244,5.05,8.55475887462904
244,5.14,8.624986491030164
244,5.23,8.694543612344685
244,5.32,8.763526009627025
244,5.41,8.832029211296813
244,5.5,8.900148714138895
244,5.59,8.967980188198363
244,5.68,9.033517768944499
244,5.77,9.09678685588385
244,5.86,9.159755327106927
244,5.95,9.22242415001263
244,6.04,9.284727583106948
244,6.13,9.346604727364745
244,6.22,9.407999233495637
244,6.31,9.468859026636885
244,6.4,9.529136047370088
244,6.49,9.58878600803656
244,6.58,9.647768163398228
244,6.67,9.706045094756684
244,6.76,9.763665868348747
244,6.85,9.821058995516553
244,6.94,9.87776611451087
244,7.03,9.93419994199528
244,7.12,9.989921743858167
244,7.21,10.045328971296387
244,7.3,10.10000163527086
244,7.39,10.154322439471386
244,7.48,10.2079410036201
244,7.57,10.261407306673068
244,7.66,10.31449159346643
244,7.75,10.36685843209271
244,7.84,10.419036702352653
244,7.93,10.470806707638893
244,8.02,10.521847271436059
244,8.11,10.572666927574623
244,8.2,10.623055548905619
244,8.29,10.673266586583422
244,8.38,10.722849330321154
244,8.47,10.77218489286057
244,8.56,10.821072198687759
244,8.65,10.869755186542681
244,8.74,10.917801780119712
244,8.83,10.965578433970617
244,8.92,11.013024954746356
244,9.01,11.0602915465212
244,9.1,11.107332427658227
244,9.19,11.15373329652344
244,9.28,11.199846426222198
244,9.37,11.24561449355598
244,9.46,11.291182143071385
244,9.55,11.336505859763626
244,9.64,11.38150934346543
244,9.73,11.426160522946459
244,9.82,11.470510595351419
244,9.91,11.51450490011828
244,10.0,11.558282655253977
245,1.0,3.4672909723829575
245,1.09,3.680729675687062
245,1.18,3.8820658292925776
245,1.27,4.072474502810154
245,1.36,4.253633765864742
245,1.45,4.426848767495283
245,1.54,4.592659675995631
245,1.63,4.751400012762114
245,1.72,4.9041336266900375
245,1.81,5.05168369825436
245,1.9,5.194185054962264
245,1.99,5.331638646780621
245,2.08,5.464868364810791
245,2.17,5.59449570165137
245,2.26,5.720463174851822
245,2.35,5.84260422659062
245,2.44,5.96163406233197
245,2.53,6.07807707455263
245,2.62,6.191766880626772
245,2.71,6.302437179556226
245,2.8,6.410751648559893
245,2.89,6.5164292005269875
245,2.98,6.619572634095834
245,3.07,6.720830103174749
245,3.16,6.819869999092887
245,3.25,6.91676439751737
245,3.34,7.012156779853692
245,3.43,7.1056729645932855
245,3.52,7.197361852853084
245,3.61,7.287869842317572
245,3.7,7.376785292553751
245,3.79,7.464139081175208
245,3.88,7.5498308868935
245,3.97,7.634159793314061
245,4.06,7.717008374986292
245,4.15,7.798676182981653
245,4.24,7.8790297484229646
245,4.33,7.958370720217118
245,4.42,8.036550384071777
245,4.51,8.113873911973421
245,4.6,8.190177931909739
245,4.69,8.265218857805905
245,4.78,8.339098838007928
245,4.87,8.411918316215036
245,4.96,8.483776305681292
245,5.05,8.554770649028391
245,5.14,8.624998265429515
245,5.23,8.694555386744035
245,5.32,8.763537784026378
245,5.41,8.832040985696164
245,5.5,8.900160488538246
245,5.59,8.967991962597713
245,5.68,9.033529551275981
245,5.77,9.096798638487085
245,5.86,9.159767109710161
245,5.95,9.222435932615863
245,6.04,9.284739365710182
245,6.13,9.346616509967982
245,6.22,9.408011016098872
245,6.31,9.46887080924012
245,6.4,9.52914782997332
245,6.49,9.588797790639795
245,6.58,9.647779946001464
245,6.67,9.706056877359918
245,6.76,9.763677650951982
245,6.85,9.82107077811979
245,6.94,9.877777897114106
245,7.03,9.934211724598516
245,7.12,9.989933526461401
245,7.21,10.045340753899621
245,7.3,10.100013417874095
245,7.39,10.15433422207462
245,7.48,10.207952786223334
245,7.57,10.261419089276302
245,7.66,10.314503376069664
245,7.75,10.366870214695943
245,7.84,10.419048484955889
245,7.93,10.470818490242127
245,8.02,10.521859054039293
245,8.11,10.57267871017786
245,8.2,10.623067331508857
245,8.29,10.67327836918666
245,8.38,10.72286111292439
245,8.47,10.772196675463803
245,8.56,10.82108398129099
245,8.65,10.86976696914591
245,8.74,10.917813562722946
245,8.83,10.965590216573851
245,8.92,11.01303673734959
245,9.01,11.060303329124437
245,9.1,11.107344210261465
245,9.19,11.153745079126674
245,9.28,11.199858208825436
245,9.37,11.245626276159216
245,9.46,11.291193925674616
245,9.55,11.33651764236686
245,9.64,11.381521126068664
245,9.73,11.42617230554969
245,9.82,11.470522377954648
245,9.91,11.514516682721512
245,10.0,11.55829443785721
246,1.0,3.467302275806335
246,1.09,3.68074097911044
246,1.18,3.8820771327159553
246,1.27,4.072485806233532
246,1.36,4.253645069288119
246,1.45,4.426860070918659
246,1.54,4.5926709794190055
246,1.63,4.751411316185488
246,1.72,4.904144930113412
246,1.81,5.051695001677734
246,1.9,5.194196358385643
246,1.99,5.331649950204
246,2.08,5.464879668234171
246,2.17,5.59450700507475
246,2.26,5.720474478275199
246,2.35,5.842615530013997
246,2.44,5.961645365755345
246,2.53,6.078088377976005
246,2.62,6.191778184050149
246,2.71,6.302448482979602
246,2.8,6.41076295198327
246,2.89,6.516440503950364
246,2.98,6.619583937519212
246,3.07,6.720841406598128
246,3.16,6.819881302516265
246,3.25,6.916775700940748
246,3.34,7.01216808327707
246,3.43,7.105684268016661
246,3.52,7.197373156276459
246,3.61,7.287881145740947
246,3.7,7.376796595977124
246,3.79,7.464150384598582
246,3.88,7.5498421903168795
246,3.97,7.63417109673744
246,4.06,7.7170196784096685
246,4.15,7.79868748640503
246,4.24,7.879041051846341
246,4.33,7.958382023640495
246,4.42,8.036561687495153
246,4.51,8.113885215396797
246,4.6,8.190189235333115
246,4.69,8.265230161229283
246,4.78,8.339110141431307
246,4.87,8.411929619638412
246,4.96,8.483787609104668
246,5.05,8.554781952451767
246,5.14,8.62500956885289
246,5.23,8.694566690167415
246,5.32,8.763549087449753
246,5.41,8.832052289119542
246,5.5,8.900171791961624
246,5.59,8.96800326602109
246,5.68,9.033540862314203
246,5.77,9.09680994978619
246,5.86,9.159778421009266
246,5.95,9.222447243914969
246,6.04,9.284750677009285
246,6.13,9.346627821267086
246,6.22,9.408022327397978
246,6.31,9.468882120539226
246,6.4,9.529159141272425
246,6.49,9.5888091019389
246,6.58,9.64779125730057
246,6.67,9.706068188659025
246,6.76,9.763688962251088
246,6.85,9.821082089418894
246,6.94,9.87778920841321
246,7.03,9.934223035897622
246,7.12,9.98994483776051
246,7.21,10.045352065198728
246,7.3,10.1000247291732
246,7.39,10.154345533373725
246,7.48,10.207964097522439
246,7.57,10.261430400575406
246,7.66,10.314514687368769
246,7.75,10.36688152599505
246,7.84,10.419059796254995
246,7.93,10.470829801541232
246,8.02,10.521870365338396
246,8.11,10.572690021476966
246,8.2,10.623078642807961
246,8.29,10.673289680485764
246,8.38,10.722872424223496
246,8.47,10.77220798676291
246,8.56,10.821095292590098
246,8.65,10.86977828044502
246,8.74,10.917824874022052
246,8.83,10.965601527872954
246,8.92,11.013048048648693
246,9.01,11.060314640423538
246,9.1,11.107355521560565
246,9.19,11.15375639042578
246,9.28,11.19986952012454
246,9.37,11.245637587458322
246,9.46,11.291205236973724
246,9.55,11.336528953665969
246,9.64,11.381532437367772
246,9.73,11.426183616848796
246,9.82,11.470533689253758
246,9.91,11.514527994020618
246,10.0,11.558305749156313
247,1.0,3.467313127092777
247,1.09,3.680751830396881
247,1.18,3.8820879840023945
247,1.27,4.07249665751997
247,1.36,4.253655920574558
247,1.45,4.426870922205098
247,1.54,4.592681830705449
247,1.63,4.751422167471931
247,1.72,4.904155781399856
247,1.81,5.0517058529641785
247,1.9,5.194207209672085
247,1.99,5.331660801490441
247,2.08,5.464890519520611
247,2.17,5.59451785636119
247,2.26,5.720485329561641
247,2.35,5.8426263813004375
247,2.44,5.961656217041787
247,2.53,6.078099229262447
247,2.62,6.1917890353365905
247,2.71,6.302459334266045
247,2.8,6.410773803269713
247,2.89,6.516451355236807
247,2.98,6.619594788805655
247,3.07,6.72085225788457
247,3.16,6.819892153802706
247,3.25,6.916786552227188
247,3.34,7.01217893456351
247,3.43,7.105695119303101
247,3.52,7.197384007562899
247,3.61,7.287891997027387
247,3.7,7.376807447263569
247,3.79,7.464161235885026
247,3.88,7.549853041603321
247,3.97,7.6341819480238815
247,4.06,7.7170305296961095
247,4.15,7.798698337691472
247,4.24,7.879051903132782
247,4.33,7.958392874926936
247,4.42,8.036572538781595
247,4.51,8.113896066683239
247,4.6,8.190200086619557
247,4.69,8.265241012515727
247,4.78,8.33912099271775
247,4.87,8.411940470924854
247,4.96,8.48379846039111
247,5.05,8.55479280373821
247,5.14,8.625020420139334
247,5.23,8.694577541453855
247,5.32,8.763559938736195
247,5.41,8.832063140405984
247,5.5,8.900182643248066
247,5.59,8.968014117307533
247,5.68,9.033551720910896
247,5.77,9.09682080863333
247,5.86,9.159789279856406
247,5.95,9.22245810276211
247,6.04,9.284761535856427
247,6.13,9.346638680114225
247,6.22,9.408033186245119
247,6.31,9.468892979386368
247,6.4,9.529170000119567
247,6.49,9.58881996078604
247,6.58,9.64780211614771
247,6.67,9.706079047506167
247,6.76,9.76369982109823
247,6.85,9.821092948266037
247,6.94,9.877800067260353
247,7.03,9.934233894744763
247,7.12,9.98995569660765
247,7.21,10.04536292404587
247,7.3,10.100035588020344
247,7.39,10.154356392220867
247,7.48,10.207974956369581
247,7.57,10.261441259422547
247,7.66,10.31452554621591
247,7.75,10.36689238484219
247,7.84,10.419070655102134
247,7.93,10.470840660388372
247,8.02,10.521881224185538
247,8.11,10.572700880324108
247,8.2,10.623089501655102
247,8.29,10.673300539332905
247,8.38,10.722883283070633
247,8.47,10.772218845610052
247,8.56,10.821106151437238
247,8.65,10.86978913929216
247,8.74,10.917835732869195
247,8.83,10.965612386720096
247,8.92,11.013058907495836
247,9.01,11.060325499270682
247,9.1,11.10736638040771
247,9.19,11.153767249272923
247,9.28,11.19988037897168
247,9.37,11.245648446305461
247,9.46,11.291216095820861
247,9.55,11.336539812513106
247,9.64,11.38154329621491
247,9.73,11.426194475695938
247,9.82,11.470544548100897
247,9.91,11.51453885286776
247,10.0,11.558316608003455
248,1.0,3.4673235443277584
248,1.09,3.680762247631862
248,1.18,3.8820984012373803
248,1.27,4.072507074754956
248,1.36,4.253666337809545
248,1.45,4.426881339440086
248,1.54,4.592692247940433
248,1.63,4.751432584706915
248,1.72,4.904166198634838
248,1.81,5.051716270199161
248,1.9,5.194217626907069
248,1.99,5.3316712187254245
248,2.08,5.464900936755595
248,2.17,5.594528273596174
248,2.26,5.720495746796625
248,2.35,5.842636798535422
248,2.44,5.961666634276773
248,2.53,6.078109646497433
248,2.62,6.191799452571575
248,2.71,6.30246975150103
248,2.8,6.4107842205046985
248,2.89,6.51646177247179
248,2.98,6.619605206040638
248,3.07,6.720862675119553
248,3.16,6.819902571037688
248,3.25,6.91679696946217
248,3.34,7.012189351798492
248,3.43,7.105705536538087
248,3.52,7.197394424797885
248,3.61,7.287902414262373
248,3.7,7.376817864498553
248,3.79,7.46417165312001
248,3.88,7.5498634588383045
248,3.97,7.6341923652588655
248,4.06,7.717040946931093
248,4.15,7.798708754926455
248,4.24,7.879062320367766
248,4.33,7.95840329216192
248,4.42,8.036582956016579
248,4.51,8.113906483918223
248,4.6,8.190210503854543
248,4.69,8.26525142975071
248,4.78,8.339131409952733
248,4.87,8.411950888159838
248,4.96,8.483808877626094
248,5.05,8.554803220973195
248,5.14,8.625030837374318
248,5.23,8.694587958688839
248,5.32,8.76357035597118
248,5.41,8.832073557640967
248,5.5,8.90019306048305
248,5.59,8.968024534542517
248,5.68,9.033562145163723
248,5.77,9.096831233126586
248,5.86,9.159799704349663
248,5.95,9.222468527255364
248,6.04,9.284771960349683
248,6.13,9.346649104607481
248,6.22,9.408043610738371
248,6.31,9.468903403879622
248,6.4,9.529180424612823
248,6.49,9.588830385279296
248,6.58,9.647812540640965
248,6.67,9.706089471999421
248,6.76,9.763710245591485
248,6.85,9.821103372759293
248,6.94,9.877810491753609
248,7.03,9.934244319238019
248,7.12,9.989966121100906
248,7.21,10.045373348539124
248,7.3,10.100046012513598
248,7.39,10.154366816714123
248,7.48,10.207985380862837
248,7.57,10.261451683915805
248,7.66,10.314535970709166
248,7.75,10.366902809335446
248,7.84,10.41908107959539
248,7.93,10.470851084881629
248,8.02,10.521891648678793
248,8.11,10.572711304817362
248,8.2,10.623099926148356
248,8.29,10.67331096382616
248,8.38,10.722893707563891
248,8.47,10.772229270103308
248,8.56,10.821116575930493
248,8.65,10.869799563785415
248,8.74,10.917846157362447
248,8.83,10.965622811213352
248,8.92,11.013069331989092
248,9.01,11.060335923763937
248,9.1,11.107376804900966
248,9.19,11.153777673766179
248,9.28,11.199890803464935
248,9.37,11.245658870798717
248,9.46,11.291226520314122
248,9.55,11.336550237006364
248,9.64,11.381553720708167
248,9.73,11.426204900189195
248,9.82,11.470554972594151
248,9.91,11.514549277361013
248,10.0,11.558327032496708
249,1.0,3.4673335448733456
249,1.09,3.6807722481774503
249,1.18,3.882108401782965
249,1.27,4.07251707530054
249,1.36,4.2536763383551275
249,1.45,4.426891339985668
249,1.54,4.592702248486018
249,1.63,4.7514425852525
249,1.72,4.904176199180423
249,1.81,5.051726270744745
249,1.9,5.194227627452653
249,1.99,5.33168121927101
249,2.08,5.464910937301181
249,2.17,5.59453827414176
249,2.26,5.7205057473422105
249,2.35,5.842646799081008
249,2.44,5.961676634822359
249,2.53,6.078119647043019
249,2.62,6.191809453117159
249,2.71,6.302479752046614
249,2.8,6.410794221050281
249,2.89,6.516471773017374
249,2.98,6.619615206586221
249,3.07,6.720872675665135
249,3.16,6.819912571583275
249,3.25,6.916806970007756
249,3.34,7.012199352344078
249,3.43,7.105715537083672
249,3.52,7.1974044253434695
249,3.61,7.287912414807957
249,3.7,7.376827865044137
249,3.79,7.464181653665595
249,3.88,7.549873459383889
249,3.97,7.63420236580445
249,4.06,7.717050947476678
249,4.15,7.79871875547204
249,4.24,7.879072320913351
249,4.33,7.958413292707505
249,4.42,8.036592956562165
249,4.51,8.11391648446381
249,4.6,8.190220504400127
249,4.69,8.265261430296295
249,4.78,8.339141410498318
249,4.87,8.411960888705423
249,4.96,8.48381887817168
249,5.05,8.55481322151878
249,5.14,8.625040837919903
249,5.23,8.694597959234423
249,5.32,8.763580356516764
249,5.41,8.832083558186552
249,5.5,8.900203061028634
249,5.59,8.968034535088101
249,5.68,9.033572152446435
249,5.77,9.096841240640112
249,5.86,9.159809711863188
249,5.95,9.22247853476889
249,6.04,9.284781967863207
249,6.13,9.346659112121007
249,6.22,9.408053618251898
249,6.31,9.468913411393144
249,6.4,9.529190432126347
249,6.49,9.588840392792822
249,6.58,9.64782254815449
249,6.67,9.706099479512947
249,6.76,9.76372025310501
249,6.85,9.821113380272816
249,6.94,9.877820499267132
249,7.03,9.934254326751544
249,7.12,9.989976128614432
249,7.21,10.045383356052652
249,7.3,10.100056020027123
249,7.39,10.154376824227647
249,7.48,10.20799538837636
249,7.57,10.261461691429329
249,7.66,10.314545978222693
249,7.75,10.366912816848972
249,7.84,10.419091087108917
249,7.93,10.470861092395154
249,8.02,10.521901656192318
249,8.11,10.572721312330888
249,8.2,10.623109933661883
249,8.29,10.673320971339686
249,8.38,10.722903715077415
249,8.47,10.772239277616832
249,8.56,10.821126583444016
249,8.65,10.869809571298939
249,8.74,10.917856164875975
249,8.83,10.96563281872688
249,8.92,11.01307933950262
249,9.01,11.06034593127746
249,9.1,11.10738681241449
249,9.19,11.1537876812797
249,9.28,11.19990081097846
249,9.37,11.245668878312243
249,9.46,11.291236527827646
249,9.55,11.33656024451989
249,9.64,11.381563728221693
249,9.73,11.42621490770272
249,9.82,11.470564980107676
249,9.91,11.51455928487454
249,10.0,11.558337040010239
250,1.0,3.4673431453971046
250,1.09,3.6807818487012103
250,1.18,3.8821180023067257
250,1.27,4.072526675824301
250,1.36,4.253685938878889
250,1.45,4.426900940509429
250,1.54,4.592711849009779
250,1.63,4.7514521857762615
250,1.72,4.9041857997041856
250,1.81,5.051735871268509
250,1.9,5.194237227976415
250,1.99,5.331690819794772
250,2.08,5.464920537824944
250,2.17,5.594547874665523
250,2.26,5.7205153478659705
250,2.35,5.842656399604769
250,2.44,5.961686235346118
250,2.53,6.078129247566778
250,2.62,6.19181905364092
250,2.71,6.302489352570373
250,2.8,6.41080382157404
250,2.89,6.516481373541137
250,2.98,6.619624807109983
250,3.07,6.720882276188898
250,3.16,6.819922172107036
250,3.25,6.916816570531518
250,3.34,7.012208952867839
250,3.43,7.105725137607433
250,3.52,7.197414025867231
250,3.61,7.287922015331719
250,3.7,7.376837465567898
250,3.79,7.464191254189356
250,3.88,7.549883059907651
250,3.97,7.634211966328211
250,4.06,7.717060548000439
250,4.15,7.7987283559958005
250,4.24,7.8790819214371135
250,4.33,7.958422893231267
250,4.42,8.036602557085926
250,4.51,8.11392608498757
250,4.6,8.190230104923888
250,4.69,8.265271030820056
250,4.78,8.339151011022079
250,4.87,8.411970489229185
250,4.96,8.483828478695441
250,5.05,8.55482282204254
250,5.14,8.625050438443663
250,5.23,8.694607559758184
250,5.32,8.763589957040526
250,5.41,8.832093158710313
250,5.5,8.900212661552395
250,5.59,8.968044135611862
250,5.68,9.03358175943784
250,5.77,9.096850847853096
250,5.86,9.159819319076172
250,5.95,9.222488141981874
250,6.04,9.284791575076191
250,6.13,9.34666871933399
250,6.22,9.408063225464883
250,6.31,9.46892301860613
250,6.4,9.52920003933933
250,6.49,9.588850000005804
250,6.58,9.647832155367475
250,6.67,9.706109086725931
250,6.76,9.763729860317994
250,6.85,9.8211229874858
250,6.94,9.877830106480117
250,7.03,9.934263933964528
250,7.12,9.989985735827414
250,7.21,10.045392963265636
250,7.3,10.100065627240108
250,7.39,10.154386431440633
250,7.48,10.208004995589347
250,7.57,10.261471298642313
250,7.66,10.314555585435675
250,7.75,10.366922424061954
250,7.84,10.4191006943219
250,7.93,10.47087069960814
250,8.02,10.521911263405304
250,8.11,10.572730919543874
250,8.2,10.623119540874868
250,8.29,10.67333057855267
250,8.38,10.722913322290399
250,8.47,10.772248884829816
250,8.56,10.821136190657004
250,8.65,10.869819178511925
250,8.74,10.917865772088957
250,8.83,10.965642425939862
250,8.92,11.013088946715602
250,9.01,11.060355538490445
250,9.1,11.107396419627472
250,9.19,11.153797288492687
250,9.28,11.199910418191449
250,9.37,11.245678485525229
250,9.46,11.291246135040627
250,9.55,11.336569851732872
250,9.64,11.381573335434675
250,9.73,11.4262245149157
250,9.82,11.47057458732066
250,9.91,11.514568892087524
250,10.0,11.558346647223221
251,1.0,3.4673523618999162
251,1.09,3.68079106520402
251,1.18,3.8821272188095373
251,1.27,4.072535892327113
251,1.36,4.253695155381701
251,1.45,4.426910157012243
251,1.54,4.59272106551259
251,1.63,4.751461402279073
251,1.72,4.904195016206998
251,1.81,5.05174508777132
251,1.9,5.194246444479225
251,1.99,5.331700036297582
251,2.08,5.464929754327753
251,2.17,5.5945570911683316
251,2.26,5.720524564368781
251,2.35,5.842665616107578
251,2.44,5.961695451848927
251,2.53,6.078138464069587
251,2.62,6.191828270143732
251,2.71,6.302498569073186
251,2.8,6.410813038076853
251,2.89,6.516490590043947
251,2.98,6.619634023612795
251,3.07,6.720891492691709
251,3.16,6.819931388609847
251,3.25,6.916825787034329
251,3.34,7.012218169370651
251,3.43,7.105734354110243
251,3.52,7.197423242370042
251,3.61,7.28793123183453
251,3.7,7.37684668207071
251,3.79,7.464200470692167
251,3.88,7.549892276410461
251,3.97,7.634221182831022
251,4.06,7.717069764503251
251,4.15,7.798737572498613
251,4.24,7.879091137939924
251,4.33,7.958432109734078
251,4.42,8.036611773588737
251,4.51,8.11393530149038
251,4.6,8.190239321426699
251,4.69,8.265280247322867
251,4.78,8.339160227524891
251,4.87,8.411979705731996
251,4.96,8.483837695198252
251,5.05,8.554832038545351
251,5.14,8.625059654946474
251,5.23,8.694616776260997
251,5.32,8.763599173543335
251,5.41,8.832102375213124
251,5.5,8.900221878055206
251,5.59,8.968053352114673
251,5.68,9.033590982149589
251,5.77,9.096860070777561
251,5.86,9.159828542000637
251,5.95,9.222497364906339
251,6.04,9.284800798000656
251,6.13,9.346677942258456
251,6.22,9.408072448389348
251,6.31,9.468932241530595
251,6.4,9.529209262263794
251,6.49,9.588859222930267
251,6.58,9.647841378291938
251,6.67,9.706118309650396
251,6.76,9.76373908324246
251,6.85,9.821132210410266
251,6.94,9.877839329404582
251,7.03,9.934273156888992
251,7.12,9.989994958751879
251,7.21,10.0454021861901
251,7.3,10.100074850164571
251,7.39,10.154395654365098
251,7.48,10.208014218513812
251,7.57,10.261480521566778
251,7.66,10.314564808360142
251,7.75,10.366931646986421
251,7.84,10.419109917246365
251,7.93,10.470879922532603
251,8.02,10.521920486329767
251,8.11,10.572740142468337
251,8.2,10.623128763799333
251,8.29,10.673339801477136
251,8.38,10.722922545214866
251,8.47,10.772258107754283
251,8.56,10.821145413581469
251,8.65,10.86982840143639
251,8.74,10.917874995013422
251,8.83,10.965651648864327
251,8.92,11.013098169640067
251,9.01,11.060364761414911
251,9.1,11.107405642551939
251,9.19,11.15380651141715
251,9.28,11.19991964111591
251,9.37,11.245687708449692
251,9.46,11.291255357965092
251,9.55,11.336579074657335
251,9.64,11.381582558359138
251,9.73,11.426233737840167
251,9.82,11.47058381024513
251,9.91,11.514578115011991
251,10.0,11.558355870147683
252,1.0,3.4673612097426156
252,1.09,3.6807999130467213
252,1.18,3.8821360666522358
252,1.27,4.072544740169812
252,1.36,4.253704003224401
252,1.45,4.426919004854941
252,1.54,4.592729913355288
252,1.63,4.751470250121771
252,1.72,4.904203864049695
252,1.81,5.051753935614017
252,1.9,5.194255292321923
252,1.99,5.331708884140279
252,2.08,5.46493860217045
252,2.17,5.594565939011028
252,2.26,5.7205334122114815
252,2.35,5.842674463950278
252,2.44,5.961704299691626
252,2.53,6.078147311912287
252,2.62,6.19183711798643
252,2.71,6.302507416915884
252,2.8,6.410821885919551
252,2.89,6.516499437886646
252,2.98,6.6196428714554925
252,3.07,6.720900340534408
252,3.16,6.8199402364525445
252,3.25,6.916834634877027
252,3.34,7.012227017213349
252,3.43,7.105743201952942
252,3.52,7.1974320902127396
252,3.61,7.287940079677227
252,3.7,7.376855529913406
252,3.79,7.464209318534865
252,3.88,7.549901124253161
252,3.97,7.634230030673721
252,4.06,7.717078612345949
252,4.15,7.7987464203413115
252,4.24,7.879099985782623
252,4.33,7.9584409575767765
252,4.42,8.036620621431435
252,4.51,8.11394414933308
252,4.6,8.190248169269397
252,4.69,8.265289095165567
252,4.78,8.33916907536759
252,4.87,8.411988553574695
252,4.96,8.48384654304095
252,5.05,8.55484088638805
252,5.14,8.625068502789173
252,5.23,8.694625624103693
252,5.32,8.763608021386034
252,5.41,8.832111223055822
252,5.5,8.900230725897904
252,5.59,8.968062199957371
252,5.68,9.033599835952867
252,5.77,9.096868924785047
252,5.86,9.159837396008124
252,5.95,9.222506218913825
252,6.04,9.284809652008143
252,6.13,9.346686796265942
252,6.22,9.408081302396834
252,6.31,9.468941095538081
252,6.4,9.52921811627128
252,6.49,9.588868076937754
252,6.58,9.647850232299422
252,6.67,9.70612716365788
252,6.76,9.763747937249944
252,6.85,9.821141064417752
252,6.94,9.877848183412068
252,7.03,9.93428201089648
252,7.12,9.990003812759365
252,7.21,10.045411040197585
252,7.3,10.100083704172057
252,7.39,10.154404508372584
252,7.48,10.208023072521298
252,7.57,10.261489375574262
252,7.66,10.314573662367629
252,7.75,10.366940500993907
252,7.84,10.419118771253851
252,7.93,10.470888776540091
252,8.02,10.521929340337255
252,8.11,10.572748996475823
252,8.2,10.623137617806819
252,8.29,10.673348655484622
252,8.38,10.72293139922235
252,8.47,10.772266961761767
252,8.56,10.821154267588955
252,8.65,10.869837255443876
252,8.74,10.91788384902091
252,8.83,10.965660502871815
252,8.92,11.013107023647555
252,9.01,11.0603736154224
252,9.1,11.107414496559425
252,9.19,11.153815365424636
252,9.28,11.199928495123398
252,9.37,11.245696562457178
252,9.46,11.291264211972582
252,9.55,11.336587928664823
252,9.64,11.381591412366626
252,9.73,11.426242591847652
252,9.82,11.470592664252612
252,9.91,11.514586969019476
252,10.0,11.558364724155169
253,1.0,3.467369703671608
253,1.09,3.6808084069757117
253,1.18,3.8821445605812253
253,1.27,4.072553234098802
253,1.36,4.25371249715339
253,1.45,4.426927498783931
253,1.54,4.592738407284278
253,1.63,4.75147874405076
253,1.72,4.904212357978683
253,1.81,5.051762429543006
253,1.9,5.194263786250915
253,1.99,5.331717378069271
253,2.08,5.464947096099441
253,2.17,5.5945744329400195
253,2.26,5.720541906140471
253,2.35,5.842682957879268
253,2.44,5.961712793620618
253,2.53,6.078155805841278
253,2.62,6.19184561191542
253,2.71,6.302515910844875
253,2.8,6.410830379848543
253,2.89,6.516507931815635
253,2.98,6.619651365384484
253,3.07,6.7209088344633985
253,3.16,6.819948730381536
253,3.25,6.916843128806017
253,3.34,7.012235511142339
253,3.43,7.105751695881931
253,3.52,7.19744058414173
253,3.61,7.287948573606218
253,3.7,7.376864023842399
253,3.79,7.464217812463856
253,3.88,7.54990961818215
253,3.97,7.634238524602711
253,4.06,7.71708710627494
253,4.15,7.798754914270302
253,4.24,7.879108479711613
253,4.33,7.958449451505767
253,4.42,8.036629115360425
253,4.51,8.113952643262069
253,4.6,8.19025666319839
253,4.69,8.265297589094558
253,4.78,8.339177569296579
253,4.87,8.411997047503684
253,4.96,8.48385503696994
253,5.05,8.55484938031704
253,5.14,8.625076996718162
253,5.23,8.694634118032685
253,5.32,8.763616515315025
253,5.41,8.832119716984813
253,5.5,8.900239219826895
253,5.59,8.968070693886363
253,5.68,9.033608335604013
253,5.77,9.096877424632234
253,5.86,9.15984589585531
253,5.95,9.222514718761012
253,6.04,9.28481815185533
253,6.13,9.346695296113129
253,6.22,9.408089802244021
253,6.31,9.468949595385268
253,6.4,9.529226616118468
253,6.49,9.58887657678494
253,6.58,9.64785873214661
253,6.67,9.706135663505066
253,6.76,9.763756437097129
253,6.85,9.821149564264937
253,6.94,9.877856683259253
253,7.03,9.934290510743665
253,7.12,9.990012312606552
253,7.21,10.045419540044774
253,7.3,10.100092204019244
253,7.39,10.15441300821977
253,7.48,10.208031572368483
253,7.57,10.26149787542145
253,7.66,10.314582162214815
253,7.75,10.366949000841094
253,7.84,10.419127271101036
253,7.93,10.470897276387278
253,8.02,10.52193784018444
253,8.11,10.57275749632301
253,8.2,10.623146117654006
253,8.29,10.673357155331809
253,8.38,10.722939899069539
253,8.47,10.772275461608954
253,8.56,10.821162767436142
253,8.65,10.869845755291063
253,8.74,10.917892348868095
253,8.83,10.965669002719
253,8.92,11.01311552349474
253,9.01,11.060382115269585
253,9.1,11.107422996406612
253,9.19,11.153823865271825
253,9.28,11.199936994970585
253,9.37,11.245705062304367
253,9.46,11.291272711819769
253,9.55,11.33659642851201
253,9.64,11.381599912213813
253,9.73,11.426251091694839
253,9.82,11.4706011640998
253,9.91,11.514595468866663
253,10.0,11.55837322400236
254,1.0,3.467377857843437
254,1.09,3.680816561147542
254,1.18,3.8821527147530555
254,1.27,4.072561388270631
254,1.36,4.253720651325219
254,1.45,4.426935652955759
254,1.54,4.592746561456111
254,1.63,4.751486898222592
254,1.72,4.904220512150515
254,1.81,5.051770583714838
254,1.9,5.194271940422745
254,1.99,5.331725532241102
254,2.08,5.464955250271272
254,2.17,5.5945825871118515
254,2.26,5.720550060312301
254,2.35,5.842691112051099
254,2.44,5.961720947792449
254,2.53,6.078163960013109
254,2.62,6.191853766087251
254,2.71,6.302524065016706
254,2.8,6.410838534020373
254,2.89,6.516516085987467
254,2.98,6.619659519556313
254,3.07,6.720916988635229
254,3.16,6.819956884553365
254,3.25,6.916851282977848
254,3.34,7.01224366531417
254,3.43,7.105759850053763
254,3.52,7.197448738313561
254,3.61,7.287956727778049
254,3.7,7.376872178014229
254,3.79,7.464225966635687
254,3.88,7.549917772353982
254,3.97,7.634246678774542
254,4.06,7.71709526044677
254,4.15,7.798763068442133
254,4.24,7.879116633883443
254,4.33,7.958457605677597
254,4.42,8.036637269532259
254,4.51,8.113960797433903
254,4.6,8.190264817370222
254,4.69,8.265305743266387
254,4.78,8.33918572346841
254,4.87,8.412005201675514
254,4.96,8.48386319114177
254,5.05,8.55485753448887
254,5.14,8.625085150889994
254,5.23,8.694642272204515
254,5.32,8.763624669486857
254,5.41,8.832127871156644
254,5.5,8.900247373998726
254,5.59,8.968078848058193
254,5.68,9.033616495269115
254,5.77,9.096885584485534
254,5.86,9.15985405570861
254,5.95,9.222522878614312
254,6.04,9.28482631170863
254,6.13,9.346703455966427
254,6.22,9.40809796209732
254,6.31,9.468957755238568
254,6.4,9.529234775971767
254,6.49,9.58888473663824
254,6.58,9.647866891999909
254,6.67,9.706143823358365
254,6.76,9.763764596950429
254,6.85,9.821157724118235
254,6.94,9.877864843112551
254,7.03,9.934298670596963
254,7.12,9.99002047245985
254,7.21,10.045427699898072
254,7.3,10.100100363872544
254,7.39,10.154421168073071
254,7.48,10.208039732221785
254,7.57,10.26150603527475
254,7.66,10.314590322068112
254,7.75,10.366957160694392
254,7.84,10.419135430954336
254,7.93,10.470905436240578
254,8.02,10.52194600003774
254,8.11,10.572765656176308
254,8.2,10.623154277507306
254,8.29,10.673365315185109
254,8.38,10.722948058922837
254,8.47,10.772283621462254
254,8.56,10.82117092728944
254,8.65,10.869853915144363
254,8.74,10.917900508721397
254,8.83,10.9656771625723
254,8.92,11.01312368334804
254,9.01,11.060390275122884
254,9.1,11.107431156259912
254,9.19,11.153832025125123
254,9.28,11.199945154823883
254,9.37,11.245713222157665
254,9.46,11.291280871673067
254,9.55,11.33660458836531
254,9.64,11.381608072067113
254,9.73,11.42625925154814
254,9.82,11.4706093239531
254,9.91,11.514603628719964
254,10.0,11.558381383855659
255,1.0,3.4673856858483925
255,1.09,3.680824389152497
255,1.18,3.8821605427580153
255,1.27,4.07256921627559
255,1.36,4.253728479330178
255,1.45,4.426943480960718
255,1.54,4.592754389461067
255,1.63,4.75149472622755
255,1.72,4.9042283401554725
255,1.81,5.051778411719797
255,1.9,5.194279768427702
255,1.99,5.3317333602460595
255,2.08,5.46496307827623
255,2.17,5.5945904151168095
255,2.26,5.720557888317258
255,2.35,5.842698940056057
255,2.44,5.961728775797406
255,2.53,6.078171788018066
255,2.62,6.1918615940922095
255,2.71,6.302531893021662
255,2.8,6.41084636202533
255,2.89,6.516523913992423
255,2.98,6.619667347561271
255,3.07,6.720924816640187
255,3.16,6.819964712558324
255,3.25,6.916859110982806
255,3.34,7.012251493319128
255,3.43,7.1057676780587204
255,3.52,7.197456566318519
255,3.61,7.287964555783007
255,3.7,7.376880006019188
255,3.79,7.464233794640645
255,3.88,7.5499256003589394
255,3.97,7.6342545067795005
255,4.06,7.7171030884517275
255,4.15,7.79877089644709
255,4.24,7.879124461888403
255,4.33,7.958465433682557
255,4.42,8.036645097537217
255,4.51,8.113968625438861
255,4.6,8.190272645375176
255,4.69,8.265313571271344
255,4.78,8.339193551473366
255,4.87,8.412013029680471
255,4.96,8.483871019146727
255,5.05,8.554865362493828
255,5.14,8.625092978894951
255,5.23,8.694650100209474
255,5.32,8.763632497491814
255,5.41,8.8321356991616
255,5.5,8.900255202003683
255,5.59,8.96808667606315
255,5.68,9.033624328547612
255,5.77,9.0968934179447
255,5.86,9.159861889167777
255,5.95,9.22253071207348
255,6.04,9.284834145167796
255,6.13,9.346711289425595
255,6.22,9.408105795556486
255,6.31,9.468965588697737
255,6.4,9.529242609430936
255,6.49,9.588892570097409
255,6.58,9.647874725459078
255,6.67,9.706151656817532
255,6.76,9.763772430409595
255,6.85,9.821165557577404
255,6.94,9.87787267657172
255,7.03,9.93430650405613
255,7.12,9.990028305919017
255,7.21,10.045435533357237
255,7.3,10.10010819733171
255,7.39,10.154429001532238
255,7.48,10.208047565680952
255,7.57,10.261513868733918
255,7.66,10.314598155527282
255,7.75,10.366964994153562
255,7.84,10.419143264413504
255,7.93,10.470913269699741
255,8.02,10.521953833496907
255,8.11,10.572773489635475
255,8.2,10.623162110966474
255,8.29,10.673373148644277
255,8.38,10.722955892382005
255,8.47,10.77229145492142
255,8.56,10.821178760748609
255,8.65,10.869861748603531
255,8.74,10.917908342180562
255,8.83,10.965684996031467
255,8.92,11.013131516807206
255,9.01,11.060398108582051
255,9.1,11.107438989719078
255,9.19,11.153839858584293
255,9.28,11.199952988283052
255,9.37,11.245721055616833
255,9.46,11.291288705132235
255,9.55,11.336612421824478
255,9.64,11.381615905526282
255,9.73,11.426267085007307
255,9.82,11.470617157412267
255,9.91,11.51461146217913
255,10.0,11.558389217314826
256,1.0,3.467393200733153
256,1.09,3.680831904037257
256,1.18,3.8821680576427733
256,1.27,4.07257673116035
256,1.36,4.253735994214937
256,1.45,4.426950995845479
256,1.54,4.592761904345826
256,1.63,4.751502241112309
256,1.72,4.904235855040232
256,1.81,5.051785926604556
256,1.9,5.194287283312461
256,1.99,5.331740875130819
256,2.08,5.464970593160989
256,2.17,5.5945979300015685
256,2.26,5.720565403202019
256,2.35,5.842706454940815
256,2.44,5.961736290682165
256,2.53,6.078179302902825
256,2.62,6.1918691089769675
256,2.71,6.302539407906422
256,2.8,6.41085387691009
256,2.89,6.516531428877184
256,2.98,6.619674862446031
256,3.07,6.720932331524946
256,3.16,6.819972227443083
256,3.25,6.9168666258675655
256,3.34,7.012259008203887
256,3.43,7.105775192943481
256,3.52,7.197464081203279
256,3.61,7.287972070667767
256,3.7,7.376887520903947
256,3.79,7.464241309525405
256,3.88,7.549933115243698
256,3.97,7.634262021664259
256,4.06,7.717110603336489
256,4.15,7.798778411331851
256,4.24,7.879131976773164
256,4.33,7.958472948567318
256,4.42,8.036652612421973
256,4.51,8.113976140323617
256,4.6,8.190280160259935
256,4.69,8.265321086156103
256,4.78,8.339201066358125
256,4.87,8.41202054456523
256,4.96,8.483878534031488
256,5.05,8.554872877378587
256,5.14,8.625100493779712
256,5.23,8.694657615094233
256,5.32,8.763640012376573
256,5.41,8.83214321404636
256,5.5,8.900262716888442
256,5.59,8.968094190947909
256,5.68,9.033631848494968
256,5.77,9.0969009380655
256,5.86,9.159869409288577
256,5.95,9.22253823219428
256,6.04,9.284841665288598
256,6.13,9.346718809546395
256,6.22,9.408113315677287
256,6.31,9.468973108818535
256,6.4,9.529250129551738
256,6.49,9.58890009021821
256,6.58,9.64788224557988
256,6.67,9.706159176938334
256,6.76,9.763779950530397
256,6.85,9.821173077698203
256,6.94,9.87788019669252
256,7.03,9.934314024176931
256,7.12,9.990035826039819
256,7.21,10.045443053478037
256,7.3,10.10011571745251
256,7.39,10.154436521653036
256,7.48,10.20805508580175
256,7.57,10.261521388854717
256,7.66,10.314605675648082
256,7.75,10.366972514274362
256,7.84,10.419150784534306
256,7.93,10.470920789820545
256,8.02,10.52196135361771
256,8.11,10.572781009756277
256,8.2,10.62316963108727
256,8.29,10.673380668765073
256,8.38,10.722963412502805
256,8.47,10.77229897504222
256,8.56,10.821186280869412
256,8.65,10.869869268724333
256,8.74,10.917915862301363
256,8.83,10.965692516152266
256,8.92,11.013139036928006
256,9.01,11.060405628702853
256,9.1,11.10744650983988
256,9.19,11.153847378705091
256,9.28,11.199960508403851
256,9.37,11.245728575737633
256,9.46,11.291296225253035
256,9.55,11.336619941945278
256,9.64,11.381623425647081
256,9.73,11.42627460512811
256,9.82,11.470624677533069
256,9.91,11.51461898229993
256,10.0,11.558396737435627
257,1.0,3.4674004150225217
257,1.09,3.6808391183266274
257,1.18,3.882175271932142
257,1.27,4.072583945449718
257,1.36,4.253743208504306
257,1.45,4.426958210134848
257,1.54,4.592769118635195
257,1.63,4.751509455401679
257,1.72,4.904243069329601
257,1.81,5.051793140893925
257,1.9,5.194294497601831
257,1.99,5.331748089420187
257,2.08,5.464977807450357
257,2.17,5.594605144290937
257,2.26,5.720572617491387
257,2.35,5.842713669230184
257,2.44,5.961743504971534
257,2.53,6.0781865171921945
257,2.62,6.191876323266338
257,2.71,6.302546622195791
257,2.8,6.410861091199458
257,2.89,6.516538643166553
257,2.98,6.6196820767354
257,3.07,6.720939545814314
257,3.16,6.819979441732453
257,3.25,6.916873840156935
257,3.34,7.012266222493256
257,3.43,7.10578240723285
257,3.52,7.197471295492648
257,3.61,7.287979284957136
257,3.7,7.376894735193315
257,3.79,7.464248523814773
257,3.88,7.54994032953307
257,3.97,7.63426923595363
257,4.06,7.7171178176258595
257,4.15,7.798785625621221
257,4.24,7.879139191062529
257,4.33,7.958480162856683
257,4.42,8.036659826711341
257,4.51,8.113983354612985
257,4.6,8.190287374549303
257,4.69,8.265328300445471
257,4.78,8.339208280647494
257,4.87,8.4120277588546
257,4.96,8.483885748320857
257,5.05,8.554880091667957
257,5.14,8.62510770806908
257,5.23,8.694664829383601
257,5.32,8.763647226665942
257,5.41,8.832150428335728
257,5.5,8.90026993117781
257,5.59,8.968101405237277
257,5.68,9.033639067644431
257,5.77,9.096908157381469
257,5.86,9.159876628604545
257,5.95,9.222545451510248
257,6.04,9.284848884604566
257,6.13,9.346726028862365
257,6.22,9.408120534993255
257,6.31,9.468980328134505
257,6.4,9.529257348867704
257,6.49,9.58890730953418
257,6.58,9.647889464895849
257,6.67,9.706166396254304
257,6.76,9.763787169846367
257,6.85,9.821180297014173
257,6.94,9.87788741600849
257,7.03,9.9343212434929
257,7.12,9.990043045355787
257,7.21,10.045450272794007
257,7.3,10.10012293676848
257,7.39,10.154443740969004
257,7.48,10.208062305117718
257,7.57,10.261528608170686
257,7.66,10.314612894964048
257,7.75,10.366979733590329
257,7.84,10.419158003850272
257,7.93,10.470928009136513
257,8.02,10.521968572933678
257,8.11,10.572788229072247
257,8.2,10.623176850403242
257,8.29,10.673387888081045
257,8.38,10.722970631818775
257,8.47,10.77230619435819
257,8.56,10.821193500185377
257,8.65,10.869876488040298
257,8.74,10.917923081617332
257,8.83,10.965699735468235
257,8.92,11.013146256243974
257,9.01,11.060412848018824
257,9.1,11.10745372915585
257,9.19,11.153854598021061
257,9.28,11.19996772771982
257,9.37,11.245735795053601
257,9.46,11.291303444569003
257,9.55,11.336627161261248
257,9.64,11.381630644963051
257,9.73,11.426281824444077
257,9.82,11.470631896849035
257,9.91,11.514626201615899
257,10.0,11.558403956751594
258,1.0,3.4674073407403165
258,1.09,3.680846044044422
258,1.18,3.8821821976499358
258,1.27,4.072590871167513
258,1.36,4.2537501342221
258,1.45,4.426965135852642
258,1.54,4.59277604435299
258,1.63,4.751516381119472
258,1.72,4.904249995047395
258,1.81,5.051800066611719
258,1.9,5.194301423319624
258,1.99,5.331755015137981
258,2.08,5.464984733168152
258,2.17,5.594612070008731
258,2.26,5.720579543209182
258,2.35,5.842720594947979
258,2.44,5.961750430689328
258,2.53,6.078193442909988
258,2.62,6.191883248984131
258,2.71,6.302553547913586
258,2.8,6.410868016917252
258,2.89,6.516545568884348
258,2.98,6.619689002453195
258,3.07,6.720946471532109
258,3.16,6.819986367450247
258,3.25,6.916880765874729
258,3.34,7.012273148211051
258,3.43,7.105789332950644
258,3.52,7.197478221210442
258,3.61,7.28798621067493
258,3.7,7.376901660911112
258,3.79,7.464255449532569
258,3.88,7.549947255250864
258,3.97,7.634276161671425
258,4.06,7.71712474334365
258,4.15,7.7987925513390115
258,4.24,7.879146116780323
258,4.33,7.9584870885744765
258,4.42,8.036666752429134
258,4.51,8.113990280330778
258,4.6,8.190294300267098
258,4.69,8.265335226163266
258,4.78,8.33921520636529
258,4.87,8.412034684572394
258,4.96,8.483892674038652
258,5.05,8.55488701738575
258,5.14,8.625114633786874
258,5.23,8.694671755101396
258,5.32,8.763654152383735
258,5.41,8.832157354053523
258,5.5,8.900276856895605
258,5.59,8.968108330955072
258,5.68,9.033645998027916
258,5.77,9.096915087924799
258,5.86,9.159883559147875
258,5.95,9.222552382053577
258,6.04,9.284855815147896
258,6.13,9.346732959405694
258,6.22,9.408127465536586
258,6.31,9.468987258677833
258,6.4,9.529264279411034
258,6.49,9.588914240077507
258,6.58,9.64789639543918
258,6.67,9.706173326797634
258,6.76,9.763794100389697
258,6.85,9.821187227557504
258,6.94,9.87789434655182
258,7.03,9.93432817403623
258,7.12,9.990049975899117
258,7.21,10.045457203337337
258,7.3,10.100129867311809
258,7.39,10.154450671512334
258,7.48,10.208069235661048
258,7.57,10.261535538714016
258,7.66,10.314619825507377
258,7.75,10.366986664133657
258,7.84,10.419164934393603
258,7.93,10.470934939679841
258,8.02,10.521975503477005
258,8.11,10.572795159615575
258,8.2,10.62318378094657
258,8.29,10.673394818624374
258,8.38,10.722977562362106
258,8.47,10.77231312490152
258,8.56,10.821200430728709
258,8.65,10.86988341858363
258,8.74,10.917930012160664
258,8.83,10.965706666011567
258,8.92,11.013153186787306
258,9.01,11.06041977856215
258,9.1,11.107460659699177
258,9.19,11.15386152856439
258,9.28,11.199974658263148
258,9.37,11.24574272559693
258,9.46,11.291310375112339
258,9.55,11.336634091804578
258,9.64,11.381637575506382
258,9.73,11.426288754987407
258,9.82,11.470638827392365
258,9.91,11.51463313215923
258,10.0,11.558410887294924
259,1.0,3.4674139894293985
259,1.09,3.680852692733504
259,1.18,3.8821888463390195
259,1.27,4.072597519856594
259,1.36,4.253756782911182
259,1.45,4.426971784541724
259,1.54,4.592782693042071
259,1.63,4.751523029808554
259,1.72,4.904256643736478
259,1.81,5.051806715300801
259,1.9,5.194308072008708
259,1.99,5.331761663827064
259,2.08,5.464991381857234
259,2.17,5.594618718697814
259,2.26,5.7205861918982635
259,2.35,5.8427272436370625
259,2.44,5.96175707937841
259,2.53,6.07820009159907
259,2.62,6.1918898976732155
259,2.71,6.302560196602669
259,2.8,6.410874665606335
259,2.89,6.51655221757343
259,2.98,6.619695651142277
259,3.07,6.720953120221192
259,3.16,6.819993016139329
259,3.25,6.916887414563812
259,3.34,7.012279796900133
259,3.43,7.105795981639728
259,3.52,7.197484869899526
259,3.61,7.287992859364014
259,3.7,7.376908309600195
259,3.79,7.464262098221653
259,3.88,7.549953903939944
259,3.97,7.634282810360504
259,4.06,7.717131392032732
259,4.15,7.798799200028094
259,4.24,7.879152765469405
259,4.33,7.958493737263558
259,4.42,8.036673401118218
259,4.51,8.113996929019862
259,4.6,8.19030094895618
259,4.69,8.26534187485235
259,4.78,8.33922185505437
259,4.87,8.412041333261477
259,4.96,8.483899322727734
259,5.05,8.554893666074832
259,5.14,8.625121282475957
259,5.23,8.694678403790476
259,5.32,8.763660801072819
259,5.41,8.832164002742605
259,5.5,8.900283505584687
259,5.59,8.968114979644154
259,5.68,9.03365265119606
259,5.77,9.096921741246396
259,5.86,9.159890212469472
259,5.95,9.222559035375173
259,6.04,9.284862468469491
259,6.13,9.346739612727292
259,6.22,9.408134118858182
259,6.31,9.46899391199943
259,6.4,9.52927093273263
259,6.49,9.588920893399104
259,6.58,9.647903048760773
259,6.67,9.706179980119233
259,6.76,9.763800753711296
259,6.85,9.8211938808791
259,6.94,9.877900999873416
259,7.03,9.934334827357828
259,7.12,9.990056629220714
259,7.21,10.045463856658934
259,7.3,10.100136520633406
259,7.39,10.154457324833931
259,7.48,10.208075888982645
259,7.57,10.261542192035611
259,7.66,10.314626478828975
259,7.75,10.366993317455254
259,7.84,10.4191715877152
259,7.93,10.470941593001436
259,8.02,10.521982156798602
259,8.11,10.572801812937172
259,8.2,10.623190434268167
259,8.29,10.67340147194597
259,8.38,10.722984215683699
259,8.47,10.772319778223116
259,8.56,10.821207084050304
259,8.65,10.869890071905225
259,8.74,10.91793666548226
259,8.83,10.965713319333164
259,8.92,11.013159840108903
259,9.01,11.060426431883748
259,9.1,11.107467313020775
259,9.19,11.153868181885988
259,9.28,11.199981311584748
259,9.37,11.245749378918529
259,9.46,11.29131702843393
259,9.55,11.336640745126171
259,9.64,11.381644228827975
259,9.73,11.426295408309002
259,9.82,11.47064548071396
259,9.91,11.514639785480824
259,10.0,11.558417540616526
260,1.0,3.467420372170918
260,1.09,3.6808590754750234
260,1.18,3.882195229080537
260,1.27,4.072603902598113
260,1.36,4.2537631656527015
260,1.45,4.4269781672832424
260,1.54,4.592789075783592
260,1.63,4.751529412550073
260,1.72,4.904263026477997
260,1.81,5.05181309804232
260,1.9,5.194314454750226
260,1.99,5.331768046568585
260,2.08,5.4649977645987535
260,2.17,5.594625101439332
260,2.26,5.7205925746397845
260,2.35,5.842733626378582
260,2.44,5.961763462119929
260,2.53,6.07820647434059
260,2.62,6.191896280414734
260,2.71,6.302566579344187
260,2.8,6.410881048347854
260,2.89,6.516558600314949
260,2.98,6.619702033883796
260,3.07,6.720959502962711
260,3.16,6.81999939888085
260,3.25,6.916893797305332
260,3.34,7.012286179641654
260,3.43,7.105802364381248
260,3.52,7.197491252641046
260,3.61,7.287999242105534
260,3.7,7.37691469234171
260,3.79,7.464268480963168
260,3.88,7.549960286681462
260,3.97,7.634289193102023
260,4.06,7.71713777477425
260,4.15,7.798805582769612
260,4.24,7.879159148210925
260,4.33,7.958500120005079
260,4.42,8.036679783859737
260,4.51,8.114003311761381
260,4.6,8.190307331697701
260,4.69,8.265348257593867
260,4.78,8.339228237795892
260,4.87,8.412047716002997
260,4.96,8.483905705469253
260,5.05,8.554900048816354
260,5.14,8.625127665217473
260,5.23,8.694684786531997
260,5.32,8.763667183814336
260,5.41,8.832170385484124
260,5.5,8.900289888326206
260,5.59,8.968121362385673
260,5.68,9.033659038237479
260,5.77,9.09692812843513
260,5.86,9.159896599658206
260,5.95,9.222565422563907
260,6.04,9.284868855658225
260,6.13,9.346745999916022
260,6.22,9.408140506046916
260,6.31,9.469000299188163
260,6.4,9.529277319921363
260,6.49,9.588927280587836
260,6.58,9.647909435949506
260,6.67,9.70618636730796
260,6.76,9.763807140900024
260,6.85,9.821200268067836
260,6.94,9.877907387062152
260,7.03,9.93434121454656
260,7.12,9.990063016409447
260,7.21,10.045470243847669
260,7.3,10.10014290782214
260,7.39,10.154463712022665
260,7.48,10.208082276171378
260,7.57,10.261548579224344
260,7.66,10.314632866017707
260,7.75,10.366999704643987
260,7.84,10.419177974903931
260,7.93,10.470947980190171
260,8.02,10.521988543987334
260,8.11,10.572808200125905
260,8.2,10.623196821456897
260,8.29,10.6734078591347
260,8.38,10.722990602872432
260,8.47,10.77232616541185
260,8.56,10.821213471239037
260,8.65,10.869896459093958
260,8.74,10.91794305267099
260,8.83,10.965719706521895
260,8.92,11.013166227297635
260,9.01,11.06043281907248
260,9.1,11.107473700209507
260,9.19,11.153874569074722
260,9.28,11.19998769877348
260,9.37,11.245755766107262
260,9.46,11.291323415622664
260,9.55,11.336647132314907
260,9.64,11.38165061601671
260,9.73,11.426301795497738
260,9.82,11.470651867902697
260,9.91,11.514646172669558
260,10.0,11.558423927805254
261,1.0,3.4674264996027757
261,1.09,3.6808652029068814
261,1.18,3.8822013565123967
261,1.27,4.0726100300299715
261,1.36,4.25376929308456
261,1.45,4.426984294715101
261,1.54,4.5927952032154495
261,1.63,4.7515355399819335
261,1.72,4.904269153909855
261,1.81,5.051819225474178
261,1.9,5.194320582182086
261,1.99,5.331774174000443
261,2.08,5.465003892030611
261,2.17,5.594631228871191
261,2.26,5.7205987020716424
261,2.35,5.84273975381044
261,2.44,5.961769589551788
261,2.53,6.0782126017724485
261,2.62,6.191902407846592
261,2.71,6.302572706776046
261,2.8,6.410887175779713
261,2.89,6.516564727746809
261,2.98,6.619708161315656
261,3.07,6.720965630394571
261,3.16,6.820005526312709
261,3.25,6.916899924737192
261,3.34,7.012292307073513
261,3.43,7.105808491813103
261,3.52,7.1974973800729005
261,3.61,7.288005369537388
261,3.7,7.376920819773568
261,3.79,7.464274608395026
261,3.88,7.54996641411332
261,3.97,7.63429532053388
261,4.06,7.71714390220611
261,4.15,7.798811710201472
261,4.24,7.879165275642784
261,4.33,7.958506247436937
261,4.42,8.036685911291597
261,4.51,8.114009439193241
261,4.6,8.190313459129557
261,4.69,8.265354385025727
261,4.78,8.33923436522775
261,4.87,8.412053843434855
261,4.96,8.483911832901113
261,5.05,8.554906176248208
261,5.14,8.625133792649335
261,5.23,8.694690913963854
261,5.32,8.763673311246196
261,5.41,8.832176512915982
261,5.5,8.900296015758064
261,5.59,8.968127489817531
261,5.68,9.033665169797242
261,5.77,9.096934260136313
261,5.86,9.15990273135939
261,5.95,9.222571554265091
261,6.04,9.284874987359409
261,6.13,9.346752131617206
261,6.22,9.408146637748096
261,6.31,9.469006430889348
261,6.4,9.529283451622547
261,6.49,9.58893341228902
261,6.58,9.647915567650688
261,6.67,9.706192499009145
261,6.76,9.763813272601208
261,6.85,9.821206399769014
261,6.94,9.87791351876333
261,7.03,9.934347346247746
261,7.12,9.990069148110633
261,7.21,10.045476375548851
261,7.3,10.100149039523323
261,7.39,10.15446984372385
261,7.48,10.208088407872564
261,7.57,10.261554710925529
261,7.66,10.314638997718891
261,7.75,10.367005836345172
261,7.84,10.419184106605115
261,7.93,10.470954111891354
261,8.02,10.521994675688518
261,8.11,10.572814331827088
261,8.2,10.623202953158083
261,8.29,10.673413990835886
261,8.38,10.722996734573615
261,8.47,10.772332297113033
261,8.56,10.821219602940218
261,8.65,10.869902590795139
261,8.74,10.917949184372175
261,8.83,10.96572583822308
261,8.92,11.013172358998819
261,9.01,11.060438950773664
261,9.1,11.107479831910691
261,9.19,11.153880700775902
261,9.28,11.199993830474662
261,9.37,11.245761897808444
261,9.46,11.291329547323848
261,9.55,11.336653264016089
261,9.64,11.381656747717892
261,9.73,11.426307927198922
261,9.82,11.47065799960388
261,9.91,11.514652304370742
261,10.0,11.558430059506438
262,1.0,3.4674323819373605
262,1.09,3.6808710852414652
262,1.18,3.8822072388469806
262,1.27,4.072615912364558
262,1.36,4.253775175419143
262,1.45,4.426990177049685
262,1.54,4.592801085550034
262,1.63,4.751541422316517
262,1.72,4.904275036244439
262,1.81,5.051825107808762
262,1.9,5.19432646451667
262,1.99,5.331780056335027
262,2.08,5.465009774365196
262,2.17,5.594637111205775
262,2.26,5.720604584406226
262,2.35,5.842745636145024
262,2.44,5.961775471886373
262,2.53,6.078218484107033
262,2.62,6.1919082901811775
262,2.71,6.302578589110632
262,2.8,6.410893058114299
262,2.89,6.516570610081393
262,2.98,6.619714043650241
262,3.07,6.720971512729156
262,3.16,6.82001140864729
262,3.25,6.916905807071771
262,3.34,7.012298189408093
262,3.43,7.105814374147687
262,3.52,7.197503262407485
262,3.61,7.288011251871973
262,3.7,7.376926702108152
262,3.79,7.464280490729609
262,3.88,7.549972296447905
262,3.97,7.634301202868466
262,4.06,7.717149784540695
262,4.15,7.798817592536055
262,4.24,7.8791711579773684
262,4.33,7.958512129771522
262,4.42,8.03669179362618
262,4.51,8.114015321527823
262,4.6,8.190319341464143
262,4.69,8.265360267360311
262,4.78,8.339240247562334
262,4.87,8.41205972576944
262,4.96,8.483917715235693
262,5.05,8.554912058582795
262,5.14,8.625139674983917
262,5.23,8.69469679629844
262,5.32,8.76367919358078
262,5.41,8.832182395250566
262,5.5,8.900301898092648
262,5.59,8.968133372152115
262,5.68,9.033671056094613
262,5.77,9.09694014656945
262,5.86,9.159908617792526
262,5.95,9.222577440698227
262,6.04,9.284880873792545
262,6.13,9.346758018050343
262,6.22,9.408152524181235
262,6.31,9.46901231732248
262,6.4,9.529289338055683
262,6.49,9.588939298722156
262,6.58,9.647921454083825
262,6.67,9.706198385442281
262,6.76,9.763819159034345
262,6.85,9.821212286202151
262,6.94,9.877919405196467
262,7.03,9.934353232680877
262,7.12,9.990075034543764
262,7.21,10.04548226198199
262,7.3,10.100154925956462
262,7.39,10.154475730156985
262,7.48,10.208094294305699
262,7.57,10.261560597358665
262,7.66,10.31464488415203
262,7.75,10.36701172277831
262,7.84,10.419189993038252
262,7.93,10.47095999832449
262,8.02,10.522000562121654
262,8.11,10.572820218260224
262,8.2,10.623208839591218
262,8.29,10.673419877269021
262,8.38,10.723002621006751
262,8.47,10.772338183546168
262,8.56,10.821225489373354
262,8.65,10.869908477228277
262,8.74,10.91795507080531
262,8.83,10.965731724656216
262,8.92,11.013178245431956
262,9.01,11.060444837206797
262,9.1,11.107485718343824
262,9.19,11.153886587209039
262,9.28,11.199999716907799
262,9.37,11.24576778424158
262,9.46,11.291335433756984
262,9.55,11.336659150449226
262,9.64,11.381662634151029
262,9.73,11.426313813632055
262,9.82,11.470663886037014
262,9.91,11.514658190803878
262,10.0,11.558435945939575
263,1.0,3.4674380289785605
263,1.09,3.680876732282666
263,1.18,3.8822128858881815
263,1.27,4.072621559405758
263,1.36,4.253780822460344
263,1.45,4.426995824090885
263,1.54,4.592806732591235
263,1.63,4.751547069357717
263,1.72,4.9042806832856405
263,1.81,5.051830754849963
263,1.9,5.19433211155787
263,1.99,5.3317857033762275
263,2.08,5.465015421406397
263,2.17,5.594642758246977
263,2.26,5.720610231447428
263,2.35,5.842751283186226
263,2.44,5.961781118927575
263,2.53,6.078224131148235
263,2.62,6.191913937222378
263,2.71,6.302584236151833
263,2.8,6.4108987051555
263,2.89,6.516576257122591
263,2.98,6.619719690691437
263,3.07,6.720977159770353
263,3.16,6.82001705568849
263,3.25,6.916911454112973
263,3.34,7.012303836449295
263,3.43,7.105820021188887
263,3.52,7.197508909448684
263,3.61,7.288016898913172
263,3.7,7.376932349149353
263,3.79,7.464286137770811
263,3.88,7.549977943489107
263,3.97,7.634306849909666
263,4.06,7.7171554315818955
263,4.15,7.798823239577258
263,4.24,7.8791768050185675
263,4.33,7.958517776812721
263,4.42,8.036697440667382
263,4.51,8.114020968569026
263,4.6,8.190324988505344
263,4.69,8.265365914401512
263,4.78,8.339245894603536
263,4.87,8.412065372810638
263,4.96,8.483923362276897
263,5.05,8.554917705623994
263,5.14,8.625145322025118
263,5.23,8.69470244333964
263,5.32,8.763684840621979
263,5.41,8.832188042291767
263,5.5,8.900307545133849
263,5.59,8.968139019193316
263,5.68,9.03367670694009
263,5.77,9.09694579754526
263,5.86,9.159914268768336
263,5.95,9.22258309167404
263,6.04,9.284886524768355
263,6.13,9.346763669026155
263,6.22,9.408158175157045
263,6.31,9.469017968298294
263,6.4,9.529294989031492
263,6.49,9.588944949697968
263,6.58,9.647927105059637
263,6.67,9.706204036418091
263,6.76,9.763824810010155
263,6.85,9.821217937177963
263,6.94,9.877925056172279
263,7.03,9.934358883656689
263,7.12,9.990080685519576
263,7.21,10.045487912957794
263,7.3,10.100160576932268
263,7.39,10.154481381132799
263,7.48,10.208099945281512
263,7.57,10.261566248334479
263,7.66,10.31465053512784
263,7.75,10.36701737375412
263,7.84,10.419195644014064
263,7.93,10.470965649300302
263,8.02,10.522006213097468
263,8.11,10.572825869236034
263,8.2,10.62321449056703
263,8.29,10.673425528244833
263,8.38,10.723008271982563
263,8.47,10.77234383452198
263,8.56,10.821231140349166
263,8.65,10.869914128204087
263,8.74,10.917960721781121
263,8.83,10.965737375632024
263,8.92,11.013183896407764
263,9.01,11.060450488182608
263,9.1,11.107491369319636
263,9.19,11.153892238184849
263,9.28,11.20000536788361
263,9.37,11.245773435217393
263,9.46,11.291341084732789
263,9.55,11.336664801425034
263,9.64,11.381668285126837
263,9.73,11.426319464607866
263,9.82,11.470669537012826
263,9.91,11.514663841779688
263,10.0,11.558441596915387
264,1.0,3.467443450138113
264,1.09,3.6808821534422176
264,1.18,3.8822183070477347
264,1.27,4.07262698056531
264,1.36,4.253786243619897
264,1.45,4.427001245250438
264,1.54,4.5928121537507876
264,1.63,4.751552490517271
264,1.72,4.904286104445193
264,1.81,5.051836176009516
264,1.9,5.194337532717424
264,1.99,5.331791124535782
264,2.08,5.465020842565951
264,2.17,5.59464817940653
264,2.26,5.720615652606981
264,2.35,5.842756704345779
264,2.44,5.961786540087128
264,2.53,6.078229552307788
264,2.62,6.191919358381928
264,2.71,6.3025896573113815
264,2.8,6.4109041263150495
264,2.89,6.516581678282144
264,2.98,6.619725111850991
264,3.07,6.720982580929906
264,3.16,6.820022476848043
264,3.25,6.916916875272524
264,3.34,7.0123092576088455
264,3.43,7.10582544234844
264,3.52,7.1975143306082385
264,3.61,7.288022320072726
264,3.7,7.376937770308907
264,3.79,7.464291558930364
264,3.88,7.549983364648659
264,3.97,7.634312271069221
264,4.06,7.717160852741447
264,4.15,7.798828660736809
264,4.24,7.879182226178122
264,4.33,7.9585231979722755
264,4.42,8.036702861826933
264,4.51,8.114026389728577
264,4.6,8.190330409664897
264,4.69,8.265371335561067
264,4.78,8.339251315763086
264,4.87,8.412070793970193
264,4.96,8.483928783436447
264,5.05,8.554923126783546
264,5.14,8.62515074318467
264,5.23,8.694707864499192
264,5.32,8.763690261781532
264,5.41,8.83219346345132
264,5.5,8.900312966293402
264,5.59,8.96814444035287
264,5.68,9.033682131751748
264,5.77,9.096951222482039
264,5.86,9.159919693705115
264,5.95,9.222588516610816
264,6.04,9.284891949705136
264,6.13,9.346769093962932
264,6.22,9.408163600093824
264,6.31,9.469023393235071
264,6.4,9.529300413968272
264,6.49,9.588950374634743
264,6.58,9.647932529996416
264,6.67,9.70620946135487
264,6.76,9.763830234946933
264,6.85,9.82122336211474
264,6.94,9.877930481109056
264,7.03,9.934364308593468
264,7.12,9.990086110456355
264,7.21,10.045493337894575
264,7.3,10.100166001869047
264,7.39,10.15448680606957
264,7.48,10.208105370218284
264,7.57,10.261571673271252
264,7.66,10.31465596006462
264,7.75,10.3670227986909
264,7.84,10.419201068950844
264,7.93,10.470971074237081
264,8.02,10.522011638034245
264,8.11,10.572831294172815
264,8.2,10.623219915503809
264,8.29,10.673430953181612
264,8.38,10.723013696919343
264,8.47,10.772349259458757
264,8.56,10.821236565285943
264,8.65,10.869919553140866
264,8.74,10.9179661467179
264,8.83,10.965742800568805
264,8.92,11.013189321344544
264,9.01,11.060455913119387
264,9.1,11.107496794256415
264,9.19,11.153897663121628
264,9.28,11.200010792820386
264,9.37,11.245778860154168
264,9.46,11.29134650966957
264,9.55,11.336670226361813
264,9.64,11.381673710063616
264,9.73,11.426324889544643
264,9.82,11.470674961949605
264,9.91,11.514669266716467
264,10.0,11.558447021852158
265,1.0,3.4674486544512844
265,1.09,3.680887357755389
265,1.18,3.8822235113609045
265,1.27,4.072632184878481
265,1.36,4.253791447933068
265,1.45,4.427006449563609
265,1.54,4.592817358063959
265,1.63,4.751557694830442
265,1.72,4.904291308758365
265,1.81,5.051841380322688
265,1.9,5.194342737030595
265,1.99,5.331796328848952
265,2.08,5.465026046879122
265,2.17,5.5946533837197014
265,2.26,5.720620856920149
265,2.35,5.842761908658946
265,2.44,5.961791744400295
265,2.53,6.078234756620955
265,2.62,6.191924562695099
265,2.71,6.302594861624553
265,2.8,6.410909330628221
265,2.89,6.5165868825953135
265,2.98,6.61973031616416
265,3.07,6.720987785243075
265,3.16,6.820027681161213
265,3.25,6.916922079585696
265,3.34,7.012314461922018
265,3.43,7.1058306466616115
265,3.52,7.197519534921408
265,3.61,7.288027524385896
265,3.7,7.376942974622077
265,3.79,7.464296763243536
265,3.88,7.549988568961829
265,3.97,7.634317475382389
265,4.06,7.7171660570546186
265,4.15,7.798833865049981
265,4.24,7.879187430491291
265,4.33,7.958528402285445
265,4.42,8.036708066140106
265,4.51,8.11403159404175
265,4.6,8.19033561397807
265,4.69,8.265376539874234
265,4.78,8.339256520076258
265,4.87,8.412075998283361
265,4.96,8.483933987749618
265,5.05,8.554928331096718
265,5.14,8.62515594749784
265,5.23,8.694713068812362
265,5.32,8.763695466094703
265,5.41,8.83219866776449
265,5.5,8.900318170606573
265,5.59,8.96814964466604
265,5.68,9.033687339570939
265,5.77,9.096956430421345
265,5.86,9.159924901644422
265,5.95,9.222593724550125
265,6.04,9.28489715764444
265,6.13,9.346774301902242
265,6.22,9.40816880803313
265,6.31,9.46902860117438
265,6.4,9.529305621907579
265,6.49,9.588955582574053
265,6.58,9.64793773793572
265,6.67,9.706214669294178
265,6.76,9.763835442886242
265,6.85,9.821228570054048
265,6.94,9.877935689048364
265,7.03,9.934369516532774
265,7.12,9.990091318395661
265,7.21,10.045498545833881
265,7.3,10.100171209808355
265,7.39,10.15449201400888
265,7.48,10.208110578157594
265,7.57,10.26157688121056
265,7.66,10.314661168003921
265,7.75,10.367028006630202
265,7.84,10.419206276890147
265,7.93,10.47097628217639
265,8.02,10.522016845973555
265,8.11,10.572836502112123
265,8.2,10.623225123443117
265,8.29,10.67343616112092
265,8.38,10.72301890485865
265,8.47,10.772354467398067
265,8.56,10.821241773225253
265,8.65,10.869924761080174
265,8.74,10.917971354657208
265,8.83,10.96574800850811
265,8.92,11.01319452928385
265,9.01,11.060461121058694
265,9.1,11.107502002195721
265,9.19,11.153902871060936
265,9.28,11.200016000759696
265,9.37,11.245784068093478
265,9.46,11.291351717608876
265,9.55,11.336675434301121
265,9.64,11.381678918002924
265,9.73,11.426330097483952
265,9.82,11.47068016988891
265,9.91,11.514674474655772
265,10.0,11.558452229791468
266,1.0,3.467453650591928
266,1.09,3.6808923538960325
266,1.18,3.8822285075015497
266,1.27,4.072637181019126
266,1.36,4.253796444073713
266,1.45,4.427011445704254
266,1.54,4.592822354204603
266,1.63,4.751562690971086
266,1.72,4.904296304899009
266,1.81,5.051846376463332
266,1.9,5.194347733171236
266,1.99,5.331801324989592
266,2.08,5.465031043019763
266,2.17,5.594658379860341
266,2.26,5.720625853060793
266,2.35,5.84276690479959
266,2.44,5.96179674054094
266,2.53,6.078239752761601
266,2.62,6.191929558835742
266,2.71,6.302599857765196
266,2.8,6.410914326768863
266,2.89,6.516591878735958
266,2.98,6.6197353123048055
266,3.07,6.72099278138372
266,3.16,6.8200326773018585
266,3.25,6.916927075726339
266,3.34,7.01231945806266
266,3.43,7.105835642802255
266,3.52,7.197524531062054
266,3.61,7.288032520526542
266,3.7,7.37694797076272
266,3.79,7.464301759384178
266,3.88,7.549993565102473
266,3.97,7.634322471523035
266,4.06,7.717171053195262
266,4.15,7.798838861190624
266,4.24,7.879192426631937
266,4.33,7.95853339842609
266,4.42,8.03671306228075
266,4.51,8.114036590182394
266,4.6,8.19034061011871
266,4.69,8.26538153601488
266,4.78,8.3392615162169
266,4.87,8.412080994424006
266,4.96,8.483938983890262
266,5.05,8.554933327237359
266,5.14,8.625160943638484
266,5.23,8.694718064953006
266,5.32,8.763700462235347
266,5.41,8.832203663905135
266,5.5,8.900323166747217
266,5.59,8.968154640806684
266,5.68,9.033692339077364
266,5.77,9.09696143004308
266,5.86,9.159929901266157
266,5.95,9.222598724171858
266,6.04,9.284902157266178
266,6.13,9.346779301523974
266,6.22,9.408173807654867
266,6.31,9.469033600796113
266,6.4,9.529310621529314
266,6.49,9.588960582195787
266,6.58,9.647942737557457
266,6.67,9.706219668915912
266,6.76,9.763840442507975
266,6.85,9.821233569675783
266,6.94,9.8779406886701
266,7.03,9.93437451615451
266,7.12,9.990096318017397
266,7.21,10.045503545455617
266,7.3,10.100176209430089
266,7.39,10.154497013630614
266,7.48,10.208115577779328
266,7.57,10.261581880832296
266,7.66,10.314666167625658
266,7.75,10.367033006251939
266,7.84,10.419211276511883
266,7.93,10.47098128179812
266,8.02,10.522021845595283
266,8.11,10.572841501733855
266,8.2,10.623230123064852
266,8.29,10.673441160742655
266,8.38,10.723023904480387
266,8.47,10.772359467019802
266,8.56,10.821246772846987
266,8.65,10.86992976070191
266,8.74,10.917976354278943
266,8.83,10.965753008129848
266,8.92,11.013199528905588
266,9.01,11.060466120680431
266,9.1,11.107507001817458
266,9.19,11.153907870682671
266,9.28,11.200021000381428
266,9.37,11.24578906771521
266,9.46,11.291356717230613
266,9.55,11.336680433922854
266,9.64,11.381683917624658
266,9.73,11.426335097105687
266,9.82,11.470685169510647
266,9.91,11.51467947427751
266,10.0,11.558457229413202
267,1.0,3.4674584468869476
267,1.09,3.6808971501910523
267,1.18,3.8822333037965677
267,1.27,4.072641977314144
267,1.36,4.253801240368731
267,1.45,4.427016241999272
267,1.54,4.592827150499619
267,1.63,4.7515674872661
267,1.72,4.904301101194024
267,1.81,5.051851172758346
267,1.9,5.194352529466254
267,1.99,5.331806121284611
267,2.08,5.465035839314782
267,2.17,5.594663176155361
267,2.26,5.720630649355811
267,2.35,5.842771701094607
267,2.44,5.9618015368359565
267,2.53,6.078244549056617
267,2.62,6.19193435513076
267,2.71,6.3026046540602145
267,2.8,6.4109191230638825
267,2.89,6.516596675030977
267,2.98,6.619740108599823
267,3.07,6.720997577678737
267,3.16,6.820037473596876
267,3.25,6.916931872021359
267,3.34,7.012324254357681
267,3.43,7.105840439097272
267,3.52,7.197529327357071
267,3.61,7.288037316821558
267,3.7,7.376952767057738
267,3.79,7.464306555679197
267,3.88,7.549998361397491
267,3.97,7.634327267818051
267,4.06,7.717175849490281
267,4.15,7.7988436574856435
267,4.24,7.879197222926956
267,4.33,7.958538194721109
267,4.42,8.036717858575766
267,4.51,8.11404138647741
267,4.6,8.19034540641373
267,4.69,8.265386332309896
267,4.78,8.339266312511919
267,4.87,8.412085790719024
267,4.96,8.483943780185278
267,5.05,8.554938123532379
267,5.14,8.625165739933502
267,5.23,8.694722861248025
267,5.32,8.763705258530365
267,5.41,8.832208460200153
267,5.5,8.900327963042235
267,5.59,8.968159437101702
267,5.68,9.03369713860353
267,5.77,9.096966229679946
267,5.86,9.159934700903023
267,5.95,9.222603523808724
267,6.04,9.284906956903042
267,6.13,9.346784101160841
267,6.22,9.408178607291731
267,6.31,9.46903840043298
267,6.4,9.529315421166178
267,6.49,9.588965381832653
267,6.58,9.647947537194321
267,6.67,9.70622446855278
267,6.76,9.763845242144843
267,6.85,9.821238369312647
267,6.94,9.877945488306963
267,7.03,9.934379315791375
267,7.12,9.990101117654262
267,7.21,10.045508345092482
267,7.3,10.100181009066954
267,7.39,10.15450181326748
267,7.48,10.208120377416193
267,7.57,10.26158668046916
267,7.66,10.314670967262524
267,7.75,10.367037805888803
267,7.84,10.419216076148748
267,7.93,10.470986081434987
267,8.02,10.52202664523215
267,8.11,10.57284630137072
267,8.2,10.623234922701714
267,8.29,10.673445960379517
267,8.38,10.723028704117246
267,8.47,10.772364266656664
267,8.56,10.821251572483852
267,8.65,10.869934560338775
267,8.74,10.917981153915811
267,8.83,10.965757807766714
267,8.92,11.013204328542454
267,9.01,11.060470920317295
267,9.1,11.107511801454324
267,9.19,11.153912670319537
267,9.28,11.200025800018297
267,9.37,11.245793867352079
267,9.46,11.291361516867479
267,9.55,11.336685233559722
267,9.64,11.381688717261525
267,9.73,11.426339896742553
267,9.82,11.470689969147509
267,9.91,11.514684273914373
267,10.0,11.55846202905007
268,1.0,3.4674630513301645
268,1.09,3.6809017546342693
268,1.18,3.882237908239783
268,1.27,4.072646581757358
268,1.36,4.2538058448119465
268,1.45,4.4270208464424865
268,1.54,4.592831754942837
268,1.63,4.751572091709319
268,1.72,4.904305705637243
268,1.81,5.051855777201566
268,1.9,5.194357133909471
268,1.99,5.331810725727827
268,2.08,5.465040443757998
268,2.17,5.594667780598576
268,2.26,5.720635253799028
268,2.35,5.842776305537825
268,2.44,5.961806141279175
268,2.53,6.0782491534998355
268,2.62,6.191938959573979
268,2.71,6.3026092585034315
268,2.8,6.4109237275070985
268,2.89,6.516601279474194
268,2.98,6.619744713043042
268,3.07,6.721002182121957
268,3.16,6.8200420780400925
268,3.25,6.916936476464575
268,3.34,7.012328858800896
268,3.43,7.10584504354049
268,3.52,7.197533931800289
268,3.61,7.288041921264777
268,3.7,7.376957371500956
268,3.79,7.4643111601224135
268,3.88,7.550002965840709
268,3.97,7.634331872261271
268,4.06,7.7171804539335
268,4.15,7.798848261928861
268,4.24,7.879201827370171
268,4.33,7.9585427991643245
268,4.42,8.036722463018984
268,4.51,8.114045990920628
268,4.6,8.190350010856946
268,4.69,8.265390936753114
268,4.78,8.339270916955137
268,4.87,8.41209039516224
268,4.96,8.483948384628496
268,5.05,8.554942727975595
268,5.14,8.62517034437672
268,5.23,8.694727465691242
268,5.32,8.763709862973583
268,5.41,8.832213064643371
268,5.5,8.900332567485453
268,5.59,8.96816404154492
268,5.68,9.033701746148651
268,5.77,9.096970837331337
268,5.86,9.159939308554414
268,5.95,9.222608131460115
268,6.04,9.284911564554433
268,6.13,9.34678870881223
268,6.22,9.408183214943124
268,6.31,9.46904300808437
268,6.4,9.52932002881757
268,6.49,9.588969989484042
268,6.58,9.647952144845712
268,6.67,9.706229076204169
268,6.76,9.763849849796232
268,6.85,9.82124297696404
268,6.94,9.877950095958356
268,7.03,9.934383923442766
268,7.12,9.990105725305652
268,7.21,10.045512952743874
268,7.3,10.100185616718345
268,7.39,10.154506420918871
268,7.48,10.208124985067585
268,7.57,10.26159128812055
268,7.66,10.314675574913915
268,7.75,10.367042413540194
268,7.84,10.419220683800138
268,7.93,10.470990689086378
268,8.02,10.522031252883542
268,8.11,10.572850909022112
268,8.2,10.623239530353107
268,8.29,10.67345056803091
268,8.38,10.723033311768638
268,8.47,10.772368874308055
268,8.56,10.82125618013524
268,8.65,10.869939167990163
268,8.74,10.917985761567195
268,8.83,10.965762415418101
268,8.92,11.013208936193841
268,9.01,11.060475527968686
268,9.1,11.107516409105715
268,9.19,11.15391727797093
268,9.28,11.200030407669688
268,9.37,11.24579847500347
268,9.46,11.29136612451887
268,9.55,11.336689841211113
268,9.64,11.381693324912916
268,9.73,11.426344504393944
268,9.82,11.470694576798904
268,9.91,11.514688881565768
268,10.0,11.55846663670146
269,1.0,3.4674674715956515
269,1.09,3.6809061748997554
269,1.18,3.8822423285052716
269,1.27,4.072651002022847
269,1.36,4.253810265077436
269,1.45,4.427025266707977
269,1.54,4.592836175208324
269,1.63,4.751576511974806
269,1.72,4.90431012590273
269,1.81,5.051860197467052
269,1.9,5.19436155417496
269,1.99,5.331815145993317
269,2.08,5.465044864023487
269,2.17,5.594672200864067
269,2.26,5.720639674064517
269,2.35,5.842780725803314
269,2.44,5.961810561544662
269,2.53,6.0782535737653225
269,2.62,6.191943379839467
269,2.71,6.302613678768922
269,2.8,6.410928147772589
269,2.89,6.5166056997396815
269,2.98,6.619749133308529
269,3.07,6.721006602387444
269,3.16,6.820046498305581
269,3.25,6.916940896730065
269,3.34,7.012333279066387
269,3.43,7.105849463805979
269,3.52,7.197538352065776
269,3.61,7.288046341530264
269,3.7,7.376961791766445
269,3.79,7.464315580387904
269,3.88,7.550007386106199
269,3.97,7.6343362925267595
269,4.06,7.717184874198986
269,4.15,7.798852682194348
269,4.24,7.87920624763566
269,4.33,7.958547219429814
269,4.42,8.036726883284473
269,4.51,8.114050411186117
269,4.6,8.190354431122435
269,4.69,8.265395357018603
269,4.78,8.339275337220624
269,4.87,8.412094815427729
269,4.96,8.483952804893985
269,5.05,8.554947148241085
269,5.14,8.625174764642209
269,5.23,8.694731885956731
269,5.32,8.763714283239072
269,5.41,8.83221748490886
269,5.5,8.900336987750942
269,5.59,8.968168461810409
269,5.68,9.033706169391966
269,5.77,9.096975260676672
269,5.86,9.159943731899748
269,5.95,9.222612554805451
269,6.04,9.284915987899767
269,6.13,9.346793132157567
269,6.22,9.408187638288457
269,6.31,9.469047431429708
269,6.4,9.529324452162905
269,6.49,9.58897441282938
269,6.58,9.647956568191047
269,6.67,9.706233499549503
269,6.76,9.763854273141567
269,6.85,9.821247400309375
269,6.94,9.87795451930369
269,7.03,9.934388346788102
269,7.12,9.99011014865099
269,7.21,10.045517376089208
269,7.3,10.10019004006368
269,7.39,10.154510844264207
269,7.48,10.20812940841292
269,7.57,10.261595711465887
269,7.66,10.31467999825925
269,7.75,10.36704683688553
269,7.84,10.419225107145474
269,7.93,10.470995112431712
269,8.02,10.522035676228876
269,8.11,10.572855332367444
269,8.2,10.623243953698442
269,8.29,10.673454991376245
269,8.38,10.723037735113975
269,8.47,10.772373297653392
269,8.56,10.821260603480578
269,8.65,10.8699435913355
269,8.74,10.917990184912533
269,8.83,10.965766838763436
269,8.92,11.013213359539176
269,9.01,11.060479951314019
269,9.1,11.107520832451048
269,9.19,11.153921701316259
269,9.28,11.20003483101502
269,9.37,11.245802898348803
269,9.46,11.291370547864204
269,9.55,11.33669426455645
269,9.64,11.381697748258253
269,9.73,11.426348927739282
269,9.82,11.47069900014424
269,9.91,11.514693304911102
269,10.0,11.558471060046797
270,1.0,3.4674717150505217
270,1.09,3.6809104183546264
270,1.18,3.88224657196014
270,1.27,4.072655245477715
270,1.36,4.253814508532304
270,1.45,4.427029510162844
270,1.54,4.592840418663194
270,1.63,4.751580755429676
270,1.72,4.9043143693576
270,1.81,5.051864440921923
270,1.9,5.194365797629829
270,1.99,5.331819389448186
270,2.08,5.465049107478355
270,2.17,5.594676444318934
270,2.26,5.720643917519386
270,2.35,5.842784969258185
270,2.44,5.961814804999533
270,2.53,6.0782578172201935
270,2.62,6.191947623294335
270,2.71,6.3026179222237895
270,2.8,6.4109323912274565
270,2.89,6.516609943194551
270,2.98,6.619753376763399
270,3.07,6.721010845842315
270,3.16,6.820050741760451
270,3.25,6.916945140184932
270,3.34,7.012337522521254
270,3.43,7.105853707260848
270,3.52,7.197542595520647
270,3.61,7.288050584985135
270,3.7,7.376966035221316
270,3.79,7.464319823842773
270,3.88,7.550011629561066
270,3.97,7.634340535981627
270,4.06,7.717189117653856
270,4.15,7.798856925649218
270,4.24,7.87921049109053
270,4.33,7.958551462884683
270,4.42,8.036731126739342
270,4.51,8.114054654640986
270,4.6,8.190358674577304
270,4.69,8.26539960047347
270,4.78,8.339279580675493
270,4.87,8.412099058882598
270,4.96,8.483957048348856
270,5.05,8.554951391695955
270,5.14,8.625179008097078
270,5.23,8.6947361294116
270,5.32,8.76371852669394
270,5.41,8.832221728363729
270,5.5,8.900341231205811
270,5.59,8.968172705265278
270,5.68,9.03371041570555
270,5.77,9.096979507088193
270,5.86,9.15994797831127
270,5.95,9.222616801216972
270,6.04,9.28492023431129
270,6.13,9.346797378569088
270,6.22,9.40819188469998
270,6.31,9.469051677841227
270,6.4,9.52932869857443
270,6.49,9.588978659240901
270,6.58,9.647960814602571
270,6.67,9.706237745961024
270,6.76,9.763858519553088
270,6.85,9.821251646720896
270,6.94,9.877958765715212
270,7.03,9.934392593199624
270,7.12,9.99011439506251
270,7.21,10.04552162250073
270,7.3,10.100194286475205
270,7.39,10.154515090675728
270,7.48,10.208133654824442
270,7.57,10.261599957877408
270,7.66,10.314684244670772
270,7.75,10.367051083297053
270,7.84,10.419229353556997
270,7.93,10.470999358843233
270,8.02,10.5220399226404
270,8.11,10.572859578778967
270,8.2,10.623248200109963
270,8.29,10.673459237787766
270,8.38,10.723041981525496
270,8.47,10.772377544064911
270,8.56,10.8212648498921
270,8.65,10.869947837747022
270,8.74,10.917994431324054
270,8.83,10.965771085174959
270,8.92,11.013217605950699
270,9.01,11.060484197725543
270,9.1,11.10752507886257
270,9.19,11.153925947727783
270,9.28,11.200039077426542
270,9.37,11.245807144760324
270,9.46,11.291374794275722
270,9.55,11.336698510967969
270,9.64,11.381701994669772
270,9.73,11.426353174150798
270,9.82,11.47070324655576
270,9.91,11.514697551322621
270,10.0,11.558475306458318
271,1.0,3.467475788767194
271,1.09,3.680914492071298
271,1.18,3.882250645676815
271,1.27,4.072659319194391
271,1.36,4.253818582248979
271,1.45,4.42703358387952
271,1.54,4.592844492379868
271,1.63,4.75158482914635
271,1.72,4.904318443074272
271,1.81,5.0518685146385955
271,1.9,5.194369871346503
271,1.99,5.331823463164862
271,2.08,5.465053181195032
271,2.17,5.59468051803561
271,2.26,5.72064799123606
271,2.35,5.842789042974857
271,2.44,5.9618188787162065
271,2.53,6.078261890936867
271,2.62,6.191951697011009
271,2.71,6.302621995940465
271,2.8,6.410936464944133
271,2.89,6.516614016911225
271,2.98,6.619757450480072
271,3.07,6.721014919558987
271,3.16,6.820054815477126
271,3.25,6.916949213901608
271,3.34,7.01234159623793
271,3.43,7.105857780977524
271,3.52,7.1975466692373224
271,3.61,7.28805465870181
271,3.7,7.3769701089379875
271,3.79,7.464323897559446
271,3.88,7.550015703277741
271,3.97,7.634344609698302
271,4.06,7.717193191370531
271,4.15,7.798860999365893
271,4.24,7.879214564807204
271,4.33,7.958555536601358
271,4.42,8.036735200456016
271,4.51,8.11405872835766
271,4.6,8.190362748293976
271,4.69,8.265403674190145
271,4.78,8.339283654392167
271,4.87,8.412103132599274
271,4.96,8.48396112206553
271,5.05,8.554955465412629
271,5.14,8.625183081813752
271,5.23,8.694740203128275
271,5.32,8.763722600410615
271,5.41,8.832225802080403
271,5.5,8.900345304922485
271,5.59,8.968176778981952
271,5.68,9.033714492166588
271,5.77,9.096983583643254
271,5.86,9.15995205486633
271,5.95,9.222620877772032
271,6.04,9.284924310866352
271,6.13,9.34680145512415
271,6.22,9.40819596125504
271,6.31,9.469055754396289
271,6.4,9.529332775129488
271,6.49,9.588982735795964
271,6.58,9.647964891157631
271,6.67,9.706241822516088
271,6.76,9.76386259610815
271,6.85,9.821255723275955
271,6.94,9.877962842270271
271,7.03,9.934396669754683
271,7.12,9.99011847161757
271,7.21,10.045525699055792
271,7.3,10.100198363030264
271,7.39,10.15451916723079
271,7.48,10.208137731379503
271,7.57,10.261604034432471
271,7.66,10.314688321225832
271,7.75,10.367055159852113
271,7.84,10.419233430112056
271,7.93,10.471003435398297
271,8.02,10.52204399919546
271,8.11,10.57286365533403
271,8.2,10.623252276665022
271,8.29,10.673463314342825
271,8.38,10.723046058080557
271,8.47,10.772381620619973
271,8.56,10.82126892644716
271,8.65,10.869951914302082
271,8.74,10.917998507879116
271,8.83,10.965775161730019
271,8.92,11.013221682505758
271,9.01,11.060488274280603
271,9.1,11.107529155417632
271,9.19,11.153930024282843
271,9.28,11.200043153981603
271,9.37,11.245811221315385
271,9.46,11.291378870830787
271,9.55,11.33670258752303
271,9.64,11.381706071224833
271,9.73,11.42635725070586
271,9.82,11.470707323110819
271,9.91,11.514701627877681
271,10.0,11.558479383013374
272,1.0,3.467479699535202
272,1.09,3.680918402839307
272,1.18,3.8822545564448223
272,1.27,4.072663229962398
272,1.36,4.253822493016984
272,1.45,4.427037494647526
272,1.54,4.592848403147875
272,1.63,4.751588739914359
272,1.72,4.904322353842282
272,1.81,5.0518724254066045
272,1.9,5.194373782114511
272,1.99,5.331827373932867
272,2.08,5.465057091963038
272,2.17,5.594684428803617
272,2.26,5.720651902004067
272,2.35,5.842792953742865
272,2.44,5.961822789484216
272,2.53,6.078265801704877
272,2.62,6.1919556077790165
272,2.71,6.302625906708471
272,2.8,6.410940375712139
272,2.89,6.516617927679233
272,2.98,6.619761361248081
272,3.07,6.721018830326996
272,3.16,6.820058726245135
272,3.25,6.916953124669616
272,3.34,7.012345507005938
272,3.43,7.105861691745529
272,3.52,7.197550580005328
272,3.61,7.288058569469816
272,3.7,7.376974019705996
272,3.79,7.464327808327454
272,3.88,7.550019614045749
272,3.97,7.634348520466309
272,4.06,7.717197102138538
272,4.15,7.7988649101339
272,4.24,7.879218475575211
272,4.33,7.958559447369365
272,4.42,8.036739111224021
272,4.51,8.114062639125665
272,4.6,8.190366659061985
272,4.69,8.265407584958153
272,4.78,8.339287565160175
272,4.87,8.41210704336728
272,4.96,8.483965032833536
272,5.05,8.554959376180635
272,5.14,8.62518699258176
272,5.23,8.694744113896283
272,5.32,8.763726511178623
272,5.41,8.832229712848411
272,5.5,8.900349215690493
272,5.59,8.96818068974996
272,5.68,9.033718405569186
272,5.77,9.096987497136112
272,5.86,9.159955968359188
272,5.95,9.222624791264892
272,6.04,9.284928224359208
272,6.13,9.346805368617009
272,6.22,9.408199874747899
272,6.31,9.469059667889146
272,6.4,9.529336688622347
272,6.49,9.58898664928882
272,6.58,9.647968804650493
272,6.67,9.706245736008945
272,6.76,9.763866509601009
272,6.85,9.821259636768817
272,6.94,9.877966755763133
272,7.03,9.934400583247541
272,7.12,9.990122385110428
272,7.21,10.045529612548648
272,7.3,10.100202276523122
272,7.39,10.15452308072365
272,7.48,10.208141644872363
272,7.57,10.261607947925329
272,7.66,10.314692234718692
272,7.75,10.367059073344972
272,7.84,10.419237343604918
272,7.93,10.471007348891153
272,8.02,10.522047912688318
272,8.11,10.572867568826886
272,8.2,10.623256190157884
272,8.29,10.673467227835687
272,8.38,10.723049971573417
272,8.47,10.772385534112834
272,8.56,10.821272839940018
272,8.65,10.86995582779494
272,8.74,10.918002421371973
272,8.83,10.965779075222876
272,8.92,11.013225595998616
272,9.01,11.060492187773463
272,9.1,11.107533068910488
272,9.19,11.153933937775703
272,9.28,11.200047067474461
272,9.37,11.245815134808243
272,9.46,11.291382784323645
272,9.55,11.33670650101589
272,9.64,11.381709984717693
272,9.73,11.426361164198719
272,9.82,11.470711236603679
272,9.91,11.51470554137054
272,10.0,11.558483296506237
273,1.0,3.4674834538724877
273,1.09,3.6809221571765933
273,1.18,3.8822583107821087
273,1.27,4.072666984299686
273,1.36,4.253826247354274
273,1.45,4.427041248984814
273,1.54,4.592852157485162
273,1.63,4.7515924942516445
273,1.72,4.904326108179569
273,1.81,5.051876179743891
273,1.9,5.194377536451797
273,1.99,5.331831128270155
273,2.08,5.465060846300327
273,2.17,5.5946881831409065
273,2.26,5.7206556563413535
273,2.35,5.842796708080152
273,2.44,5.961826543821501
273,2.53,6.078269556042161
273,2.62,6.191959362116305
273,2.71,6.302629661045759
273,2.8,6.410944130049427
273,2.89,6.516621682016522
273,2.98,6.619765115585369
273,3.07,6.721022584664285
273,3.16,6.820062480582419
273,3.25,6.916956879006902
273,3.34,7.012349261343224
273,3.43,7.105865446082817
273,3.52,7.197554334342615
273,3.61,7.288062323807103
273,3.7,7.376977774043284
273,3.79,7.464331562664741
273,3.88,7.5500233683830364
273,3.97,7.634352274803597
273,4.06,7.7172008564758245
273,4.15,7.798868664471187
273,4.24,7.879222229912496
273,4.33,7.958563201706649
273,4.42,8.03674286556131
273,4.51,8.114066393462954
273,4.6,8.190370413399272
273,4.69,8.26541133929544
273,4.78,8.339291319497462
273,4.87,8.412110797704567
273,4.96,8.483968787170824
273,5.05,8.554963130517924
273,5.14,8.625190746919047
273,5.23,8.69474786823357
273,5.32,8.76373026551591
273,5.41,8.832233467185699
273,5.5,8.90035297002778
273,5.59,8.968184444087248
273,5.68,9.03372216243568
273,5.77,9.096991254089257
273,5.86,9.159959725312333
273,5.95,9.222628548218035
273,6.04,9.284931981312353
273,6.13,9.34680912557015
273,6.22,9.408203631701044
273,6.31,9.469063424842291
273,6.4,9.52934044557549
273,6.49,9.588990406241965
273,6.58,9.647972561603634
273,6.67,9.706249492962092
273,6.76,9.763870266554155
273,6.85,9.82126339372196
273,6.94,9.877970512716276
273,7.03,9.934404340200688
273,7.12,9.990126142063575
273,7.21,10.045533369501792
273,7.3,10.100206033476265
273,7.39,10.15452683767679
273,7.48,10.208145401825504
273,7.57,10.261611704878472
273,7.66,10.314695991671837
273,7.75,10.367062830298117
273,7.84,10.419241100558061
273,7.93,10.4710111058443
273,8.02,10.522051669641463
273,8.11,10.572871325780033
273,8.2,10.623259947111025
273,8.29,10.673470984788828
273,8.38,10.72305372852656
273,8.47,10.772389291065975
273,8.56,10.821276596893163
273,8.65,10.869959584748086
273,8.74,10.91800617832512
273,8.83,10.965782832176023
273,8.92,11.013229352951763
273,9.01,11.060495944726606
273,9.1,11.107536825863633
273,9.19,11.153937694728846
273,9.28,11.200050824427604
273,9.37,11.245818891761386
273,9.46,11.29138654127679
273,9.55,11.336710257969031
273,9.64,11.381713741670834
273,9.73,11.426364921151864
273,9.82,11.470714993556822
273,9.91,11.514709298323684
273,10.0,11.55848705345938
274,1.0,3.4674870580362853
274,1.09,3.68092576134039
274,1.18,3.8822619149459046
274,1.27,4.07267058846348
274,1.36,4.253829851518069
274,1.45,4.427044853148609
274,1.54,4.592855761648957
274,1.63,4.75159609841544
274,1.72,4.904329712343365
274,1.81,5.051879783907689
274,1.9,5.194381140615592
274,1.99,5.33183473243395
274,2.08,5.46506445046412
274,2.17,5.5946917873047
274,2.26,5.72065926050515
274,2.35,5.8428003122439485
274,2.44,5.961830147985298
274,2.53,6.078273160205958
274,2.62,6.191962966280102
274,2.71,6.302633265209556
274,2.8,6.410947734213224
274,2.89,6.516625286180315
274,2.98,6.619768719749163
274,3.07,6.721026188828079
274,3.16,6.820066084746215
274,3.25,6.916960483170698
274,3.34,7.01235286550702
274,3.43,7.105869050246613
274,3.52,7.197557938506411
274,3.61,7.288065927970899
274,3.7,7.37698137820708
274,3.79,7.464335166828537
274,3.88,7.550026972546831
274,3.97,7.634355878967392
274,4.06,7.717204460639618
274,4.15,7.79887226863498
274,4.24,7.879225834076293
274,4.33,7.958566805870446
274,4.42,8.036746469725106
274,4.51,8.11406999762675
274,4.6,8.190374017563068
274,4.69,8.265414943459236
274,4.78,8.339294923661258
274,4.87,8.412114401868363
274,4.96,8.483972391334621
274,5.05,8.554966734681718
274,5.14,8.625194351082843
274,5.23,8.694751472397366
274,5.32,8.763733869679706
274,5.41,8.832237071349494
274,5.5,8.900356574191576
274,5.59,8.968188048251044
274,5.68,9.033725769027514
274,5.77,9.096994860764276
274,5.86,9.159963331987353
274,5.95,9.222632154893054
274,6.04,9.284935587987372
274,6.13,9.34681273224517
274,6.22,9.40820723837606
274,6.31,9.46906703151731
274,6.4,9.52934405225051
274,6.49,9.588994012916983
274,6.58,9.647976168278653
274,6.67,9.706253099637108
274,6.76,9.763873873229171
274,6.85,9.82126700039698
274,6.94,9.877974119391297
274,7.03,9.934407946875705
274,7.12,9.990129748738592
274,7.21,10.045536976176814
274,7.3,10.100209640151286
274,7.39,10.154530444351808
274,7.48,10.208149008500522
274,7.57,10.26161531155349
274,7.66,10.314699598346852
274,7.75,10.367066436973133
274,7.84,10.419244707233078
274,7.93,10.471014712519318
274,8.02,10.522055276316483
274,8.11,10.572874932455052
274,8.2,10.623263553786046
274,8.29,10.67347459146385
274,8.38,10.72305733520158
274,8.47,10.772392897740996
274,8.56,10.821280203568179
274,8.65,10.869963191423102
274,8.74,10.918009785000137
274,8.83,10.96578643885104
274,8.92,11.01323295962678
274,9.01,11.060499551401625
274,9.1,11.107540432538654
274,9.19,11.153941301403867
274,9.28,11.200054431102625
274,9.37,11.245822498436407
274,9.46,11.291390147951809
274,9.55,11.33671386464405
274,9.64,11.381717348345854
274,9.73,11.426368527826881
274,9.82,11.470718600231839
274,9.91,11.514712904998701
274,10.0,11.5584906601344
275,1.0,3.4674905180335287
275,1.09,3.6809292213376326
275,1.18,3.882265374943148
275,1.27,4.0726740484607244
275,1.36,4.253833311515313
275,1.45,4.427048313145856
275,1.54,4.592859221646201
275,1.63,4.751599558412684
275,1.72,4.904333172340607
275,1.81,5.051883243904931
275,1.9,5.194384600612837
275,1.99,5.331838192431195
275,2.08,5.465067910461365
275,2.17,5.594695247301944
275,2.26,5.720662720502396
275,2.35,5.842803772241193
275,2.44,5.961833607982543
275,2.53,6.078276620203203
275,2.62,6.191966426277344
275,2.71,6.302636725206798
275,2.8,6.410951194210466
275,2.89,6.51662874617756
275,2.98,6.619772179746407
275,3.07,6.721029648825322
275,3.16,6.82006954474346
275,3.25,6.916963943167941
275,3.34,7.012356325504263
275,3.43,7.105872510243858
275,3.52,7.197561398503655
275,3.61,7.288069387968143
275,3.7,7.376984838204323
275,3.79,7.464338626825781
275,3.88,7.550030432544073
275,3.97,7.634359338964634
275,4.06,7.717207920636864
275,4.15,7.798875728632225
275,4.24,7.879229294073537
275,4.33,7.9585702658676905
275,4.42,8.03674992972235
275,4.51,8.114073457623993
275,4.6,8.190377477560311
275,4.69,8.26541840345648
275,4.78,8.339298383658502
275,4.87,8.412117861865609
275,4.96,8.483975851331863
275,5.05,8.554970194678964
275,5.14,8.625197811080088
275,5.23,8.69475493239461
275,5.32,8.763737329676951
275,5.41,8.832240531346738
275,5.5,8.90036003418882
275,5.59,8.968191508248287
275,5.68,9.033729231355675
275,5.77,9.096998323172294
275,5.86,9.15996679439537
275,5.95,9.222635617301073
275,6.04,9.284939050395389
275,6.13,9.346816194653188
275,6.22,9.408210700784078
275,6.31,9.469070493925326
275,6.4,9.529347514658529
275,6.49,9.588997475325002
275,6.58,9.64797963068667
275,6.67,9.706256562045127
275,6.76,9.76387733563719
275,6.85,9.821270462804996
275,6.94,9.877977581799312
275,7.03,9.934411409283726
275,7.12,9.990133211146613
275,7.21,10.04554043858483
275,7.3,10.100213102559303
275,7.39,10.15453390675983
275,7.48,10.208152470908544
275,7.57,10.26161877396151
275,7.66,10.31470306075487
275,7.75,10.36706989938115
275,7.84,10.419248169641094
275,7.93,10.471018174927332
275,8.02,10.522058738724498
275,8.11,10.572878394863068
275,8.2,10.623267016194065
275,8.29,10.673478053871868
275,8.38,10.723060797609596
275,8.47,10.772396360149015
275,8.56,10.8212836659762
275,8.65,10.869966653831122
275,8.74,10.918013247408155
275,8.83,10.96578990125906
275,8.92,11.0132364220348
275,9.01,11.06050301380964
275,9.1,11.107543894946668
275,9.19,11.153944763811884
275,9.28,11.200057893510643
275,9.37,11.245825960844424
275,9.46,11.291393610359826
275,9.55,11.336717327052071
275,9.64,11.381720810753874
275,9.73,11.426371990234902
275,9.82,11.470722062639858
275,9.91,11.514716367406722
275,10.0,11.558494122542417
276,1.0,3.467493839630883
276,1.09,3.6809325429349897
276,1.18,3.8822686965405016
276,1.27,4.072677370058078
276,1.36,4.253836633112666
276,1.45,4.427051634743208
276,1.54,4.592862543243556
276,1.63,4.751602880010039
276,1.72,4.904336493937962
276,1.81,5.0518865655022855
276,1.9,5.194387922210193
276,1.99,5.331841514028549
276,2.08,5.465071232058721
276,2.17,5.594698568899299
276,2.26,5.720666042099748
276,2.35,5.8428070938385455
276,2.44,5.961836929579896
276,2.53,6.078279941800556
276,2.62,6.1919697478746984
276,2.71,6.302640046804153
276,2.8,6.41095451580782
276,2.89,6.516632067774915
276,2.98,6.619775501343761
276,3.07,6.721032970422676
276,3.16,6.820072866340815
276,3.25,6.9169672647652956
276,3.34,7.012359647101618
276,3.43,7.105875831841211
276,3.52,7.19756472010101
276,3.61,7.288072709565498
276,3.7,7.376988159801675
276,3.79,7.464341948423133
276,3.88,7.550033754141428
276,3.97,7.6343626605619885
276,4.06,7.717211242234217
276,4.15,7.798879050229579
276,4.24,7.87923261567089
276,4.33,7.958573587465044
276,4.42,8.036753251319702
276,4.51,8.114076779221346
276,4.6,8.190380799157666
276,4.69,8.265421725053834
276,4.78,8.339301705255858
276,4.87,8.412121183462961
276,4.96,8.483979172929217
276,5.05,8.554973516276318
276,5.14,8.625201132677441
276,5.23,8.694758253991965
276,5.32,8.763740651274304
276,5.41,8.832243852944092
276,5.5,8.900363355786174
276,5.59,8.968194829845642
276,5.68,9.03373255519071
276,5.77,9.09700164708399
276,5.86,9.159970118307067
276,5.95,9.222638941212768
276,6.04,9.284942374307088
276,6.13,9.346819518564885
276,6.22,9.408214024695777
276,6.31,9.469073817837023
276,6.4,9.529350838570224
276,6.49,9.589000799236699
276,6.58,9.647982954598367
276,6.67,9.706259885956824
276,6.76,9.763880659548887
276,6.85,9.821273786716693
276,6.94,9.87798090571101
276,7.03,9.934414733195421
276,7.12,9.990136535058307
276,7.21,10.04554376249653
276,7.3,10.100216426471002
276,7.39,10.154537230671524
276,7.48,10.208155794820238
276,7.57,10.261622097873206
276,7.66,10.314706384666572
276,7.75,10.36707322329285
276,7.84,10.419251493552794
276,7.93,10.471021498839029
276,8.02,10.522062062636195
276,8.11,10.572881718774763
276,8.2,10.623270340105758
276,8.29,10.673481377783562
276,8.38,10.723064121521292
276,8.47,10.772399684060709
276,8.56,10.821286989887898
276,8.65,10.86996997774282
276,8.74,10.918016571319852
276,8.83,10.965793225170758
276,8.92,11.013239745946498
276,9.01,11.06050633772134
276,9.1,11.107547218858368
276,9.19,11.15394808772358
276,9.28,11.200061217422341
276,9.37,11.245829284756121
276,9.46,11.291396934271521
276,9.55,11.336720650963764
276,9.64,11.381724134665568
276,9.73,11.426375314146597
276,9.82,11.470725386551555
276,9.91,11.514719691318419
276,10.0,11.558497446454114
277,1.0,3.467497028364342
277,1.09,3.6809357316684475
277,1.18,3.882271885273963
277,1.27,4.072680558791539
277,1.36,4.253839821846126
277,1.45,4.427054823476668
277,1.54,4.592865731977017
277,1.63,4.7516060687434996
277,1.72,4.904339682671424
277,1.81,5.051889754235746
277,1.9,5.194391110943651
277,1.99,5.331844702762008
277,2.08,5.465074420792179
277,2.17,5.594701757632758
277,2.26,5.7206692308332086
277,2.35,5.842810282572006
277,2.44,5.961840118313355
277,2.53,6.0782831305340155
277,2.62,6.191972936608159
277,2.71,6.302643235537612
277,2.8,6.410957704541279
277,2.89,6.5166352565083745
277,2.98,6.619778690077221
277,3.07,6.721036159156136
277,3.16,6.820076055074274
277,3.25,6.916970453498756
277,3.34,7.012362835835078
277,3.43,7.105879020574669
277,3.52,7.1975679088344675
277,3.61,7.288075898298955
277,3.7,7.376991348535136
277,3.79,7.464345137156593
277,3.88,7.550036942874888
277,3.97,7.634365849295449
277,4.06,7.717214430967677
277,4.15,7.798882238963039
277,4.24,7.879235804404349
277,4.33,7.958576776198503
277,4.42,8.036756440053162
277,4.51,8.114079967954806
277,4.6,8.190383987891126
277,4.69,8.265424913787296
277,4.78,8.339304893989317
277,4.87,8.41212437219642
277,4.96,8.483982361662678
277,5.05,8.554976705009777
277,5.14,8.625204321410903
277,5.23,8.694761442725424
277,5.32,8.763743840007765
277,5.41,8.832247041677553
277,5.5,8.900366544519635
277,5.59,8.968198018579102
277,5.68,9.033735746072344
277,5.77,9.09700483803922
277,5.86,9.159973309262297
277,5.95,9.222642132167998
277,6.04,9.284945565262316
277,6.13,9.346822709520115
277,6.22,9.408217215651005
277,6.31,9.469077008792254
277,6.4,9.529354029525452
277,6.49,9.589003990191927
277,6.58,9.647986145553597
277,6.67,9.706263076912052
277,6.76,9.763883850504115
277,6.85,9.821276977671923
277,6.94,9.877984096666239
277,7.03,9.93441792415065
277,7.12,9.990139726013537
277,7.21,10.045546953451757
277,7.3,10.100219617426228
277,7.39,10.154540421626757
277,7.48,10.208158985775471
277,7.57,10.261625288828437
277,7.66,10.314709575621796
277,7.75,10.367076414248077
277,7.84,10.419254684508022
277,7.93,10.471024689794264
277,8.02,10.522065253591427
277,8.11,10.572884909729996
277,8.2,10.623273531060986
277,8.29,10.67348456873879
277,8.38,10.723067312476521
277,8.47,10.772402875015937
277,8.56,10.821290180843125
277,8.65,10.869973168698046
277,8.74,10.91801976227508
277,8.83,10.965796416125984
277,8.92,11.013242936901724
277,9.01,11.06050952867657
277,9.1,11.107550409813598
277,9.19,11.153951278678809
277,9.28,11.200064408377571
277,9.37,11.245832475711353
277,9.46,11.291400125226755
277,9.55,11.336723841918996
277,9.64,11.3817273256208
277,9.73,11.426378505101825
277,9.82,11.470728577506787
277,9.91,11.514722882273647
277,10.0,11.558500637409342
278,1.0,3.467500089548464
278,1.09,3.6809387928525696
278,1.18,3.882274946458086
278,1.27,4.0726836199756615
278,1.36,4.2538428830302495
278,1.45,4.4270578846607895
278,1.54,4.592868793161137
278,1.63,4.751609129927619
278,1.72,4.904342743855544
278,1.81,5.051892815419866
278,1.9,5.194394172127773
278,1.99,5.33184776394613
278,2.08,5.465077481976301
278,2.17,5.594704818816879
278,2.26,5.720672292017331
278,2.35,5.842813343756127
278,2.44,5.961843179497476
278,2.53,6.078286191718137
278,2.62,6.19197599779228
278,2.71,6.302646296721734
278,2.8,6.4109607657254015
278,2.89,6.516638317692496
278,2.98,6.619781751261343
278,3.07,6.721039220340258
278,3.16,6.820079116258394
278,3.25,6.9169735146828755
278,3.34,7.0123658970191975
278,3.43,7.105882081758792
278,3.52,7.19757097001859
278,3.61,7.2880789594830775
278,3.7,7.376994409719257
278,3.79,7.464348198340715
278,3.88,7.550040004059009
278,3.97,7.634368910479569
278,4.06,7.717217492151797
278,4.15,7.798885300147159
278,4.24,7.879238865588471
278,4.33,7.958579837382625
278,4.42,8.036759501237285
278,4.51,8.114083029138929
278,4.6,8.19038704907525
278,4.69,8.265427974971416
278,4.78,8.339307955173437
278,4.87,8.412127433380542
278,4.96,8.483985422846798
278,5.05,8.5549797661939
278,5.14,8.625207382595024
278,5.23,8.694764503909546
278,5.32,8.763746901191887
278,5.41,8.832250102861675
278,5.5,8.900369605703757
278,5.59,8.968201079763224
278,5.68,9.033738809318711
278,5.77,9.09700790135624
278,5.86,9.159976372579317
278,5.95,9.222645195485018
278,6.04,9.284948628579336
278,6.13,9.346825772837134
278,6.22,9.408220278968026
278,6.31,9.469080072109273
278,6.4,9.529357092842474
278,6.49,9.589007053508945
278,6.58,9.647989208870616
278,6.67,9.706266140229072
278,6.76,9.763886913821135
278,6.85,9.821280040988942
278,6.94,9.877987159983258
278,7.03,9.93442098746767
278,7.12,9.990142789330557
278,7.21,10.045550016768777
278,7.3,10.100222680743249
278,7.39,10.154543484943774
278,7.48,10.208162049092488
278,7.57,10.261628352145454
278,7.66,10.31471263893882
278,7.75,10.3670794775651
278,7.84,10.419257747825045
278,7.93,10.47102775311128
278,8.02,10.522068316908443
278,8.11,10.572887973047015
278,8.2,10.623276594378012
278,8.29,10.673487632055815
278,8.38,10.723070375793544
278,8.47,10.77240593833296
278,8.56,10.821293244160142
278,8.65,10.869976232015064
278,8.74,10.9180228255921
278,8.83,10.965799479443003
278,8.92,11.013246000218743
278,9.01,11.060512591993588
278,9.1,11.107553473130615
278,9.19,11.153954341995828
278,9.28,11.200067471694588
278,9.37,11.24583553902837
278,9.46,11.291403188543775
278,9.55,11.336726905236016
278,9.64,11.38173038893782
278,9.73,11.426381568418845
278,9.82,11.470731640823807
278,9.91,11.51472594559067
278,10.0,11.558503700726366
279,1.0,3.467503028285222
279,1.09,3.680941731589326
279,1.18,3.8822778851948403
279,1.27,4.072686558712416
279,1.36,4.253845821767006
279,1.45,4.427060823397546
279,1.54,4.592871731897895
279,1.63,4.751612068664377
279,1.72,4.9043456825923
279,1.81,5.051895754156623
279,1.9,5.19439711086453
279,1.99,5.331850702682886
279,2.08,5.465080420713057
279,2.17,5.5947077575536355
279,2.26,5.720675230754087
279,2.35,5.842816282492883
279,2.44,5.9618461182342335
279,2.53,6.078289130454894
279,2.62,6.191978936529037
279,2.71,6.302649235458491
279,2.8,6.410963704462159
279,2.89,6.516641256429251
279,2.98,6.619784689998098
279,3.07,6.721042159077013
279,3.16,6.820082054995152
279,3.25,6.916976453419633
279,3.34,7.012368835755955
279,3.43,7.105885020495547
279,3.52,7.197573908755346
279,3.61,7.288081898219834
279,3.7,7.376997348456014
279,3.79,7.464351137077471
279,3.88,7.550042942795765
279,3.97,7.6343718492163255
279,4.06,7.717220430888554
279,4.15,7.798888238883916
279,4.24,7.879241804325228
279,4.33,7.958582776119382
279,4.42,8.036762439974044
279,4.51,8.114085967875688
279,4.6,8.190389987812004
279,4.69,8.26543091370817
279,4.78,8.339310893910193
279,4.87,8.412130372117298
279,4.96,8.483988361583558
279,5.05,8.554982704930657
279,5.14,8.625210321331782
279,5.23,8.694767442646302
279,5.32,8.763749839928645
279,5.41,8.832253041598431
279,5.5,8.900372544440513
279,5.59,8.96820401849998
279,5.68,9.033741750035224
279,5.77,9.09701084214058
279,5.86,9.159979313363657
279,5.95,9.222648136269358
279,6.04,9.284951569363676
279,6.13,9.346828713621473
279,6.22,9.408223219752363
279,6.31,9.469083012893613
279,6.4,9.529360033626812
279,6.49,9.589009994293287
279,6.58,9.647992149654954
279,6.67,9.70626908101341
279,6.76,9.763889854605473
279,6.85,9.821282981773281
279,6.94,9.877990100767597
279,7.03,9.934423928252007
279,7.12,9.990145730114895
279,7.21,10.045552957553117
279,7.3,10.100225621527589
279,7.39,10.154546425728114
279,7.48,10.208164989876828
279,7.57,10.261631292929794
279,7.66,10.314715579723156
279,7.75,10.367082418349437
279,7.84,10.41926068860938
279,7.93,10.471030693895623
279,8.02,10.522071257692787
279,8.11,10.572890913831356
279,8.2,10.623279535162347
279,8.29,10.67349057284015
279,8.38,10.72307331657788
279,8.47,10.772408879117298
279,8.56,10.821296184944487
279,8.65,10.86997917279941
279,8.74,10.918025766376442
279,8.83,10.965802420227346
279,8.92,11.013248941003086
279,9.01,11.060515532777924
279,9.1,11.107556413914953
279,9.19,11.153957282780167
279,9.28,11.200070412478926
279,9.37,11.245838479812708
279,9.46,11.29140612932811
279,9.55,11.336729846020352
279,9.64,11.381733329722156
279,9.73,11.426384509203183
279,9.82,11.470734581608143
279,9.91,11.514728886375007
279,10.0,11.558506641510705
280,1.0,3.4675058494725084
280,1.09,3.6809445527766123
280,1.18,3.8822807063821276
280,1.27,4.072689379899703
280,1.36,4.253848642954291
280,1.45,4.427063644584832
280,1.54,4.592874553085181
280,1.63,4.751614889851663
280,1.72,4.904348503779587
280,1.81,5.051898575343909
280,1.9,5.194399932051816
280,1.99,5.331853523870173
280,2.08,5.465083241900343
280,2.17,5.594710578740923
280,2.26,5.720678051941373
280,2.35,5.842819103680171
280,2.44,5.96184893942152
280,2.53,6.07829195164218
280,2.62,6.191981757716322
280,2.71,6.302652056645775
280,2.8,6.410966525649442
280,2.89,6.516644077616538
280,2.98,6.619787511185385
280,3.07,6.7210449802643
280,3.16,6.820084876182436
280,3.25,6.916979274606919
280,3.34,7.012371656943241
280,3.43,7.105887841682834
280,3.52,7.197576729942631
280,3.61,7.288084719407119
280,3.7,7.377000169643299
280,3.79,7.4643539582647565
280,3.88,7.550045763983052
280,3.97,7.634374670403612
280,4.06,7.717223252075841
280,4.15,7.798891060071203
280,4.24,7.879244625512518
280,4.33,7.958585597306671
280,4.42,8.036765261161328
280,4.51,8.114088789062972
280,4.6,8.19039280899929
280,4.69,8.265433734895458
280,4.78,8.339313715097479
280,4.87,8.412133193304587
280,4.96,8.483991182770843
280,5.05,8.554985526117944
280,5.14,8.625213142519067
280,5.23,8.69477026383359
280,5.32,8.76375266111593
280,5.41,8.832255862785717
280,5.5,8.900375365627799
280,5.59,8.968206839687266
280,5.68,9.033744573123077
280,5.77,9.097013665293545
280,5.86,9.159982136516621
280,5.95,9.222650959422324
280,6.04,9.28495439251664
280,6.13,9.34683153677444
280,6.22,9.40822604290533
280,6.31,9.469085836046577
280,6.4,9.529362856779779
280,6.49,9.589012817446251
280,6.58,9.647994972807922
280,6.67,9.706271904166375
280,6.76,9.763892677758438
280,6.85,9.821285804926246
280,6.94,9.877992923920562
280,7.03,9.934426751404974
280,7.12,9.990148553267861
280,7.21,10.04555578070608
280,7.3,10.100228444680553
280,7.39,10.15454924888108
280,7.48,10.208167813029794
280,7.57,10.26163411608276
280,7.66,10.314718402876123
280,7.75,10.367085241502403
280,7.84,10.419263511762347
280,7.93,10.471033517048586
280,8.02,10.52207408084575
280,8.11,10.572893736984318
280,8.2,10.623282358315317
280,8.29,10.67349339599312
280,8.38,10.72307613973085
280,8.47,10.772411702270267
280,8.56,10.821299008097448
280,8.65,10.86998199595237
280,8.74,10.918028589529404
280,8.83,10.96580524338031
280,8.92,11.013251764156049
280,9.01,11.060518355930895
280,9.1,11.107559237067923
280,9.19,11.153960105933136
280,9.28,11.200073235631896
280,9.37,11.245841302965678
280,9.46,11.291408952481074
280,9.55,11.336732669173317
280,9.64,11.38173615287512
280,9.73,11.42638733235615
280,9.82,11.470737404761108
280,9.91,11.51473170952797
280,10.0,11.558509464663667
281,1.0,3.4675085578123017
281,1.09,3.6809472611164074
281,1.18,3.8822834147219227
281,1.27,4.0726920882394975
281,1.36,4.253851351294086
281,1.45,4.427066352924626
281,1.54,4.5928772614249755
281,1.63,4.751617598191458
281,1.72,4.904351212119382
281,1.81,5.051901283683705
281,1.9,5.194402640391611
281,1.99,5.331856232209968
281,2.08,5.465085950240138
281,2.17,5.594713287080718
281,2.26,5.720680760281167
281,2.35,5.842821812019964
281,2.44,5.961851647761312
281,2.53,6.078294659981973
281,2.62,6.191984466056118
281,2.71,6.302654764985571
281,2.8,6.410969233989238
281,2.89,6.516646785956332
281,2.98,6.619790219525179
281,3.07,6.721047688604095
281,3.16,6.8200875845222315
281,3.25,6.916981982946713
281,3.34,7.012374365283035
281,3.43,7.105890550022628
281,3.52,7.197579438282426
281,3.61,7.288087427746913
281,3.7,7.377002877983094
281,3.79,7.4643566666045515
281,3.88,7.550048472322847
281,3.97,7.634377378743408
281,4.06,7.7172259604156395
281,4.15,7.798893768411
281,4.24,7.879247333852311
281,4.33,7.9585883056464635
281,4.42,8.036767969501122
281,4.51,8.114091497402766
281,4.6,8.190395517339086
281,4.69,8.26543644323525
281,4.78,8.339316423437277
281,4.87,8.412135901644382
281,4.96,8.48399389111064
281,5.05,8.554988234457738
281,5.14,8.625215850858863
281,5.23,8.694772972173384
281,5.32,8.763755369455724
281,5.41,8.83225857112551
281,5.5,8.900378073967593
281,5.59,8.96820954802706
281,5.68,9.033747283287415
281,5.77,9.097016375520392
281,5.86,9.159984846743468
281,5.95,9.222653669649171
281,6.04,9.284957102743489
281,6.13,9.346834247001286
281,6.22,9.408228753132178
281,6.31,9.469088546273426
281,6.4,9.529365567006625
281,6.49,9.5890155276731
281,6.58,9.647997683034768
281,6.67,9.706274614393225
281,6.76,9.763895387985288
281,6.85,9.821288515153093
281,6.94,9.877995634147409
281,7.03,9.93442946163182
281,7.12,9.990151263494708
281,7.21,10.045558490932928
281,7.3,10.100231154907402
281,7.39,10.154551959107925
281,7.48,10.208170523256639
281,7.57,10.261636826309607
281,7.66,10.314721113102971
281,7.75,10.36708795172925
281,7.84,10.419266221989194
281,7.93,10.471036227275432
281,8.02,10.522076791072598
281,8.11,10.572896447211166
281,8.2,10.623285068542161
281,8.29,10.673496106219964
281,8.38,10.723078849957693
281,8.47,10.77241441249711
281,8.56,10.8213017183243
281,8.65,10.86998470617922
281,8.74,10.918031299756255
281,8.83,10.96580795360716
281,8.92,11.013254474382899
281,9.01,11.060521066157738
281,9.1,11.107561947294766
281,9.19,11.15396281615998
281,9.28,11.20007594585874
281,9.37,11.245844013192523
281,9.46,11.291411662707926
281,9.55,11.336735379400169
281,9.64,11.381738863101972
281,9.73,11.426390042583
281,9.82,11.470740114987958
281,9.91,11.514734419754822
281,10.0,11.558512174890513
282,1.0,3.467511157818506
282,1.09,3.6809498611226097
282,1.18,3.882286014728125
282,1.27,4.072694688245701
282,1.36,4.2538539513002895
282,1.45,4.4270689529308305
282,1.54,4.592879861431179
282,1.63,4.751620198197661
282,1.72,4.904353812125585
282,1.81,5.051903883689908
282,1.9,5.1944052403978125
282,1.99,5.33185883221617
282,2.08,5.46508855024634
282,2.17,5.5947158870869185
282,2.26,5.720683360287371
282,2.35,5.842824412026168
282,2.44,5.9618542477675165
282,2.53,6.078297259988177
282,2.62,6.191987066062319
282,2.71,6.302657364991774
282,2.8,6.410971833995442
282,2.89,6.516649385962535
282,2.98,6.619792819531382
282,3.07,6.721050288610297
282,3.16,6.820090184528434
282,3.25,6.9169845829529155
282,3.34,7.012376965289238
282,3.43,7.105893150028831
282,3.52,7.197582038288629
282,3.61,7.288090027753117
282,3.7,7.3770054779892975
282,3.79,7.464359266610756
282,3.88,7.550051072329054
282,3.97,7.634379978749613
282,4.06,7.71722856042184
282,4.15,7.798896368417202
282,4.24,7.879249933858513
282,4.33,7.958590905652667
282,4.42,8.036770569507327
282,4.51,8.114094097408971
282,4.6,8.190398117345286
282,4.69,8.265439043241457
282,4.78,8.33931902344348
282,4.87,8.412138501650587
282,4.96,8.483996491116843
282,5.05,8.554990834463942
282,5.14,8.625218450865065
282,5.23,8.694775572179587
282,5.32,8.763757969461926
282,5.41,8.832261171131714
282,5.5,8.900380673973796
282,5.59,8.968212148033263
282,5.68,9.03374988504518
282,5.77,9.097018977338164
282,5.86,9.15998744856124
282,5.95,9.222656271466942
282,6.04,9.284959704561262
282,6.13,9.346836848819061
282,6.22,9.408231354949951
282,6.31,9.469091148091199
282,6.4,9.5293681688244
282,6.49,9.58901812949087
282,6.58,9.648000284852541
282,6.67,9.706277216210998
282,6.76,9.763897989803061
282,6.85,9.821291116970869
282,6.94,9.877998235965185
282,7.03,9.934432063449593
282,7.12,9.99015386531248
282,7.21,10.0455610927507
282,7.3,10.100233756725174
282,7.39,10.1545545609257
282,7.48,10.208173125074413
282,7.57,10.261639428127381
282,7.66,10.314723714920742
282,7.75,10.36709055354702
282,7.84,10.419268823806966
282,7.93,10.471038829093207
282,8.02,10.52207939289037
282,8.11,10.572899049028939
282,8.2,10.623287670359934
282,8.29,10.673498708037737
282,8.38,10.723081451775467
282,8.47,10.772417014314884
282,8.56,10.821304320142072
282,8.65,10.869987307996992
282,8.74,10.918033901574024
282,8.83,10.965810555424929
282,8.92,11.013257076200668
282,9.01,11.060523667975517
282,9.1,11.107564549112542
282,9.19,11.153965417977755
282,9.28,11.200078547676517
282,9.37,11.245846615010297
282,9.46,11.291414264525695
282,9.55,11.336737981217938
282,9.64,11.381741464919742
282,9.73,11.426392644400769
282,9.82,11.470742716805729
282,9.91,11.514737021572593
282,10.0,11.55851477670829
283,1.0,3.4675136538244606
283,1.09,3.6809523571285654
283,1.18,3.8822885107340808
283,1.27,4.072697184251656
283,1.36,4.253856447306244
283,1.45,4.427071448936785
283,1.54,4.592882357437132
283,1.63,4.751622694203615
283,1.72,4.904356308131538
283,1.81,5.05190637969586
283,1.9,5.194407736403769
283,1.99,5.331861328222126
283,2.08,5.4650910462522955
283,2.17,5.594718383092874
283,2.26,5.720685856293325
283,2.35,5.842826908032122
283,2.44,5.961856743773472
283,2.53,6.0782997559941325
283,2.62,6.191989562068274
283,2.71,6.3026598609977285
283,2.8,6.410974330001396
283,2.89,6.516651881968489
283,2.98,6.619795315537337
283,3.07,6.721052784616251
283,3.16,6.8200926805343896
283,3.25,6.91698707895887
283,3.34,7.012379461295192
283,3.43,7.105895646034787
283,3.52,7.1975845342945854
283,3.61,7.288092523759073
283,3.7,7.377007973995256
283,3.79,7.464361762616712
283,3.88,7.550053568335006
283,3.97,7.634382474755566
283,4.06,7.717231056427795
283,4.15,7.7988988644231565
283,4.24,7.8792524298644695
283,4.33,7.958593401658623
283,4.42,8.036773065513279
283,4.51,8.114096593414923
283,4.6,8.190400613351244
283,4.69,8.265441539247412
283,4.78,8.339321519449436
283,4.87,8.412140997656541
283,4.96,8.483998987122797
283,5.05,8.554993330469896
283,5.14,8.62522094687102
283,5.23,8.69477806818554
283,5.32,8.76376046546788
283,5.41,8.832263667137669
283,5.5,8.90038316997975
283,5.59,8.968214644039218
283,5.68,9.033752382732635
283,5.77,9.097021475083226
283,5.86,9.159989946306302
283,5.95,9.222658769212005
283,6.04,9.284962202306321
283,6.13,9.346839346564122
283,6.22,9.408233852695014
283,6.31,9.469093645836262
283,6.4,9.529370666569461
283,6.49,9.589020627235936
283,6.58,9.648002782597603
283,6.67,9.706279713956059
283,6.76,9.763900487548122
283,6.85,9.82129361471593
283,6.94,9.878000733710246
283,7.03,9.934434561194658
283,7.12,9.990156363057546
283,7.21,10.045563590495762
283,7.3,10.100236254470236
283,7.39,10.154557058670761
283,7.48,10.208175622819475
283,7.57,10.261641925872443
283,7.66,10.314726212665805
283,7.75,10.367093051292086
283,7.84,10.41927132155203
283,7.93,10.471041326838266
283,8.02,10.52208189063543
283,8.11,10.572901546774
283,8.2,10.623290168104997
283,8.29,10.6735012057828
283,8.38,10.72308394952053
283,8.47,10.772419512059946
283,8.56,10.821306817887134
283,8.65,10.869989805742055
283,8.74,10.918036399319087
283,8.83,10.965813053169992
283,8.92,11.013259573945732
283,9.01,11.060526165720578
283,9.1,11.107567046857602
283,9.19,11.153967915722815
283,9.28,11.200081045421575
283,9.37,11.245849112755357
283,9.46,11.29141676227076
283,9.55,11.336740478963003
283,9.64,11.381743962664807
283,9.73,11.426395142145834
283,9.82,11.470745214550796
283,9.91,11.514739519317656
283,10.0,11.558517274453349
284,1.0,3.467516049990177
284,1.09,3.680954753294282
284,1.18,3.8822909068997955
284,1.27,4.072699580417372
284,1.36,4.253858843471959
284,1.45,4.4270738451025
284,1.54,4.59288475360285
284,1.63,4.751625090369333
284,1.72,4.904358704297255
284,1.81,5.051908775861578
284,1.9,5.194410132569485
284,1.99,5.3318637243878415
284,2.08,5.465093442418013
284,2.17,5.594720779258592
284,2.26,5.720688252459041
284,2.35,5.8428293041978385
284,2.44,5.961859139939189
284,2.53,6.078302152159849
284,2.62,6.19199195823399
284,2.71,6.302662257163445
284,2.8,6.410976726167112
284,2.89,6.516654278134206
284,2.98,6.619797711703053
284,3.07,6.721055180781968
284,3.16,6.820095076700107
284,3.25,6.916989475124589
284,3.34,7.012381857460911
284,3.43,7.105898042200507
284,3.52,7.197586930460304
284,3.61,7.2880949199247915
284,3.7,7.377010370160971
284,3.79,7.464364158782428
284,3.88,7.550055964500722
284,3.97,7.634384870921283
284,4.06,7.717233452593513
284,4.15,7.798901260588875
284,4.24,7.8792548260301825
284,4.33,7.958595797824336
284,4.42,8.036775461678998
284,4.51,8.114098989580642
284,4.6,8.190403009516961
284,4.69,8.265443935413131
284,4.78,8.339323915615152
284,4.87,8.412143393822257
284,4.96,8.484001383288513
284,5.05,8.554995726635612
284,5.14,8.625223343036735
284,5.23,8.694780464351258
284,5.32,8.763762861633598
284,5.41,8.832266063303386
284,5.5,8.900385566145468
284,5.59,8.968217040204935
284,5.68,9.033754780512592
284,5.77,9.097023872918486
284,5.86,9.159992344141562
284,5.95,9.222661167047264
284,6.04,9.284964600141583
284,6.13,9.346841744399379
284,6.22,9.408236250530273
284,6.31,9.469096043671522
284,6.4,9.529373064404721
284,6.49,9.589023025071194
284,6.58,9.648005180432865
284,6.67,9.706282111791317
284,6.76,9.76390288538338
284,6.85,9.821296012551189
284,6.94,9.878003131545505
284,7.03,9.934436959029917
284,7.12,9.990158760892804
284,7.21,10.045565988331026
284,7.3,10.100238652305498
284,7.39,10.15455945650602
284,7.48,10.208178020654733
284,7.57,10.261644323707701
284,7.66,10.314728610501064
284,7.75,10.367095449127344
284,7.84,10.41927371938729
284,7.93,10.471043724673528
284,8.02,10.522084288470692
284,8.11,10.572903944609262
284,8.2,10.623292565940254
284,8.29,10.673503603618057
284,8.38,10.723086347355787
284,8.47,10.772421909895204
284,8.56,10.821309215722394
284,8.65,10.869992203577315
284,8.74,10.918038797154349
284,8.83,10.965815451005252
284,8.92,11.013261971780992
284,9.01,11.060528563555836
284,9.1,11.107569444692864
284,9.19,11.153970313558075
284,9.28,11.200083443256835
284,9.37,11.245851510590617
284,9.46,11.29141916010602
284,9.55,11.33674287679826
284,9.64,11.381746360500063
284,9.73,11.42639753998109
284,9.82,11.47074761238605
284,9.91,11.514741917152914
284,10.0,11.558519672288611
285,1.0,3.4675183503092635
285,1.09,3.6809570536133682
285,1.18,3.8822932072188854
285,1.27,4.072701880736462
285,1.36,4.253861143791048
285,1.45,4.427076145421588
285,1.54,4.592887053921937
285,1.63,4.751627390688419
285,1.72,4.904361004616344
285,1.81,5.051911076180667
285,1.9,5.194412432888573
285,1.99,5.33186602470693
285,2.08,5.465095742737101
285,2.17,5.59472307957768
285,2.26,5.720690552778128
285,2.35,5.842831604516927
285,2.44,5.961861440258275
285,2.53,6.078304452478935
285,2.62,6.191994258553079
285,2.71,6.302664557482532
285,2.8,6.4109790264862
285,2.89,6.516656578453295
285,2.98,6.619800012022142
285,3.07,6.721057481101058
285,3.16,6.820097377019198
285,3.25,6.9169917754436785
285,3.34,7.012384157780001
285,3.43,7.105900342519592
285,3.52,7.19758923077939
285,3.61,7.288097220243878
285,3.7,7.377012670480058
285,3.79,7.464366459101516
285,3.88,7.550058264819812
285,3.97,7.634387171240372
285,4.06,7.717235752912598
285,4.15,7.798903560907959
285,4.24,7.879257126349273
285,4.33,7.958598098143427
285,4.42,8.036777761998087
285,4.51,8.11410128989973
285,4.6,8.190405309836052
285,4.69,8.265446235732218
285,4.78,8.33932621593424
285,4.87,8.412145694141344
285,4.96,8.4840036836076
285,5.05,8.5549980269547
285,5.14,8.625225643355824
285,5.23,8.694782764670347
285,5.32,8.763765161952687
285,5.41,8.832268363622473
285,5.5,8.900387866464555
285,5.59,8.968219340524023
285,5.68,9.03375708238135
285,5.77,9.097026174840336
285,5.86,9.159994646063412
285,5.95,9.222663468969113
285,6.04,9.284966902063431
285,6.13,9.34684404632123
285,6.22,9.40823855245212
285,6.31,9.46909834559337
285,6.4,9.52937536632657
285,6.49,9.589025326993044
285,6.58,9.648007482354712
285,6.67,9.706284413713169
285,6.76,9.763905187305232
285,6.85,9.821298314473037
285,6.94,9.878005433467353
285,7.03,9.934439260951764
285,7.12,9.990161062814652
285,7.21,10.045568290252874
285,7.3,10.100240954227345
285,7.39,10.154561758427873
285,7.48,10.208180322576586
285,7.57,10.261646625629552
285,7.66,10.314730912422913
285,7.75,10.367097751049192
285,7.84,10.419276021309138
285,7.93,10.471046026595376
285,8.02,10.52208659039254
285,8.11,10.572906246531112
285,8.2,10.623294867862105
285,8.29,10.673505905539908
285,8.38,10.723088649277638
285,8.47,10.772424211817055
285,8.56,10.82131151764424
285,8.65,10.869994505499161
285,8.74,10.918041099076195
285,8.83,10.9658177529271
285,8.92,11.01326427370284
285,9.01,11.060530865477686
285,9.1,11.107571746614713
285,9.19,11.153972615479926
285,9.28,11.200085745178685
285,9.37,11.245853812512467
285,9.46,11.29142146202787
285,9.55,11.336745178720111
285,9.64,11.381748662421915
285,9.73,11.42639984190294
285,9.82,11.4707499143079
285,9.91,11.514744219074764
285,10.0,11.55852197421046
286,1.0,3.467520558615589
286,1.09,3.6809592619196927
286,1.18,3.882295415525209
286,1.27,4.072704089042785
286,1.36,4.253863352097373
286,1.45,4.4270783537279135
286,1.54,4.592889262228262
286,1.63,4.751629598994744
286,1.72,4.904363212922669
286,1.81,5.051913284486991
286,1.9,5.194414641194896
286,1.99,5.331868233013254
286,2.08,5.465097951043424
286,2.17,5.594725287884002
286,2.26,5.720692761084454
286,2.35,5.84283381282325
286,2.44,5.9618636485646
286,2.53,6.078306660785261
286,2.62,6.191996466859404
286,2.71,6.3026667657888575
286,2.8,6.410981234792526
286,2.89,6.516658786759622
286,2.98,6.619802220328468
286,3.07,6.721059689407384
286,3.16,6.82009958532552
286,3.25,6.916993983750001
286,3.34,7.012386366086323
286,3.43,7.105902550825917
286,3.52,7.197591439085715
286,3.61,7.288099428550203
286,3.7,7.377014878786384
286,3.79,7.464368667407841
286,3.88,7.550060473126133
286,3.97,7.634389379546693
286,4.06,7.717237961218925
286,4.15,7.7989057692142865
286,4.24,7.879259334655599
286,4.33,7.958600306449752
286,4.42,8.036779970304414
286,4.51,8.114103498206058
286,4.6,8.190407518142376
286,4.69,8.265448444038542
286,4.78,8.339328424240563
286,4.87,8.412147902447668
286,4.96,8.484005891913924
286,5.05,8.555000235261025
286,5.14,8.62522785166215
286,5.23,8.694784972976672
286,5.32,8.76376737025901
286,5.41,8.832270571928799
286,5.5,8.90039007477088
286,5.59,8.968221548830348
286,5.68,9.033759292175358
286,5.77,9.097028384685311
286,5.86,9.159996855908387
286,5.95,9.222665678814089
286,6.04,9.284969111908406
286,6.13,9.346846256166206
286,6.22,9.408240762297098
286,6.31,9.469100555438343
286,6.4,9.529377576171544
286,6.49,9.58902753683802
286,6.58,9.648009692199688
286,6.67,9.706286623558144
286,6.76,9.763907397150208
286,6.85,9.821300524318014
286,6.94,9.87800764331233
286,7.03,9.93444147079674
286,7.12,9.990163272659625
286,7.21,10.045570500097847
286,7.3,10.10024316407232
286,7.39,10.154563968272846
286,7.48,10.20818253242156
286,7.57,10.261648835474526
286,7.66,10.314733122267892
286,7.75,10.367099960894171
286,7.84,10.419278231154115
286,7.93,10.471048236440351
286,8.02,10.522088800237515
286,8.11,10.572908456376085
286,8.2,10.62329707770708
286,8.29,10.673508115384884
286,8.38,10.723090859122612
286,8.47,10.772426421662031
286,8.56,10.821313727489215
286,8.65,10.869996715344138
286,8.74,10.918043308921172
286,8.83,10.965819962772077
286,8.92,11.013266483547817
286,9.01,11.06053307532266
286,9.1,11.107573956459685
286,9.19,11.153974825324898
286,9.28,11.20008795502366
286,9.37,11.24585602235744
286,9.46,11.291423671872845
286,9.55,11.336747388565087
286,9.64,11.38175087226689
286,9.73,11.426402051747917
286,9.82,11.470752124152876
286,9.91,11.51474642891974
286,10.0,11.558524184055436
287,1.0,3.4675226785896607
287,1.09,3.6809613818937654
287,1.18,3.88229753549928
287,1.27,4.0727062090168555
287,1.36,4.253865472071445
287,1.45,4.427080473701985
287,1.54,4.592891382202333
287,1.63,4.751631718968816
287,1.72,4.904365332896739
287,1.81,5.051915404461061
287,1.9,5.194416761168968
287,1.99,5.331870352987325
287,2.08,5.4651000710174955
287,2.17,5.594727407858075
287,2.26,5.720694881058526
287,2.35,5.842835932797323
287,2.44,5.961865768538673
287,2.53,6.0783087807593335
287,2.62,6.191998586833479
287,2.71,6.302668885762931
287,2.8,6.410983354766599
287,2.89,6.5166609067336925
287,2.98,6.619804340302538
287,3.07,6.721061809381454
287,3.16,6.820101705299591
287,3.25,6.916996103724074
287,3.34,7.012388486060396
287,3.43,7.1059046707999896
287,3.52,7.197593559059787
287,3.61,7.288101548524275
287,3.7,7.377016998760452
287,3.79,7.46437078738191
287,3.88,7.550062593100208
287,3.97,7.634391499520768
287,4.06,7.717240081192997
287,4.15,7.798907889188358
287,4.24,7.879261454629672
287,4.33,7.958602426423826
287,4.42,8.036782090278486
287,4.51,8.11410561818013
287,4.6,8.190409638116446
287,4.69,8.265450564012612
287,4.78,8.339330544214635
287,4.87,8.41215002242174
287,4.96,8.484008011887997
287,5.05,8.555002355235096
287,5.14,8.625229971636221
287,5.23,8.694787092950742
287,5.32,8.763769490233082
287,5.41,8.83227269190287
287,5.5,8.900392194744953
287,5.59,8.96822366880442
287,5.68,9.033761413577604
287,5.77,9.097030506136488
287,5.86,9.159998977359564
287,5.95,9.222667800265265
287,6.04,9.284971233359583
287,6.13,9.34684837761738
287,6.22,9.408242883748274
287,6.31,9.469102676889522
287,6.4,9.52937969762272
287,6.49,9.589029658289194
287,6.58,9.648011813650864
287,6.67,9.70628874500932
287,6.76,9.763909518601384
287,6.85,9.82130264576919
287,6.94,9.878009764763506
287,7.03,9.934443592247916
287,7.12,9.990165394110804
287,7.21,10.045572621549024
287,7.3,10.100245285523494
287,7.39,10.154566089724021
287,7.48,10.208184653872735
287,7.57,10.2616509569257
287,7.66,10.314735243719067
287,7.75,10.367102082345346
287,7.84,10.41928035260529
287,7.93,10.471050357891531
287,8.02,10.522090921688694
287,8.11,10.572910577827264
287,8.2,10.623299199158257
287,8.29,10.67351023683606
287,8.38,10.723092980573789
287,8.47,10.772428543113206
287,8.56,10.821315848940394
287,8.65,10.869998836795315
287,8.74,10.918045430372347
287,8.83,10.965822084223253
287,8.92,11.013268604998993
287,9.01,11.060535196773834
287,9.1,11.107576077910863
287,9.19,11.153976946776076
287,9.28,11.200090076474837
287,9.37,11.245858143808618
287,9.46,11.29142579332402
287,9.55,11.33674951001626
287,9.64,11.381752993718063
287,9.73,11.42640417319909
287,9.82,11.470754245604052
287,9.91,11.514748550370914
287,10.0,11.558526305506613
288,1.0,3.46752471376477
288,1.09,3.680963417068874
288,1.18,3.8822995706743884
288,1.27,4.072708244191965
288,1.36,4.253867507246552
288,1.45,4.427082508877093
288,1.54,4.592893417377442
288,1.63,4.751633754143924
288,1.72,4.904367368071847
288,1.81,5.051917439636171
288,1.9,5.1944187963440775
288,1.99,5.331872388162434
288,2.08,5.465102106192606
288,2.17,5.594729443033184
288,2.26,5.720696916233638
288,2.35,5.842837967972433
288,2.44,5.961867803713783
288,2.53,6.078310815934444
288,2.62,6.192000622008585
288,2.71,6.302670920938039
288,2.8,6.410985389941707
288,2.89,6.5166629419088
288,2.98,6.619806375477649
288,3.07,6.721063844556563
288,3.16,6.820103740474702
288,3.25,6.916998138899182
288,3.34,7.012390521235504
288,3.43,7.105906705975095
288,3.52,7.197595594234893
288,3.61,7.288103583699381
288,3.7,7.377019033935564
288,3.79,7.464372822557022
288,3.88,7.550064628275316
288,3.97,7.634393534695877
288,4.06,7.717242116368108
288,4.15,7.798909924363469
288,4.24,7.8792634898047815
288,4.33,7.958604461598935
288,4.42,8.036784125453591
288,4.51,8.114107653355235
288,4.6,8.190411673291553
288,4.69,8.265452599187721
288,4.78,8.339332579389744
288,4.87,8.412152057596849
288,4.96,8.484010047063105
288,5.05,8.555004390410206
288,5.14,8.625232006811329
288,5.23,8.694789128125851
288,5.32,8.763771525408192
288,5.41,8.83227472707798
288,5.5,8.900394229920062
288,5.59,8.96822570397953
288,5.68,9.033763450123761
288,5.77,9.097032542729616
288,5.86,9.160001013952693
288,5.95,9.222669836858396
288,6.04,9.284973269952712
288,6.13,9.346850414210511
288,6.22,9.408244920341401
288,6.31,9.469104713482652
288,6.4,9.529381734215852
288,6.49,9.589031694882323
288,6.58,9.648013850243993
288,6.67,9.70629078160245
288,6.76,9.763911555194513
288,6.85,9.821304682362321
288,6.94,9.878011801356637
288,7.03,9.934445628841047
288,7.12,9.990167430703934
288,7.21,10.045574658142153
288,7.3,10.100247322116626
288,7.39,10.154568126317152
288,7.48,10.208186690465865
288,7.57,10.26165299351883
288,7.66,10.314737280312194
288,7.75,10.367104118938473
288,7.84,10.419282389198417
288,7.93,10.471052394484659
288,8.02,10.522092958281823
288,8.11,10.57291261442039
288,8.2,10.62330123575139
288,8.29,10.673512273429193
288,8.38,10.72309501716692
288,8.47,10.772430579706338
288,8.56,10.821317885533524
288,8.65,10.870000873388445
288,8.74,10.918047466965476
288,8.83,10.96582412081638
288,8.92,11.01327064159212
288,9.01,11.060537233366967
288,9.1,11.107578114503992
288,9.19,11.153978983369205
288,9.28,11.200092113067967
288,9.37,11.245860180401749
288,9.46,11.291427829917147
288,9.55,11.336751546609392
288,9.64,11.381755030311195
288,9.73,11.426406209792223
288,9.82,11.470756282197181
288,9.91,11.514750586964045
288,10.0,11.55852834209974
289,1.0,3.467526667532873
289,1.09,3.6809653708369776
289,1.18,3.882301524442493
289,1.27,4.072710197960069
289,1.36,4.253869461014657
289,1.45,4.4270844626451975
289,1.54,4.592895371145547
289,1.63,4.751635707912029
289,1.72,4.904369321839953
289,1.81,5.051919393404276
289,1.9,5.194420750112185
289,1.99,5.33187434193054
289,2.08,5.465104059960711
289,2.17,5.594731396801291
289,2.26,5.72069887000174
289,2.35,5.842839921740537
289,2.44,5.961869757481886
289,2.53,6.0783127697025465
289,2.62,6.192002575776689
289,2.71,6.302672874706144
289,2.8,6.410987343709811
289,2.89,6.516664895676906
289,2.98,6.619808329245752
289,3.07,6.721065798324668
289,3.16,6.820105694242803
289,3.25,6.917000092667284
289,3.34,7.012392475003606
289,3.43,7.105908659743203
289,3.52,7.197597548003
289,3.61,7.288105537467488
289,3.7,7.377020987703668
289,3.79,7.464374776325126
289,3.88,7.550066582043423
289,3.97,7.6343954884639835
289,4.06,7.717244070136212
289,4.15,7.798911878131574
289,4.24,7.8792654435728835
289,4.33,7.958606415367036
289,4.42,8.036786079221695
289,4.51,8.11410960712334
289,4.6,8.190413627059657
289,4.69,8.265454552955825
289,4.78,8.339334533157848
289,4.87,8.412154011364953
289,4.96,8.48401200083121
289,5.05,8.55500634417831
289,5.14,8.625233960579434
289,5.23,8.694791081893955
289,5.32,8.763773479176297
289,5.41,8.832276680846084
289,5.5,8.900396183688166
289,5.59,8.968227657747633
289,5.68,9.033765405208072
289,5.77,9.09703449785902
289,5.86,9.160002969082097
289,5.95,9.222671791987798
289,6.04,9.284975225082118
289,6.13,9.346852369339915
289,6.22,9.408246875470807
289,6.31,9.469106668612053
289,6.4,9.529383689345256
289,6.49,9.589033650011729
289,6.58,9.648015805373396
289,6.67,9.706292736731854
289,6.76,9.763913510323917
289,6.85,9.821306637491723
289,6.94,9.87801375648604
289,7.03,9.934447583970453
289,7.12,9.990169385833338
289,7.21,10.045576613271558
289,7.3,10.10024927724603
289,7.39,10.154570081446554
289,7.48,10.208188645595268
289,7.57,10.261654948648236
289,7.66,10.3147392354416
289,7.75,10.367106074067879
289,7.84,10.41928434432782
289,7.93,10.471054349614061
289,8.02,10.522094913411225
289,8.11,10.572914569549793
289,8.2,10.623303190880792
289,8.29,10.673514228558595
289,8.38,10.723096972296323
289,8.47,10.772432534835739
289,8.56,10.82131984066293
289,8.65,10.870002828517851
289,8.74,10.918049422094882
289,8.83,10.965826075945788
289,8.92,11.013272596721528
289,9.01,11.06053918849637
289,9.1,11.107580069633398
289,9.19,11.153980938498608
289,9.28,11.20009406819737
289,9.37,11.24586213553115
289,9.46,11.291429785046553
289,9.55,11.336753501738794
289,9.64,11.381756985440598
289,9.73,11.426408164921625
289,9.82,11.470758237326587
289,9.91,11.51475254209345
289,10.0,11.558530297229142
290,1.0,3.4675285431502525
290,1.09,3.680967246454358
290,1.18,3.8823034000598735
290,1.27,4.072712073577449
290,1.36,4.253871336632038
290,1.45,4.427086338262579
290,1.54,4.59289724676293
290,1.63,4.75163758352941
290,1.72,4.904371197457334
290,1.81,5.051921269021658
290,1.9,5.194422625729563
290,1.99,5.3318762175479195
290,2.08,5.46510593557809
290,2.17,5.59473327241867
290,2.26,5.720700745619119
290,2.35,5.842841797357918
290,2.44,5.961871633099267
290,2.53,6.078314645319927
290,2.62,6.192004451394071
290,2.71,6.302674750323524
290,2.8,6.410989219327192
290,2.89,6.516666771294283
290,2.98,6.61981020486313
290,3.07,6.721067673942046
290,3.16,6.820107569860186
290,3.25,6.9170019682846675
290,3.34,7.012394350620989
290,3.43,7.105910535360582
290,3.52,7.197599423620381
290,3.61,7.288107413084869
290,3.7,7.377022863321051
290,3.79,7.4643766519425085
290,3.88,7.550068457660804
290,3.97,7.634397364081364
290,4.06,7.71724594575359
290,4.15,7.798913753748951
290,4.24,7.879267319190263
290,4.33,7.958608290984416
290,4.42,8.036787954839076
290,4.51,8.11411148274072
290,4.6,8.190415502677038
290,4.69,8.265456428573206
290,4.78,8.339336408775228
290,4.87,8.412155886982335
290,4.96,8.484013876448591
290,5.05,8.55500821979569
290,5.14,8.625235836196813
290,5.23,8.694792957511337
290,5.32,8.763775354793676
290,5.41,8.832278556463464
290,5.5,8.900398059305546
290,5.59,8.968229533365013
290,5.68,9.033767282089011
290,5.77,9.097036374783249
290,5.86,9.160004846006325
290,5.95,9.222673668912027
290,6.04,9.284977102006344
290,6.13,9.346854246264144
290,6.22,9.408248752395034
290,6.31,9.469108545536283
290,6.4,9.52938556626948
290,6.49,9.589035526935957
290,6.58,9.648017682297626
290,6.67,9.706294613656079
290,6.76,9.763915387248142
290,6.85,9.821308514415952
290,6.94,9.878015633410268
290,7.03,9.934449460894678
290,7.12,9.990171262757565
290,7.21,10.045578490195789
290,7.3,10.100251154170259
290,7.39,10.154571958370784
290,7.48,10.208190522519498
290,7.57,10.261656825572464
290,7.66,10.314741112365825
290,7.75,10.367107950992105
290,7.84,10.419286221252051
290,7.93,10.471056226538291
290,8.02,10.522096790335453
290,8.11,10.572916446474022
290,8.2,10.623305067805017
290,8.29,10.67351610548282
290,8.38,10.72309884922055
290,8.47,10.772434411759965
290,8.56,10.821321717587157
290,8.65,10.870004705442078
290,8.74,10.91805129901911
290,8.83,10.965827952870013
290,8.92,11.013274473645753
290,9.01,11.060541065420601
290,9.1,11.107581946557628
290,9.19,11.153982815422838
290,9.28,11.2000959451216
290,9.37,11.245864012455382
290,9.46,11.291431661970783
290,9.55,11.336755378663025
290,9.64,11.381758862364828
290,9.73,11.426410041845852
290,9.82,11.470760114250814
290,9.91,11.514754419017674
290,10.0,11.558532174153372
291,1.0,3.467530343742939
291,1.09,3.6809690470470438
291,1.18,3.882305200652562
291,1.27,4.072713874170136
291,1.36,4.253873137224724
291,1.45,4.427088138855266
291,1.54,4.592899047355612
291,1.63,4.751639384122095
291,1.72,4.904372998050018
291,1.81,5.051923069614341
291,1.9,5.194424426322247
291,1.99,5.331878018140606
291,2.08,5.465107736170776
291,2.17,5.594735073011354
291,2.26,5.720702546211807
291,2.35,5.842843597950602
291,2.44,5.961873433691952
291,2.53,6.078316445912613
291,2.62,6.1920062519867525
291,2.71,6.302676550916207
291,2.8,6.410991019919875
291,2.89,6.516668571886971
291,2.98,6.6198120054558185
291,3.07,6.721069474534732
291,3.16,6.820109370452871
291,3.25,6.917003768877352
291,3.34,7.012396151213674
291,3.43,7.1059123359532705
291,3.52,7.197601224213068
291,3.61,7.288109213677556
291,3.7,7.377024663913736
291,3.79,7.464378452535193
291,3.88,7.550070258253486
291,3.97,7.634399164674046
291,4.06,7.717247746346275
291,4.15,7.798915554341636
291,4.24,7.879269119782948
291,4.33,7.958610091577102
291,4.42,8.03678975543176
291,4.51,8.114113283333404
291,4.6,8.190417303269722
291,4.69,8.26545822916589
291,4.78,8.339338209367915
291,4.87,8.41215768757502
291,4.96,8.484015677041276
291,5.05,8.555010020388375
291,5.14,8.6252376367895
291,5.23,8.69479475810402
291,5.32,8.76377715538636
291,5.41,8.832280357056149
291,5.5,8.900399859898231
291,5.59,8.968231333957698
291,5.68,9.033769083894713
291,5.77,9.097038176630507
291,5.86,9.160006647853583
291,5.95,9.222675470759286
291,6.04,9.284978903853602
291,6.13,9.346856048111402
291,6.22,9.408250554242294
291,6.31,9.469110347383541
291,6.4,9.529387368116742
291,6.49,9.589037328783213
291,6.58,9.648019484144886
291,6.67,9.70629641550334
291,6.76,9.763917189095404
291,6.85,9.821310316263208
291,6.94,9.878017435257524
291,7.03,9.934451262741938
291,7.12,9.990173064604825
291,7.21,10.045580292043043
291,7.3,10.100252956017517
291,7.39,10.154573760218046
291,7.48,10.20819232436676
291,7.57,10.261658627419724
291,7.66,10.314742914213086
291,7.75,10.367109752839367
291,7.84,10.41928802309931
291,7.93,10.471058028385546
291,8.02,10.522098592182711
291,8.11,10.572918248321281
291,8.2,10.623306869652279
291,8.29,10.673517907330082
291,8.38,10.72310065106781
291,8.47,10.772436213607225
291,8.56,10.821323519434412
291,8.65,10.870006507289334
291,8.74,10.918053100866366
291,8.83,10.96582975471727
291,8.92,11.01327627549301
291,9.01,11.06054286726786
291,9.1,11.107583748404885
291,9.19,11.153984617270098
291,9.28,11.200097746968856
291,9.37,11.245865814302638
291,9.46,11.291433463818041
291,9.55,11.336757180510286
291,9.64,11.38176066421209
291,9.73,11.426411843693113
291,9.82,11.470761916098075
291,9.91,11.514756220864937
291,10.0,11.558533976000634
292,1.0,3.4675320723119176
292,1.09,3.680970775616024
292,1.18,3.882306929221536
292,1.27,4.0727156027391125
292,1.36,4.2538748657937
292,1.45,4.427089867424241
292,1.54,4.59290077592459
292,1.63,4.751641112691074
292,1.72,4.904374726618997
292,1.81,5.051924798183319
292,1.9,5.194426154891227
292,1.99,5.331879746709583
292,2.08,5.465109464739753
292,2.17,5.594736801580333
292,2.26,5.720704274780781
292,2.35,5.842845326519578
292,2.44,5.961875162260927
292,2.53,6.078318174481588
292,2.62,6.192007980555733
292,2.71,6.302678279485187
292,2.8,6.410992748488853
292,2.89,6.5166703004559485
292,2.98,6.619813734024795
292,3.07,6.721071203103711
292,3.16,6.820111099021851
292,3.25,6.917005497446333
292,3.34,7.012397879782655
292,3.43,7.105914064522247
292,3.52,7.197602952782045
292,3.61,7.288110942246533
292,3.7,7.377026392482711
292,3.79,7.464380181104168
292,3.88,7.550071986822464
292,3.97,7.634400893243023
292,4.06,7.717249474915252
292,4.15,7.798917282910614
292,4.24,7.879270848351926
292,4.33,7.958611820146079
292,4.42,8.036791484000737
292,4.51,8.114115011902381
292,4.6,8.190419031838701
292,4.69,8.265459957734869
292,4.78,8.339339937936892
292,4.87,8.412159416143997
292,4.96,8.484017405610253
292,5.05,8.555011748957353
292,5.14,8.625239365358476
292,5.23,8.694796486672997
292,5.32,8.76377888395534
292,5.41,8.832282085625126
292,5.5,8.900401588467208
292,5.59,8.968233062526675
292,5.68,9.033770813628186
292,5.77,9.097039906403875
292,5.86,9.160008377626951
292,5.95,9.222677200532653
292,6.04,9.284980633626972
292,6.13,9.34685777788477
292,6.22,9.408252284015662
292,6.31,9.469112077156911
292,6.4,9.52938909789011
292,6.49,9.589039058556583
292,6.58,9.648021213918252
292,6.67,9.70629814527671
292,6.76,9.763918918868773
292,6.85,9.82131204603658
292,6.94,9.878019165030896
292,7.03,9.934452992515304
292,7.12,9.990174794378191
292,7.21,10.045582021816413
292,7.3,10.100254685790887
292,7.39,10.15457548999141
292,7.48,10.208194054140124
292,7.57,10.261660357193092
292,7.66,10.314744643986458
292,7.75,10.367111482612737
292,7.84,10.419289752872679
292,7.93,10.471059758158917
292,8.02,10.522100321956083
292,8.11,10.572919978094651
292,8.2,10.623308599425643
292,8.29,10.673519637103446
292,8.38,10.723102380841176
292,8.47,10.772437943380595
292,8.56,10.821325249207785
292,8.65,10.870008237062704
292,8.74,10.918054830639736
292,8.83,10.96583148449064
292,8.92,11.013278005266379
292,9.01,11.060544597041224
292,9.1,11.107585478178251
292,9.19,11.153986347043464
292,9.28,11.200099476742222
292,9.37,11.245867544076004
292,9.46,11.291435193591411
292,9.55,11.336758910283653
292,9.64,11.381762393985456
292,9.73,11.426413573466482
292,9.82,11.47076364587144
292,9.91,11.514757950638304
292,10.0,11.558535705774
293,1.0,3.4675337317381354
293,1.09,3.68097243504224
293,1.18,3.8823085886477546
293,1.27,4.072717262165332
293,1.36,4.25387652521992
293,1.45,4.42709152685046
293,1.54,4.59290243535081
293,1.63,4.751642772117291
293,1.72,4.904376386045215
293,1.81,5.051926457609539
293,1.9,5.194427814317442
293,1.99,5.3318814061358
293,2.08,5.465111124165969
293,2.17,5.594738461006549
293,2.26,5.720705934207001
293,2.35,5.842846985945799
293,2.44,5.961876821687147
293,2.53,6.078319833907807
293,2.62,6.1920096399819515
293,2.71,6.302679938911405
293,2.8,6.410994407915073
293,2.89,6.51667195988217
293,2.98,6.619815393451017
293,3.07,6.721072862529932
293,3.16,6.820112758448069
293,3.25,6.91700715687255
293,3.34,7.0123995392088725
293,3.43,7.105915723948463
293,3.52,7.197604612208261
293,3.61,7.288112601672749
293,3.7,7.37702805190893
293,3.79,7.464381840530386
293,3.88,7.5500736462486815
293,3.97,7.6344025526692425
293,4.06,7.7172511343414705
293,4.15,7.798918942336833
293,4.24,7.879272507778143
293,4.33,7.958613479572297
293,4.42,8.036793143426957
293,4.51,8.1141166713286
293,4.6,8.19042069126492
293,4.69,8.265461617161087
293,4.78,8.33934159736311
293,4.87,8.412161075570214
293,4.96,8.484019065036472
293,5.05,8.555013408383571
293,5.14,8.625241024784694
293,5.23,8.694798146099217
293,5.32,8.763780543381557
293,5.41,8.832283745051344
293,5.5,8.900403247893426
293,5.59,8.968234721952893
293,5.68,9.03377247417232
293,5.77,9.09704156698631
293,5.86,9.160010038209386
293,5.95,9.222678861115087
293,6.04,9.284982294209405
293,6.13,9.346859438467204
293,6.22,9.408253944598094
293,6.31,9.469113737739344
293,6.4,9.529390758472545
293,6.49,9.589040719139017
293,6.58,9.648022874500686
293,6.67,9.70629980585914
293,6.76,9.763920579451204
293,6.85,9.821313706619014
293,6.94,9.87802082561333
293,7.03,9.93445465309774
293,7.12,9.990176454960627
293,7.21,10.045583682398846
293,7.3,10.100256346373317
293,7.39,10.154577150573845
293,7.48,10.208195714722558
293,7.57,10.261662017775526
293,7.66,10.314746304568887
293,7.75,10.367113143195168
293,7.84,10.419291413455113
293,7.93,10.471061418741355
293,8.02,10.522101982538517
293,8.11,10.572921638677085
293,8.2,10.623310260008079
293,8.29,10.673521297685882
293,8.38,10.723104041423614
293,8.47,10.77243960396303
293,8.56,10.821326909790212
293,8.65,10.870009897645135
293,8.74,10.918056491222169
293,8.83,10.965833145073075
293,8.92,11.013279665848815
293,9.01,11.060546257623662
293,9.1,11.107587138760687
293,9.19,11.153988007625898
293,9.28,11.200101137324657
293,9.37,11.245869204658439
293,9.46,11.291436854173842
293,9.55,11.336760570866083
293,9.64,11.381764054567887
293,9.73,11.426415234048914
293,9.82,11.470765306453872
293,9.91,11.514759611220736
293,10.0,11.558537366356436
294,1.0,3.467535324787306
294,1.09,3.68097402809141
294,1.18,3.8823101816969263
294,1.27,4.072718855214501
294,1.36,4.25387811826909
294,1.45,4.427093119899631
294,1.54,4.5929040283999765
294,1.63,4.7516443651664595
294,1.72,4.904377979094383
294,1.81,5.051928050658706
294,1.9,5.194429407366614
294,1.99,5.331882999184971
294,2.08,5.46511271721514
294,2.17,5.59474005405572
294,2.26,5.720707527256171
294,2.35,5.8428485789949685
294,2.44,5.961878414736318
294,2.53,6.078321426956978
294,2.62,6.192011233031124
294,2.71,6.302681531960578
294,2.8,6.4109960009642455
294,2.89,6.516673552931339
294,2.98,6.619816986500186
294,3.07,6.721074455579101
294,3.16,6.820114351497236
294,3.25,6.917008749921718
294,3.34,7.01240113225804
294,3.43,7.105917316997633
294,3.52,7.19760620525743
294,3.61,7.288114194721918
294,3.7,7.377029644958099
294,3.79,7.464383433579557
294,3.88,7.550075239297851
294,3.97,7.634404145718412
294,4.06,7.7172527273906395
294,4.15,7.798920535386002
294,4.24,7.879274100827314
294,4.33,7.958615072621468
294,4.42,8.036794736476129
294,4.51,8.114118264377773
294,4.6,8.190422284314089
294,4.69,8.265463210210257
294,4.78,8.33934319041228
294,4.87,8.412162668619386
294,4.96,8.484020658085642
294,5.05,8.555015001432741
294,5.14,8.625242617833864
294,5.23,8.694799739148387
294,5.32,8.763782136430725
294,5.41,8.832285338100514
294,5.5,8.900404840942596
294,5.59,8.968236315002063
294,5.68,9.033774068294688
294,5.77,9.097043161145447
294,5.86,9.160011632368523
294,5.95,9.222680455274224
294,6.04,9.284983888368542
294,6.13,9.34686103262634
294,6.22,9.408255538757231
294,6.31,9.469115331898479
294,6.4,9.52939235263168
294,6.49,9.589042313298155
294,6.58,9.648024468659823
294,6.67,9.706301400018278
294,6.76,9.763922173610341
294,6.85,9.821315300778148
294,6.94,9.878022419772464
294,7.03,9.934456247256877
294,7.12,9.990178049119764
294,7.21,10.045585276557983
294,7.3,10.100257940532456
294,7.39,10.15457874473298
294,7.48,10.208197308881694
294,7.57,10.26166361193466
294,7.66,10.314747898728024
294,7.75,10.367114737354305
294,7.84,10.41929300761425
294,7.93,10.471063012900487
294,8.02,10.522103576697651
294,8.11,10.572923232836223
294,8.2,10.62331185416722
294,8.29,10.673522891845023
294,8.38,10.723105635582751
294,8.47,10.772441198122166
294,8.56,10.821328503949353
294,8.65,10.870011491804274
294,8.74,10.91805808538131
294,8.83,10.96583473923221
294,8.92,11.01328126000795
294,9.01,11.060547851782792
294,9.1,11.10758873291982
294,9.19,11.153989601785034
294,9.28,11.200102731483796
294,9.37,11.245870798817577
294,9.46,11.291438448332979
294,9.55,11.336762165025222
294,9.64,11.381765648727026
294,9.73,11.426416828208051
294,9.82,11.47076690061301
294,9.91,11.514761205379871
294,10.0,11.55853896051557
295,1.0,3.467536854114509
295,1.09,3.6809755574186136
295,1.18,3.8823117110241263
295,1.27,4.072720384541703
295,1.36,4.253879647596291
295,1.45,4.427094649226832
295,1.54,4.592905557727182
295,1.63,4.751645894493665
295,1.72,4.904379508421586
295,1.81,5.051929579985909
295,1.9,5.194430936693817
295,1.99,5.331884528512174
295,2.08,5.465114246542345
295,2.17,5.594741583382923
295,2.26,5.720709056583377
295,2.35,5.842850108322174
295,2.44,5.961879944063524
295,2.53,6.078322956284184
295,2.62,6.192012762358326
295,2.71,6.30268306128778
295,2.8,6.410997530291448
295,2.89,6.516675082258539
295,2.98,6.619818515827387
295,3.07,6.721075984906301
295,3.16,6.8201158808244395
295,3.25,6.917010279248919
295,3.34,7.0124026615852415
295,3.43,7.105918846324836
295,3.52,7.1976077345846345
295,3.61,7.288115724049122
295,3.7,7.377031174285302
295,3.79,7.4643849629067605
295,3.88,7.550076768625053
295,3.97,7.634405675045615
295,4.06,7.717254256717844
295,4.15,7.798922064713206
295,4.24,7.879275630154519
295,4.33,7.958616601948672
295,4.42,8.036796265803329
295,4.51,8.114119793704972
295,4.6,8.190423813641292
295,4.69,8.26546473953746
295,4.78,8.339344719739485
295,4.87,8.412164197946588
295,4.96,8.484022187412844
295,5.05,8.555016530759943
295,5.14,8.625244147161068
295,5.23,8.694801268475588
295,5.32,8.763783665757929
295,5.41,8.832286867427717
295,5.5,8.900406370269799
295,5.59,8.968237844329266
295,5.68,9.033775598652163
295,5.77,9.097044691538217
295,5.86,9.160013162761294
295,5.95,9.222681985666995
295,6.04,9.284985418761313
295,6.13,9.346862563019112
295,6.22,9.408257069150002
295,6.31,9.46911686229125
295,6.4,9.52939388302445
295,6.49,9.589043843690924
295,6.58,9.648025999052594
295,6.67,9.70630293041105
295,6.76,9.763923704003114
295,6.85,9.82131683117092
295,6.94,9.878023950165236
295,7.03,9.934457777649646
295,7.12,9.990179579512532
295,7.21,10.045586806950755
295,7.3,10.100259470925227
295,7.39,10.15458027512575
295,7.48,10.208198839274464
295,7.57,10.261665142327432
295,7.66,10.314749429120795
295,7.75,10.367116267747074
295,7.84,10.419294538007017
295,7.93,10.471064543293258
295,8.02,10.522105107090423
295,8.11,10.572924763228993
295,8.2,10.623313384559987
295,8.29,10.67352442223779
295,8.38,10.723107165975518
295,8.47,10.772442728514937
295,8.56,10.821330034342125
295,8.65,10.870013022197048
295,8.74,10.91805961577408
295,8.83,10.965836269624983
295,8.92,11.013282790400723
295,9.01,11.060549382175568
295,9.1,11.107590263312593
295,9.19,11.153991132177808
295,9.28,11.200104261876566
295,9.37,11.245872329210346
295,9.46,11.291439978725744
295,9.55,11.336763695417991
295,9.64,11.381767179119795
295,9.73,11.42641835860082
295,9.82,11.470768431005782
295,9.91,11.514762735772646
295,10.0,11.55854049090834
296,1.0,3.467538322268622
296,1.09,3.6809770255727265
296,1.18,3.8823131791782437
296,1.27,4.07272185269582
296,1.36,4.2538811157504055
296,1.45,4.427096117380947
296,1.54,4.5929070258812965
296,1.63,4.751647362647779
296,1.72,4.904380976575703
296,1.81,5.051931048140025
296,1.9,5.194432404847936
296,1.99,5.3318859966662915
296,2.08,5.465115714696463
296,2.17,5.5947430515370415
296,2.26,5.720710524737491
296,2.35,5.8428515764762885
296,2.44,5.961881412217638
296,2.53,6.078324424438298
296,2.62,6.192014230512438
296,2.71,6.302684529441892
296,2.8,6.41099899844556
296,2.89,6.5166765504126545
296,2.98,6.6198199839814995
296,3.07,6.721077453060415
296,3.16,6.820117348978554
296,3.25,6.917011747403036
296,3.34,7.012404129739358
296,3.43,7.105920314478952
296,3.52,7.19760920273875
296,3.61,7.288117192203238
296,3.7,7.377032642439415
296,3.79,7.464386431060874
296,3.88,7.55007823677917
296,3.97,7.63440714319973
296,4.06,7.7172557248719595
296,4.15,7.798923532867322
296,4.24,7.879277098308631
296,4.33,7.958618070102784
296,4.42,8.036797733957444
296,4.51,8.114121261859088
296,4.6,8.190425281795408
296,4.69,8.265466207691578
296,4.78,8.339346187893597
296,4.87,8.412165666100702
296,4.96,8.484023655566958
296,5.05,8.555017998914058
296,5.14,8.625245615315182
296,5.23,8.694802736629704
296,5.32,8.763785133912045
296,5.41,8.832288335581833
296,5.5,8.900407838423915
296,5.59,8.968239312483382
296,5.68,9.033777067795338
296,5.77,9.097046160715276
296,5.86,9.160014631938353
296,5.95,9.222683454844056
296,6.04,9.284986887938372
296,6.13,9.346864032196171
296,6.22,9.408258538327063
296,6.31,9.46911833146831
296,6.4,9.52939535220151
296,6.49,9.589045312867984
296,6.58,9.648027468229653
296,6.67,9.70630439958811
296,6.76,9.763925173180173
296,6.85,9.821318300347981
296,6.94,9.878025419342297
296,7.03,9.934459246826707
296,7.12,9.990181048689594
296,7.21,10.045588276127813
296,7.3,10.100260940102284
296,7.39,10.154581744302813
296,7.48,10.208200308451527
296,7.57,10.261666611504493
296,7.66,10.314750898297854
296,7.75,10.367117736924135
296,7.84,10.41929600718408
296,7.93,10.471066012470319
296,8.02,10.52210657626748
296,8.11,10.57292623240605
296,8.2,10.623314853737046
296,8.29,10.67352589141485
296,8.38,10.723108635152581
296,8.47,10.772444197691998
296,8.56,10.821331503519183
296,8.65,10.870014491374105
296,8.74,10.918061084951137
296,8.83,10.965837738802042
296,8.92,11.013284259577782
296,9.01,11.060550851352628
296,9.1,11.107591732489656
296,9.19,11.153992601354869
296,9.28,11.200105731053627
296,9.37,11.245873798387409
296,9.46,11.291441447902809
296,9.55,11.336765164595052
296,9.64,11.381768648296855
296,9.73,11.426419827777885
296,9.82,11.470769900182843
296,9.91,11.514764204949703
296,10.0,11.558541960085396
297,1.0,3.467539731696572
297,1.09,3.680978435000678
297,1.18,3.882314588606193
297,1.27,4.072723262123769
297,1.36,4.253882525178358
297,1.45,4.427097526808898
297,1.54,4.59290843530925
297,1.63,4.751648772075732
297,1.72,4.904382386003656
297,1.81,5.051932457567979
297,1.9,5.194433814275884
297,1.99,5.331887406094241
297,2.08,5.465117124124411
297,2.17,5.594744460964991
297,2.26,5.720711934165439
297,2.35,5.842852985904236
297,2.44,5.9618828216455855
297,2.53,6.078325833866246
297,2.62,6.192015639940389
297,2.71,6.302685938869841
297,2.8,6.411000407873509
297,2.89,6.516677959840605
297,2.98,6.619821393409452
297,3.07,6.721078862488367
297,3.16,6.820118758406505
297,3.25,6.917013156830987
297,3.34,7.012405539167309
297,3.43,7.105921723906899
297,3.52,7.197610612166699
297,3.61,7.2881186016311865
297,3.7,7.377034051867367
297,3.79,7.464387840488825
297,3.88,7.550079646207121
297,3.97,7.634408552627682
297,4.06,7.717257134299907
297,4.15,7.79892494229527
297,4.24,7.879278507736582
297,4.33,7.958619479530736
297,4.42,8.036799143385396
297,4.51,8.11412267128704
297,4.6,8.19042669122336
297,4.69,8.265467617119524
297,4.78,8.339347597321547
297,4.87,8.412167075528652
297,4.96,8.48402506499491
297,5.05,8.555019408342009
297,5.14,8.625247024743132
297,5.23,8.694804146057654
297,5.32,8.763786543339995
297,5.41,8.832289745009783
297,5.5,8.900409247851865
297,5.59,8.968240721911332
297,5.68,9.033778478172787
297,5.77,9.097047571125254
297,5.86,9.16001604234833
297,5.95,9.222684865254033
297,6.04,9.28498829834835
297,6.13,9.346865442606148
297,6.22,9.40825994873704
297,6.31,9.46911974187829
297,6.4,9.529396762611489
297,6.49,9.589046723277962
297,6.58,9.648028878639632
297,6.67,9.706305809998087
297,6.76,9.76392658359015
297,6.85,9.821319710757958
297,6.94,9.878026829752274
297,7.03,9.934460657236686
297,7.12,9.990182459099573
297,7.21,10.045589686537792
297,7.3,10.100262350512265
297,7.39,10.154583154712789
297,7.48,10.208201718861503
297,7.57,10.261668021914469
297,7.66,10.314752308707835
297,7.75,10.367119147334114
297,7.84,10.419297417594057
297,7.93,10.471067422880294
297,8.02,10.52210798667746
297,8.11,10.57292764281603
297,8.2,10.623316264147025
297,8.29,10.673527301824828
297,8.38,10.723110045562555
297,8.47,10.772445608101973
297,8.56,10.821332913929162
297,8.65,10.870015901784083
297,8.74,10.918062495361117
297,8.83,10.965839149212021
297,8.92,11.013285669987761
297,9.01,11.060552261762604
297,9.1,11.107593142899631
297,9.19,11.153994011764844
297,9.28,11.200107141463604
297,9.37,11.245875208797386
297,9.46,11.291442858312788
297,9.55,11.336766575005033
297,9.64,11.381770058706836
297,9.73,11.426421238187862
297,9.82,11.47077131059282
297,9.91,11.514765615359684
297,10.0,11.558543370495377
298,1.0,3.467541084747406
298,1.09,3.68097978805151
298,1.18,3.882315941657029
298,1.27,4.072724615174604
298,1.36,4.253883878229193
298,1.45,4.4270988798597335
298,1.54,4.592909788360081
298,1.63,4.751650125126563
298,1.72,4.904383739054487
298,1.81,5.05193381061881
298,1.9,5.194435167326715
298,1.99,5.331888759145071
298,2.08,5.465118477175242
298,2.17,5.594745814015821
298,2.26,5.720713287216272
298,2.35,5.842854338955067
298,2.44,5.961884174696416
298,2.53,6.078327186917076
298,2.62,6.192016992991221
298,2.71,6.302687291920675
298,2.8,6.411001760924343
298,2.89,6.516679312891437
298,2.98,6.619822746460285
298,3.07,6.7210802155392
298,3.16,6.820120111457334
298,3.25,6.917014509881818
298,3.34,7.01240689221814
298,3.43,7.105923076957733
298,3.52,7.197611965217531
298,3.61,7.288119954682019
298,3.7,7.3770354049182005
298,3.79,7.464389193539659
298,3.88,7.5500809992579505
298,3.97,7.6344099056785115
298,4.06,7.71725848735074
298,4.15,7.798926295346103
298,4.24,7.879279860787416
298,4.33,7.95862083258157
298,4.42,8.03680049643623
298,4.51,8.114124024337874
298,4.6,8.190428044274189
298,4.69,8.265468970170357
298,4.78,8.33934895037238
298,4.87,8.412168428579486
298,4.96,8.484026418045742
298,5.05,8.555020761392841
298,5.14,8.625248377793964
298,5.23,8.694805499108487
298,5.32,8.763787896390827
298,5.41,8.832291098060615
298,5.5,8.900410600902697
298,5.59,8.968242074962165
298,5.68,9.033779832135137
298,5.77,9.097048925118832
298,5.86,9.160017396341908
298,5.95,9.22268621924761
298,6.04,9.28498965234193
298,6.13,9.346866796599729
298,6.22,9.408261302730619
298,6.31,9.469121095871866
298,6.4,9.529398116605067
298,6.49,9.58904807727154
298,6.58,9.648030232633209
298,6.67,9.706307163991667
298,6.76,9.76392793758373
298,6.85,9.821321064751535
298,6.94,9.878028183745851
298,7.03,9.934462011230265
298,7.12,9.99018381309315
298,7.21,10.045591040531372
298,7.3,10.100263704505844
298,7.39,10.154584508706368
298,7.48,10.208203072855081
298,7.57,10.261669375908049
298,7.66,10.314753662701412
298,7.75,10.36712050132769
298,7.84,10.419298771587634
298,7.93,10.471068776873876
298,8.02,10.52210934067104
298,8.11,10.572928996809608
298,8.2,10.623317618140602
298,8.29,10.673528655818405
298,8.38,10.723111399556135
298,8.47,10.772446962095552
298,8.56,10.82133426792274
298,8.65,10.870017255777661
298,8.74,10.918063849354692
298,8.83,10.965840503205598
298,8.92,11.013287023981338
298,9.01,11.060553615756184
298,9.1,11.10759449689321
298,9.19,11.153995365758423
298,9.28,11.200108495457185
298,9.37,11.245876562790965
298,9.46,11.291444212306367
298,9.55,11.336767928998608
298,9.64,11.381771412700411
298,9.73,11.426422592181439
298,9.82,11.470772664586399
298,9.91,11.514766969353262
298,10.0,11.558544724488957
299,1.0,3.467542383676207
299,1.09,3.680981086980312
299,1.18,3.8823172405858264
299,1.27,4.072725914103402
299,1.36,4.253885177157991
299,1.45,4.427100178788532
299,1.54,4.592911087288878
299,1.63,4.7516514240553605
299,1.72,4.904385037983284
299,1.81,5.051935109547607
299,1.9,5.194436466255514
299,1.99,5.331890058073869
299,2.08,5.465119776104038
299,2.17,5.594747112944618
299,2.26,5.72071458614507
299,2.35,5.842855637883868
299,2.44,5.961885473625217
299,2.53,6.078328485845877
299,2.62,6.192018291920021
299,2.71,6.302688590849475
299,2.8,6.411003059853143
299,2.89,6.516680611820234
299,2.98,6.619824045389082
299,3.07,6.721081514467998
299,3.16,6.820121410386135
299,3.25,6.917015808810617
299,3.34,7.012408191146939
299,3.43,7.105924375886533
299,3.52,7.197613264146332
299,3.61,7.28812125361082
299,3.7,7.377036703846997
299,3.79,7.464390492468455
299,3.88,7.550082298186751
299,3.97,7.634411204607312
299,4.06,7.717259786279541
299,4.15,7.798927594274903
299,4.24,7.879281159716216
299,4.33,7.95862213151037
299,4.42,8.036801795365026
299,4.51,8.11412532326667
299,4.6,8.190429343202988
299,4.69,8.265470269099156
299,4.78,8.33935024930118
299,4.87,8.412169727508285
299,4.96,8.484027716974541
299,5.05,8.555022060321638
299,5.14,8.625249676722763
299,5.23,8.694806798037286
299,5.32,8.763789195319626
299,5.41,8.832292396989414
299,5.5,8.900411899831496
299,5.59,8.968243373890964
299,5.68,9.033781131938992
299,5.77,9.097050224952667
299,5.86,9.160018696175744
299,5.95,9.222687519081445
299,6.04,9.284990952175763
299,6.13,9.346868096433564
299,6.22,9.408262602564456
299,6.31,9.469122395705702
299,6.4,9.529399416438903
299,6.49,9.589049377105376
299,6.58,9.648031532467044
299,6.67,9.7063084638255
299,6.76,9.763929237417564
299,6.85,9.821322364585374
299,6.94,9.878029483579688
299,7.03,9.934463311064098
299,7.12,9.990185112926984
299,7.21,10.045592340365207
299,7.3,10.100265004339677
299,7.39,10.154585808540205
299,7.48,10.208204372688918
299,7.57,10.261670675741884
299,7.66,10.314754962535247
299,7.75,10.367121801161526
299,7.84,10.419300071421471
299,7.93,10.47107007670771
299,8.02,10.522110640504874
299,8.11,10.572930296643442
299,8.2,10.62331891797444
299,8.29,10.673529955652244
299,8.38,10.723112699389972
299,8.47,10.772448261929387
299,8.56,10.821335567756574
299,8.65,10.870018555611495
299,8.74,10.918065149188529
299,8.83,10.965841803039433
299,8.92,11.013288323815173
299,9.01,11.06055491559002
299,9.1,11.107595796727045
299,9.19,11.153996665592254
299,9.28,11.200109795291018
299,9.37,11.245877862624798
299,9.46,11.291445512140204
299,9.55,11.336769228832445
299,9.64,11.381772712534248
299,9.73,11.426423892015274
299,9.82,11.470773964420236
299,9.91,11.514768269187098
299,10.0,11.558546024322792
300,1.0,3.467543630647854
300,1.09,3.6809823339519587
300,1.18,3.8823184875574723
300,1.27,4.072727161075048
300,1.36,4.253886424129635
300,1.45,4.427101425760177
300,1.54,4.592912334260525
300,1.63,4.751652671027006
300,1.72,4.904386284954929
300,1.81,5.051936356519252
300,1.9,5.194437713227161
300,1.99,5.3318913050455174
300,2.08,5.465121023075688
300,2.17,5.594748359916267
300,2.26,5.720715833116718
300,2.35,5.842856884855515
300,2.44,5.9618867205968655
300,2.53,6.078329732817526
300,2.62,6.192019538891665
300,2.71,6.302689837821121
300,2.8,6.411004306824789
300,2.89,6.516681858791882
300,2.98,6.619825292360729
300,3.07,6.721082761439645
300,3.16,6.820122657357784
300,3.25,6.9170170557822654
300,3.34,7.0124094381185875
300,3.43,7.105925622858178
300,3.52,7.197614511117977
300,3.61,7.288122500582465
300,3.7,7.377037950818645
300,3.79,7.464391739440103
300,3.88,7.550083545158399
300,3.97,7.634412451578959
300,4.06,7.717261033251189
300,4.15,7.798928841246552
300,4.24,7.87928240668786
300,4.33,7.958623378482014
300,4.42,8.036803042336672
300,4.51,8.114126570238316
300,4.6,8.190430590174635
300,4.69,8.265471516070805
300,4.78,8.339351496272826
300,4.87,8.412170974479931
300,4.96,8.484028963946185
300,5.05,8.555023307293286
300,5.14,8.625250923694411
300,5.23,8.694808045008934
300,5.32,8.763790442291274
300,5.41,8.832293643961062
300,5.5,8.900413146803144
300,5.59,8.968244620862611
300,5.68,9.033782379750694
300,5.77,9.097051472793149
300,5.86,9.160019944016225
300,5.95,9.222688766921928
300,6.04,9.284992200016244
300,6.13,9.346869344274044
300,6.22,9.408263850404937
300,6.31,9.469123643546187
300,6.4,9.529400664279384
300,6.49,9.589050624945857
300,6.58,9.648032780307528
300,6.67,9.706309711665982
300,6.76,9.763930485258046
300,6.85,9.821323612425854
300,6.94,9.87803073142017
300,7.03,9.934464558904583
300,7.12,9.990186360767469
300,7.21,10.045593588205687
300,7.3,10.100266252180159
300,7.39,10.154587056380688
300,7.48,10.208205620529402
300,7.57,10.261671923582366
300,7.66,10.31475621037573
300,7.75,10.367123049002009
300,7.84,10.419301319261953
300,7.93,10.471071324548191
300,8.02,10.522111888345355
300,8.11,10.572931544483925
300,8.2,10.62332016581492
300,8.29,10.673531203492724
300,8.38,10.723113947230452
300,8.47,10.772449509769869
300,8.56,10.82133681559706
300,8.65,10.87001980345198
300,8.74,10.918066397029012
300,8.83,10.965843050879915
300,8.92,11.013289571655655
300,9.01,11.0605561634305
300,9.1,11.107597044567525
300,9.19,11.15399791343274
300,9.28,11.2001110431315
300,9.37,11.245879110465282
300,9.46,11.291446759980683
300,9.55,11.336770476672926
300,9.64,11.38177396037473
300,9.73,11.426425139855754
300,9.82,11.470775212260715
300,9.91,11.514769517027577
300,10.0,11.558547272163276
301,1.0,3.4675448277406318
301,1.09,3.6809835310447383
301,1.18,3.882319684650253
301,1.27,4.0727283581678275
301,1.36,4.253887621222415
301,1.45,4.4271026228529555
301,1.54,4.5929135313533065
301,1.63,4.751653868119789
301,1.72,4.904387482047712
301,1.81,5.051937553612035
301,1.9,5.194438910319942
301,1.99,5.331892502138299
301,2.08,5.46512222016847
301,2.17,5.59474955700905
301,2.26,5.720717030209496
301,2.35,5.842858081948296
301,2.44,5.961887917689645
301,2.53,6.078330929910305
301,2.62,6.192020735984448
301,2.71,6.302691034913901
301,2.8,6.411005503917569
301,2.89,6.516683055884665
301,2.98,6.619826489453512
301,3.07,6.721083958532428
301,3.16,6.8201238544505625
301,3.25,6.917018252875045
301,3.34,7.012410635211367
301,3.43,7.10592681995096
301,3.52,7.197615708210758
301,3.61,7.288123697675246
301,3.7,7.377039147911428
301,3.79,7.464392936532885
301,3.88,7.550084742251181
301,3.97,7.634413648671742
301,4.06,7.717262230343968
301,4.15,7.79893003833933
301,4.24,7.879283603780641
301,4.33,7.9586245755747935
301,4.42,8.036804239429454
301,4.51,8.114127767331098
301,4.6,8.190431787267418
301,4.69,8.265472713163584
301,4.78,8.339352693365607
301,4.87,8.41217217157271
301,4.96,8.484030161038968
301,5.05,8.555024504386068
301,5.14,8.625252120787193
301,5.23,8.694809242101714
301,5.32,8.763791639384056
301,5.41,8.832294841053843
301,5.5,8.900414343895925
301,5.59,8.968245817955392
301,5.68,9.033783577649928
301,5.77,9.097052670720013
301,5.86,9.160021141943089
301,5.95,9.22268996484879
301,6.04,9.28499339794311
301,6.13,9.346870542200906
301,6.22,9.408265048331797
301,6.31,9.469124841473048
301,6.4,9.52940186220625
301,6.49,9.58905182287272
301,6.58,9.64803397823439
301,6.67,9.706310909592846
301,6.76,9.763931683184909
301,6.85,9.821324810352715
301,6.94,9.878031929347031
301,7.03,9.934465756831443
301,7.12,9.99018755869433
301,7.21,10.045594786132552
301,7.3,10.100267450107024
301,7.39,10.154588254307548
301,7.48,10.208206818456262
301,7.57,10.261673121509228
301,7.66,10.314757408302594
301,7.75,10.367124246928874
301,7.84,10.419302517188816
301,7.93,10.471072522475056
301,8.02,10.522113086272219
301,8.11,10.572932742410789
301,8.2,10.623321363741782
301,8.29,10.673532401419585
301,8.38,10.723115145157315
301,8.47,10.772450707696732
301,8.56,10.82133801352392
301,8.65,10.870021001378841
301,8.74,10.918067594955874
301,8.83,10.965844248806777
301,8.92,11.013290769582516
301,9.01,11.060557361357366
301,9.1,11.107598242494392
301,9.19,11.153999111359603
301,9.28,11.200112241058362
301,9.37,11.245880308392143
301,9.46,11.291447957907547
301,9.55,11.336771674599786
301,9.64,11.38177515830159
301,9.73,11.426426337782619
301,9.82,11.470776410187579
301,9.91,11.514770714954441
301,10.0,11.558548470090138
302,1.0,3.467545976949701
302,1.09,3.6809846802538058
302,1.18,3.882320833859323
302,1.27,4.0727295073768985
302,1.36,4.2538887704314865
302,1.45,4.427103772062027
302,1.54,4.592914680562377
302,1.63,4.751655017328859
302,1.72,4.904388631256783
302,1.81,5.051938702821107
302,1.9,5.194440059529009
302,1.99,5.331893651347368
302,2.08,5.4651233693775385
302,2.17,5.594750706218118
302,2.26,5.720718179418568
302,2.35,5.842859231157365
302,2.44,5.961889066898714
302,2.53,6.078332079119375
302,2.62,6.19202188519352
302,2.71,6.302692184122973
302,2.8,6.411006653126641
302,2.89,6.516684205093733
302,2.98,6.6198276386625805
302,3.07,6.721085107741496
302,3.16,6.820125003659633
302,3.25,6.917019402084115
302,3.34,7.012411784420437
302,3.43,7.105927969160032
302,3.52,7.197616857419829
302,3.61,7.288124846884317
302,3.7,7.377040297120499
302,3.79,7.464394085741957
302,3.88,7.550085891460249
302,3.97,7.63441479788081
302,4.06,7.717263379553037
302,4.15,7.798931187548399
302,4.24,7.879284752989712
302,4.33,7.9586257247838645
302,4.42,8.036805388638525
302,4.51,8.114128916540169
302,4.6,8.190432936476485
302,4.69,8.265473862372653
302,4.78,8.339353842574674
302,4.87,8.41217332078178
302,4.96,8.484031310248039
302,5.05,8.55502565359514
302,5.14,8.625253269996263
302,5.23,8.694810391310785
302,5.32,8.763792788593125
302,5.41,8.832295990262912
302,5.5,8.900415493104994
302,5.59,8.968246967164461
302,5.68,9.033784727633192
302,5.77,9.097053820729801
302,5.86,9.160022291952878
302,5.95,9.222691114858579
302,6.04,9.284994547952897
302,6.13,9.346871692210696
302,6.22,9.408266198341584
302,6.31,9.469125991482834
302,6.4,9.529403012216036
302,6.49,9.589052972882511
302,6.58,9.648035128244178
302,6.67,9.706312059602633
302,6.76,9.763932833194696
302,6.85,9.821325960362504
302,6.94,9.87803307935682
302,7.03,9.93446690684123
302,7.12,9.990188708704117
302,7.21,10.04559593614234
302,7.3,10.100268600116811
302,7.39,10.154589404317338
302,7.48,10.208207968466052
302,7.57,10.261674271519018
302,7.66,10.314758558312379
302,7.75,10.36712539693866
302,7.84,10.419303667198603
302,7.93,10.471073672484845
302,8.02,10.52211423628201
302,8.11,10.572933892420577
302,8.2,10.623322513751573
302,8.29,10.673533551429376
302,8.38,10.723116295167104
302,8.47,10.772451857706521
302,8.56,10.821339163533708
302,8.65,10.870022151388628
302,8.74,10.918068744965662
302,8.83,10.965845398816567
302,8.92,11.013291919592307
302,9.01,11.060558511367152
302,9.1,11.107599392504179
302,9.19,11.15400026136939
302,9.28,11.200113391068149
302,9.37,11.24588145840193
302,9.46,11.291449107917337
302,9.55,11.336772824609579
302,9.64,11.381776308311382
302,9.73,11.426427487792408
302,9.82,11.470777560197366
302,9.91,11.514771864964228
302,10.0,11.558549620099926
303,1.0,3.4675470801904096
303,1.09,3.6809857834945143
303,1.18,3.8823219371000306
303,1.27,4.072730610617606
303,1.36,4.253889873672194
303,1.45,4.427104875302737
303,1.54,4.592915783803081
303,1.63,4.7516561205695655
303,1.72,4.904389734497489
303,1.81,5.051939806061812
303,1.9,5.194441162769718
303,1.99,5.331894754588075
303,2.08,5.465124472618245
303,2.17,5.594751809458824
303,2.26,5.720719282659277
303,2.35,5.842860334398074
303,2.44,5.961890170139424
303,2.53,6.078333182360084
303,2.62,6.192022988434224
303,2.71,6.302693287363679
303,2.8,6.411007756367347
303,2.89,6.51668530833444
303,2.98,6.619828741903288
303,3.07,6.721086210982203
303,3.16,6.820126106900342
303,3.25,6.917020505324823
303,3.34,7.012412887661145
303,3.43,7.10592907240074
303,3.52,7.197617960660539
303,3.61,7.288125950125027
303,3.7,7.377041400361204
303,3.79,7.464395188982662
303,3.88,7.550086994700955
303,3.97,7.634415901121516
303,4.06,7.7172644827937456
303,4.15,7.798932290789106
303,4.24,7.879285856230419
303,4.33,7.958626828024573
303,4.42,8.03680649187923
303,4.51,8.114130019780873
303,4.6,8.190434039717193
303,4.69,8.26547496561336
303,4.78,8.339354945815384
303,4.87,8.412174424022488
303,4.96,8.484032413488746
303,5.05,8.555026756835845
303,5.14,8.62525437323697
303,5.23,8.694811494551493
303,5.32,8.763793891833831
303,5.41,8.83229709350362
303,5.5,8.900416596345702
303,5.59,8.968248070405169
303,5.68,9.033785831617125
303,5.77,9.097054924739197
303,5.86,9.160023395962273
303,5.95,9.222692218867977
303,6.04,9.284995651962292
303,6.13,9.346872796220092
303,6.22,9.408267302350984
303,6.31,9.46912709549223
303,6.4,9.52940411622543
303,6.49,9.589054076891907
303,6.58,9.648036232253578
303,6.67,9.70631316361203
303,6.76,9.763933937204094
303,6.85,9.8213270643719
303,6.94,9.878034183366216
303,7.03,9.934468010850628
303,7.12,9.990189812713515
303,7.21,10.045597040151733
303,7.3,10.100269704126207
303,7.39,10.154590508326734
303,7.48,10.208209072475448
303,7.57,10.261675375528414
303,7.66,10.314759662321778
303,7.75,10.367126500948059
303,7.84,10.419304771208003
303,7.93,10.471074776494238
303,8.02,10.522115340291403
303,8.11,10.572934996429971
303,8.2,10.62332361776097
303,8.29,10.673534655438774
303,8.38,10.723117399176504
303,8.47,10.772452961715919
303,8.56,10.821340267543107
303,8.65,10.870023255398028
303,8.74,10.918069848975058
303,8.83,10.965846502825963
303,8.92,11.013293023601703
303,9.01,11.060559615376548
303,9.1,11.107600496513573
303,9.19,11.154001365378788
303,9.28,11.200114495077548
303,9.37,11.24588256241133
303,9.46,11.29145021192673
303,9.55,11.336773928618975
303,9.64,11.381777412320778
303,9.73,11.426428591801804
303,9.82,11.470778664206762
303,9.91,11.514772968973624
303,10.0,11.558550724109326
304,1.0,3.4675481393014893
304,1.09,3.680986842605596
304,1.18,3.8823229962111068
304,1.27,4.072731669728684
304,1.36,4.253890932783272
304,1.45,4.427105934413813
304,1.54,4.592916842914161
304,1.63,4.7516571796806435
304,1.72,4.9043907936085676
304,1.81,5.05194086517289
304,1.9,5.194442221880799
304,1.99,5.331895813699155
304,2.08,5.465125531729326
304,2.17,5.5947528685699055
304,2.26,5.720720341770353
304,2.35,5.842861393509152
304,2.44,5.961891229250501
304,2.53,6.078334241471161
304,2.62,6.192024047545303
304,2.71,6.302694346474758
304,2.8,6.411008815478425
304,2.89,6.516686367445521
304,2.98,6.619829801014367
304,3.07,6.721087270093283
304,3.16,6.820127166011422
304,3.25,6.917021564435904
304,3.34,7.012413946772226
304,3.43,7.105930131511816
304,3.52,7.197619019771615
304,3.61,7.288127009236103
304,3.7,7.377042459472281
304,3.79,7.464396248093739
304,3.88,7.550088053812035
304,3.97,7.634416960232595
304,4.06,7.717265541904824
304,4.15,7.798933349900187
304,4.24,7.8792869153414955
304,4.33,7.958627887135649
304,4.42,8.036807550990309
304,4.51,8.114131078891953
304,4.6,8.19043509882827
304,4.69,8.26547602472444
304,4.78,8.339356004926461
304,4.87,8.412175483133568
304,4.96,8.484033472599824
304,5.05,8.555027815946925
304,5.14,8.62525543234805
304,5.23,8.694812553662569
304,5.32,8.763794950944911
304,5.41,8.832298152614698
304,5.5,8.90041765545678
304,5.59,8.968249129516247
304,5.68,9.033786891441702
304,5.77,9.097055984588218
304,5.86,9.160024455811294
304,5.95,9.222693278716996
304,6.04,9.284996711811315
304,6.13,9.346873856069113
304,6.22,9.408268362200005
304,6.31,9.469128155341252
304,6.4,9.52940517607445
304,6.49,9.589055136740924
304,6.58,9.648037292102597
304,6.67,9.706314223461055
304,6.76,9.763934997053118
304,6.85,9.821328124220921
304,6.94,9.878035243215237
304,7.03,9.934469070699649
304,7.12,9.990190872562534
304,7.21,10.045598100000756
304,7.3,10.100270763975228
304,7.39,10.154591568175752
304,7.48,10.208210132324465
304,7.57,10.261676435377433
304,7.66,10.3147607221708
304,7.75,10.367127560797078
304,7.84,10.419305831057022
304,7.93,10.471075836343262
304,8.02,10.522116400140426
304,8.11,10.572936056278996
304,8.2,10.623324677609988
304,8.29,10.673535715287791
304,8.38,10.723118459025521
304,8.47,10.772454021564936
304,8.56,10.821341327392126
304,8.65,10.870024315247049
304,8.74,10.918070908824083
304,8.83,10.965847562674986
304,8.92,11.013294083450726
304,9.01,11.06056067522557
304,9.1,11.107601556362598
304,9.19,11.154002425227807
304,9.28,11.200115554926567
304,9.37,11.245883622260349
304,9.46,11.291451271775752
304,9.55,11.336774988467992
304,9.64,11.381778472169795
304,9.73,11.426429651650825
304,9.82,11.470779724055784
304,9.91,11.514774028822648
304,10.0,11.558551783958341
305,1.0,3.4675491560481237
305,1.09,3.6809878593522285
305,1.18,3.882324012957744
305,1.27,4.0727326864753195
305,1.36,4.2538919495299075
305,1.45,4.427106951160448
305,1.54,4.5929178596607985
305,1.63,4.7516581964272815
305,1.72,4.904391810355205
305,1.81,5.051941881919528
305,1.9,5.194443238627432
305,1.99,5.33189683044579
305,2.08,5.46512654847596
305,2.17,5.594753885316539
305,2.26,5.720721358516989
305,2.35,5.842862410255787
305,2.44,5.961892245997136
305,2.53,6.0783352582177965
305,2.62,6.192025064291941
305,2.71,6.302695363221394
305,2.8,6.411009832225062
305,2.89,6.516687384192157
305,2.98,6.619830817761005
305,3.07,6.721088286839921
305,3.16,6.820128182758055
305,3.25,6.917022581182537
305,3.34,7.012414963518859
305,3.43,7.105931148258451
305,3.52,7.197620036518249
305,3.61,7.288128025982737
305,3.7,7.377043476218919
305,3.79,7.464397264840375
305,3.88,7.550089070558671
305,3.97,7.634417976979233
305,4.06,7.717266558651458
305,4.15,7.79893436664682
305,4.24,7.879287932088132
305,4.33,7.9586289038822855
305,4.42,8.036808567736944
305,4.51,8.114132095638588
305,4.6,8.190436115574908
305,4.69,8.265477041471074
305,4.78,8.339357021673099
305,4.87,8.412176499880204
305,4.96,8.484034489346461
305,5.05,8.555028832693562
305,5.14,8.625256449094683
305,5.23,8.694813570409206
305,5.32,8.763795967691545
305,5.41,8.832299169361333
305,5.5,8.900418672203415
305,5.59,8.968250146262882
305,5.68,9.033787908873295
305,5.77,9.097057002043279
305,5.86,9.160025473266355
305,5.95,9.222694296172056
305,6.04,9.284997729266374
305,6.13,9.346874873524174
305,6.22,9.408269379655064
305,6.31,9.469129172796313
305,6.4,9.529406193529512
305,6.49,9.589056154195983
305,6.58,9.648038309557654
305,6.67,9.706315240916112
305,6.76,9.763936014508175
305,6.85,9.821329141675985
305,6.94,9.878036260670301
305,7.03,9.934470088154708
305,7.12,9.990191890017595
305,7.21,10.045599117455817
305,7.3,10.100271781430287
305,7.39,10.154592585630814
305,7.48,10.208211149779528
305,7.57,10.261677452832494
305,7.66,10.314761739625855
305,7.75,10.367128578252135
305,7.84,10.41930684851208
305,7.93,10.471076853798323
305,8.02,10.522117417595485
305,8.11,10.572937073734055
305,8.2,10.62332569506505
305,8.29,10.673536732742853
305,8.38,10.723119476480584
305,8.47,10.77245503902
305,8.56,10.821342344847185
305,8.65,10.870025332702106
305,8.74,10.91807192627914
305,8.83,10.965848580130043
305,8.92,11.013295100905783
305,9.01,11.06056169268063
305,9.1,11.107602573817658
305,9.19,11.154003442682871
305,9.28,11.20011657238163
305,9.37,11.245884639715412
305,9.46,11.291452289230815
305,9.55,11.336776005923056
305,9.64,11.38177948962486
305,9.73,11.426430669105883
305,9.82,11.470780741510843
305,9.91,11.514775046277705
305,10.0,11.558552801413404
306,1.0,3.4675501321248934
306,1.09,3.680988835428999
306,1.18,3.8823249890345153
306,1.27,4.072733662552092
306,1.36,4.25389292560668
306,1.45,4.427107927237221
306,1.54,4.592918835737567
306,1.63,4.75165917250405
306,1.72,4.904392786431973
306,1.81,5.051942857996297
306,1.9,5.194444214704202
306,1.99,5.3318978065225595
306,2.08,5.46512752455273
306,2.17,5.59475486139331
306,2.26,5.720722334593761
306,2.35,5.842863386332558
306,2.44,5.961893222073908
306,2.53,6.078336234294568
306,2.62,6.192026040368712
306,2.71,6.3026963392981665
306,2.8,6.4110108083018345
306,2.89,6.516688360268926
306,2.98,6.619831793837773
306,3.07,6.721089262916688
306,3.16,6.820129158834824
306,3.25,6.917023557259307
306,3.34,7.012415939595628
306,3.43,7.105932124335223
306,3.52,7.19762101259502
306,3.61,7.288129002059508
306,3.7,7.377044452295689
306,3.79,7.464398240917148
306,3.88,7.5500900466354395
306,3.97,7.634418953056
306,4.06,7.7172675347282285
306,4.15,7.79893534272359
306,4.24,7.879288908164902
306,4.33,7.958629879959055
306,4.42,8.036809543813716
306,4.51,8.11413307171536
306,4.6,8.190437091651676
306,4.69,8.265478017547846
306,4.78,8.339357997749868
306,4.87,8.412177475956975
306,4.96,8.484035465423233
306,5.05,8.55502980877033
306,5.14,8.625257425171455
306,5.23,8.694814546485974
306,5.32,8.763796943768316
306,5.41,8.832300145438102
306,5.5,8.900419648280185
306,5.59,8.968251122339652
306,5.68,9.033788885607624
306,5.77,9.097057978800136
306,5.86,9.160026450023212
306,5.95,9.222695272928915
306,6.04,9.28499870602323
306,6.13,9.34687585028103
306,6.22,9.408270356411922
306,6.31,9.46913014955317
306,6.4,9.52940717028637
306,6.49,9.589057130952844
306,6.58,9.64803928631451
306,6.67,9.706316217672967
306,6.76,9.76393699126503
306,6.85,9.82133011843284
306,6.94,9.878037237427156
306,7.03,9.93447106491157
306,7.12,9.990192866774457
306,7.21,10.045600094212672
306,7.3,10.100272758187145
306,7.39,10.154593562387673
306,7.48,10.208212126536386
306,7.57,10.26167842958935
306,7.66,10.314762716382715
306,7.75,10.367129555008995
306,7.84,10.41930782526894
306,7.93,10.471077830555176
306,8.02,10.52211839435234
306,8.11,10.57293805049091
306,8.2,10.623326671821909
306,8.29,10.673537709499712
306,8.38,10.72312045323744
306,8.47,10.772456015776857
306,8.56,10.821343321604044
306,8.65,10.870026309458966
306,8.74,10.918072903035998
306,8.83,10.965849556886903
306,8.92,11.013296077662643
306,9.01,11.060562669437486
306,9.1,11.107603550574513
306,9.19,11.154004419439726
306,9.28,11.200117549138485
306,9.37,11.245885616472266
306,9.46,11.29145326598767
306,9.55,11.336776982679915
306,9.64,11.381780466381718
306,9.73,11.426431645862746
306,9.82,11.470781718267704
306,9.91,11.514776023034566
306,10.0,11.558553778170264
